z_B0,z_M0,z_delta,z_r,z_K,theta_B0,theta_M0,theta_delta,theta_r,theta_K,F_0.010000,F_0.014000,F_0.018000,F_0.022000,F_0.026000,F_0.030000,F_0.034000,F_0.038000,F_0.042000,F_0.046000,F_0.050000
13.411663250092664,12.715286199655619,-3.6712942021174935,-3.050917742377523,15.947277662098212,667746.0730542318,332796.40968192206,0.025443519572151217,0.047315481037225895,8.429749903483003e6,-0.0036328044538261445,-0.0010949203077402004,-0.00010396070153770061,-9.450436615095048e-5,-0.0007515953266269027,-0.0018809753328816604,-0.003355332041647898,-0.0050878771132326795,-0.007017862483881051,-0.00910195832015334,-0.0113087686594159
14.705002424374056,11.523887441403666,-2.190442393531286,-1.204903759709027,15.309285137140725,2.4338925944392052e6,101102.22790409232,0.11186724832181061,0.29972084334642896,4.453875335804699e6,-0.012260776364279606,-0.005787002158747555,-0.0015174858096298305,0.0011818810820296913,0.0027137631559085206,0.0033673074312790315,0.0033534588264289168,0.002826066094489452,0.0018980015315965884,0.0006529907400927757,-0.0008461218291458079
14.44329147322213,11.185900396610313,-3.376830417510866,-1.5063251326905425,16.728589673758865,1.8734486218522117e6,72106.56668663783,0.034155542156436035,0.22172328630054502,1.841340838478952e7,-0.017853984827136276,-0.008880326326488181,-0.0024570783699329937,0.0020284694884112474,0.004994381906102823,0.006789917393534894,0.007691724832709524,0.007906849499325085,0.007587411242029515,0.006845791259839112,0.0057663505158295205
13.238399030127162,11.85468779722093,-2.6391900454045976,-3.8527899771124665,16.794804335910595,561517.9553537825,140742.57580488356,0.07141909235835799,0.021220449204225462,1.9673917582948737e7,-0.005636690338830988,-0.0021802847704085002,-0.00043301720656253526,0.00020691075434932057,8.242576873209503e-5,-0.000590640153319828,-0.0016687152848755748,-0.003052816091195565,-0.004672947824131227,-0.006478641284614545,-0.008432886394695548
12.362249548577166,12.003435246420777,-2.7353463136004104,-3.041935604354918,15.889506576723306,233806.5980593409,163314.85566226128,0.06487153731764492,0.04774238962423166,7.9565542164992085e6,-0.0039773026258130275,-0.0012983621720939998,-0.00017323963800277659,-2.264935944889953e-5,-0.0005271788625103984,-0.0014922214306328984,-0.0027917884019504112,-0.004340856280995907,-0.006080227100408163,-0.007967591993441462,-0.009971960492942526
14.07387448718,10.632600896407878,-3.6745003729522883,-2.1051539204927807,15.348887096492108,1.2948099520597935e6,41464.83080334872,0.025362073935844897,0.12182692116613411,4.633796629869522e6,-0.014730166473633092,-0.007121330648811136,-0.0019141640235698784,0.0015331228689381318,0.0036474335710205336,0.004755074803191657,0.005102310062588819,0.004871085720498842,0.0041955299992586575,0.0031755464520319986,0.0018866136698969201
13.116588540654627,12.75741594793824,-2.9574942083898503,-2.515148164929161,14.438755899297039,497120.9027845361,347116.57306291687,0.05194892740186725,0.08085093204658653,1.8649706977921743e6,-0.0030869456541930723,-0.000807549622070442,-1.952007337029629e-5,-0.00016941834134940906,-0.0009525213207926547,-0.0021829556774804596,-0.0037401441434062326,-0.005542641253434086,-0.007533851989955721,-0.009673569611097145,-0.011932643401800058
13.720139758546601,10.068173851198745,-3.3550248537401535,-1.7540705205279297,16.7940080098995,909035.8020218032,23580.463990757078,0.034908502537122826,0.17306803073720267,1.9658256966942817e7,-0.021476939502994067,-0.010884635068287822,-0.003065727206875946,0.0025736264948866194,0.00644926930145436,0.008952392801969822,0.010409842132937266,0.011069114395173649,0.011111783620730975,0.010671549364480093,0.009848632841121502
13.4863213513065,11.444879836587276,-3.658873416038279,-3.567049775351836,17.031474723803747,719506.8683775817,93421.78457550747,0.02576151889836846,0.02823904242622381,2.4927314393483948e7,-0.007960370654224145,-0.003409276466226174,-0.0007948423936274283,0.0005280002604113894,0.0009435591101208038,0.000703790418374085,-1.8620370612751576e-5,-0.00110194513344536,-0.0024585647251764127,-0.004024421023041641,-0.0057521411315542195
14.855128018004518,11.51431140950268,-2.235938565826638,-3.653363010253449,14.861378851176887,2.8281349327716646e6,100138.69053974256,0.10689175780656973,0.02590386715927708,2.8458684994670455e6,-0.010739783275662978,-0.004952197211202122,-0.0012651674382328484,0.000954492777315815,0.002099291870835134,0.0024417808060550133,0.0021767343539953322,0.0014449039338626083,0.000349154535127511,-0.0010344275893841982,-0.002648954141361896
14.930604990596116,12.068228857205382,-4.162064923071955,-1.4651627158198237,16.39609444176468,3.0498561715295482e6,174246.95563211484,0.015575362765235672,0.2310403944913989,1.3204846004865516e7,-0.013929109371271741,-0.006705409306823067,-0.0017941147467424483,0.001428650298973217,0.0033706691770919324,0.004338978771083194,0.004563955319369171,0.004215493500973117,0.0034186438591930334,0.0022663498378464315,0.0008287042932259201
14.28577658055606,12.205509141986449,-3.375741072460872,-1.5753179336545453,16.42772679038004,1.6004198844387135e6,199887.33103891576,0.034192769600298455,0.20694174847465047,1.3629222930972658e7,-0.01351612476461546,-0.006458322634467858,-0.0017120339992434453,0.001347266381355529,0.0031293316638037337,0.003941874201613935,0.004015510085595974,0.0035205415083213814,0.0025826209692133032,0.0012953262197498156,-0.0002707398848755983
14.053959656324329,12.221886788280997,-1.81799896011564,-1.4758249566769535,15.638961524599981,1.269279096004508e6,203187.96961455068,0.16235029552883815,0.22859007233348275,6.193194120644207e6,-0.011268850041437663,-0.0052292354698348685,-0.0013435461654591175,0.0010193702873204046,0.002257052844357926,0.00265046123556439,0.0024024823624519613,0.0016604246349858185,0.000532169947359705,-0.0009023521665562485,-0.002583229009848135
12.661810705336954,13.002213026772075,-2.1911729819594754,-2.23880955886993,14.775089145800425,315467.42453168397,443393.5488463966,0.11178554925252455,0.10658531242529291,2.6105961046316177e6,-0.002578783432867158,-0.000507155226152058,7.685303353512012e-5,-0.00026135322515194985,-0.0012153999064646206,-0.0026020583080218567,-0.004304726216401691,-0.0062458748664012565,-0.008372162042537311,-0.010645780805082695,-0.013039166821083286
14.000269930940709,11.975073398408089,-2.5391348522310646,-3.9453816441976963,14.197779611657355,1.2029289480869495e6,158748.0127248764,0.07893466040399882,0.019343832499327005,1.4656063588936385e6,-0.006661232572348627,-0.002739201692212314,-0.0006007538811987958,0.0003569803200271879,0.00048391339204605213,5.211364364357178e-6,-0.0009263819258892468,-0.0022038169592880305,-0.003750345902417237,-0.005510018718350661,-0.007441503232683282
13.326478276918689,12.654326558657358,-1.482340148530247,-1.3033523919707672,15.289596853203005,613219.5313067725,313115.23310600227,0.22710560520157133,0.2716196893580119,4.367043760770341e6,-0.009402677495680386,-0.004202108923199631,-0.0010319025259453473,0.0007369954702281543,0.0014889544253653677,0.001484960779046528,0.0009086194260476801,-0.00010854681911197378,-0.0014708948401738762,-0.003107902476570511,-0.004966913589666656
12.98624936129056,12.968431453182538,-3.382045161065104,-2.5244804184009606,14.699960777504423,436371.56001847493,428665.19122895115,0.033977893362161615,0.08009992042123924,2.4216526481293677e6,-0.0019610446933688093,-0.0002154714218630915,0.00015478864766881755,-0.000324508275912503,-0.0013692798803749348,-0.0028088200031360956,-0.004533721685054086,-0.0064708635452876105,-0.008569924490665686,-0.010795456059717302,-0.013121919316914355
13.130482110463625,12.037184620922073,-4.026875796743872,-1.1961074603136272,15.128625005138034,504075.8896716605,168920.69457921668,0.0178299474080537,0.3023689071260108,3.7177343876654855e6,-0.010121784918154082,-0.004605034427787447,-0.0011572781545217147,0.0008541354124447785,0.0018186923176356014,0.002004002541794177,0.001600216502036182,0.0007447300784224386,-0.0004616232160609074,-0.0019437333282522498,-0.003644967501853621
12.922724952466194,12.724590928551244,-3.568632044068586,-4.096132470386424,16.00485467218327,409513.41961306724,335907.44125861645,0.0281943960034355,0.016636894819856033,8.92935455694897e6,-0.0012852880361179867,9.382076295324891e-5,0.00023397962493370636,-0.0003853152708397685,-0.0015080912333881793,-0.002981261319440839,-0.004706804575111169,-0.0066191319351419885,-0.008672966801537821,-0.010836240870763418,-0.013085656518181561
12.651039325621193,11.751375560184528,-4.539721573054753,-3.467774517329811,15.948799873984234,312087.6402615215,126928.03612913928,0.010676378731252984,0.03118635818853666,8.442591540348765e6,-0.004361951240843268,-0.0015212478905608654,-0.0002450701829324511,4.7364953244587787e-5,-0.0003197847769945808,-0.001145706347826642,-0.002297989775862864,-0.0036856897652724012,-0.005244550413104315,-0.006928196219079188,-0.008702529511247519
13.178419929400832,12.091371430578915,-3.0920276078992854,-1.7034886540773133,15.989618719559715,528828.7473441609,178326.5021149585,0.04540978775292959,0.18204731483389233,8.794338494933452e6,-0.011948835703450284,-0.005522551031803024,-0.001404836937185062,0.0010490243091595094,0.002270136052649661,0.0025767217461954684,0.002202497252949951,0.001317266003482111,4.441620933927366e-5,-0.0015257853731350853,-0.0033267862915015807
13.94739256088754,12.410395002389873,-3.9465882909989336,-1.4223070381444591,14.378369174247174,1.1409736797650144e6,245338.70455991992,0.019320505402331857,0.24115701619798366,1.7556841610061182e6,-0.0061875318744922594,-0.0024805674902507423,-0.0005213896699190223,0.0002832456320970716,0.0002767687741596171,-0.0003201709889140111,-0.0013577593801436109,-0.0027306629478229777,-0.004363022057222983,-0.006199295327103964,-0.008198356830500627
14.403363428025767,12.576125560398552,-2.9868857569578893,-3.140516492417128,15.240782381868856,1.80011917323177e6,289562.2446753516,0.05044428813345108,0.04326044843721883,4.1589882015318293e6,-0.006725025331414626,-0.0027537586497106115,-0.0005979671792556342,0.00034739889160549284,0.00043765167800295933,-9.674730960598362e-5,-0.0010987885407748228,-0.0024581364648162936,-0.004095495352189126,-0.005952924078001647,-0.007987557347093414
12.892330962600724,10.236877961756196,-3.087287525997975,-2.436446351436447,15.864745949245668,397253.9241350314,27913.841663520918,0.04562554481509658,0.08747114150091348,7.761963971477397e6,-0.015013757141417299,-0.007186221146694509,-0.001905991872423064,0.0015035200653226255,0.0035192224777829545,0.004508081857766998,0.004741733048513783,0.004416088619197003,0.0036722284468055835,0.0026128049493970595,0.0013134521721164228
12.591301586695586,10.913115987188633,-1.447977711721359,-2.625548310953659,14.524374585117794,293990.1630347531,54891.62068656324,0.2350451368165999,0.07240004840932103,2.031682011676205e6,-0.01106098923249712,-0.005064863246777006,-0.0012852728726659047,0.0009646905423747651,0.0021159868251811437,0.0024629600324065927,0.002210370125952437,0.0015020464493593127,0.0004402946478658518,-0.0009009954328483916,-0.0024675464678274727
13.205536100348226,12.635673629593226,-2.4871395981158018,-3.5140437769066377,15.017993907254276,543364.7477282645,307328.85113143217,0.0831474619038958,0.029776262094734298,3.328372178839009e6,-0.0029499430799066508,-0.000756296731544129,-9.465155433945654e-6,-0.00017475954750326543,-0.0009593597394843506,-0.0021850353201211276,-0.00373617949355675,-0.0055345718221835065,-0.0075256458329452615,-0.009670379806211587,-0.011940216736808206
14.919464985566062,11.365674428337309,-1.4013747556045986,-2.228939901344203,16.692256195846568,3.0160693008037074e6,86307.72862028635,0.24625818630493426,0.10764248132211557,1.775639331592306e7,-0.01660553071518263,-0.008154590556011804,-0.002222687446328513,0.0018034606536454936,0.004350659304842689,0.0057694038425290875,0.006333209533265764,0.006245169394489863,0.005653660703138576,0.004667530752056839,0.0033676029688163704
13.627055190551385,12.203650916636322,-1.4320199430548555,-1.5527501511216095,16.96311105466874,828237.468994685,199516.2402251702,0.2388260197302861,0.21166506173902638,2.3280136743425418e7,-0.015852330435950114,-0.00773418343907014,-0.00209336654547244,0.0016840341437728966,0.004014839747070778,0.005233864712121807,0.00560255404094209,0.0053177956488792,0.004526153694977732,0.0033371285899360804,0.0018332727689907506
14.159138333462838,10.515267590312021,-3.329656525693789,-3.9475019836824607,14.851796475277418,1.4100536812848134e6,36874.20707322789,0.03580540119116592,0.01930286046015853,2.818728557975153e6,-0.012179984982970394,-0.005723405127067037,-0.001495453108169835,0.0011619618263919273,0.002665764251389985,0.003312211297060118,0.0033158386177610977,0.0028327610874744873,0.001977662300114322,0.0008358413202663147,-0.0005285274649017916
14.450630521545756,12.5984982246096,-3.1874199864491644,-2.883655230175313,16.050777956360164,1.8872485289720201e6,296113.5351942954,0.04127823207158624,0.05592995189872888,9.34898142062653e6,-0.007816324267871842,-0.003317401847081522,-0.0007592567515021883,0.0004861606747444268,0.0007979532773758817,0.000427034303765841,-0.00045398256467220615,-0.0017234039006652588,-0.0032937231821807663,-0.005101005230525833,-0.007097963342278555
13.466135875243294,10.843408971253432,-4.528166072358485,-1.6383056478099722,16.04666452962786,705128.8811604235,51195.60519218998,0.010800465192948,0.19430899139949404,9.310604055883108e6,-0.016591508842950475,-0.008159263966672612,-0.0022311029128603155,0.001819045195568832,0.004415375358020609,0.005899344813198953,0.0065365759532817055,0.006525571870485845,0.0060130957475005185,0.005108561335844041,0.003894857337385138
12.74477441185215,10.545531289539584,-2.0550903335072057,-2.015844628197168,15.06132997800138,342756.1059494431,38007.21501644708,0.12808126502505854,0.1332078447357967,3.475781757967139e6,-0.014532831409074071,-0.00698127223534809,-0.0018635871873511364,0.001481770759338586,0.0034973515959293004,0.004517456576185579,0.004791265774477335,0.0045009242882312825,0.0037790913057971286,0.0027229509844801754,0.0014043002728658617
13.512657793721344,10.164936057419979,-2.5583852084209906,-2.6258929968210367,14.853032408662136,738707.852573812,25976.20114950124,0.07742967232951681,0.07237509743620782,2.8222144724377063e6,-0.013965143566360829,-0.0066764540333485375,-0.001775139403448129,0.0014067342908485817,0.0033097145135452203,0.004259957928232213,0.00449777128324743,0.004198104804607348,0.003488464028118742,0.002462588100760431,0.0011900892579085342
13.423584191454834,10.50518561463455,-2.8595724645921266,-2.5737843061885624,15.162933288637156,675753.8702449647,36504.30999428123,0.05729324992297068,0.07624645882681805,3.8474967063181945e6,-0.013246920430911389,-0.006265450999838922,-0.0016449825426651096,0.00128399409451345,0.0029637715712489167,0.0037183758194287734,0.0037843974870647927,0.0033331915548716075,0.002489330533404626,0.0013442977423113506,-3.400834641815358e-5
14.10930428798691,10.864762558025552,-3.921886258915932,-0.9863886532972215,15.38715977333267,1.3415071624742162e6,52300.57049007515,0.01980370457736091,0.37292100921851074,4.814581932270294e6,-0.014549505033009318,-0.007047579376849987,-0.001900365657807647,0.001528639853156166,0.0036562311359426007,0.0047975679020161675,0.005189653861196433,0.00500749834937815,0.004380163516322961,0.003403872656021543,0.002151476044268197
13.963278240952038,12.28426606564192,-2.839699656373196,-1.825997699176746,15.376975829550814,1.1592435530789662e6,216266.3579519922,0.05844321637636027,0.16105687763058915,4.765799321834025e6,-0.009538211433562729,-0.004258173968909968,-0.0010429110371047772,0.0007417840721925602,0.0014896187454741987,0.0014707560831116013,0.0008760350266712288,-0.00015776360455432227,-0.0015312586108166566,-0.0031713064573223658,-0.00502350227041949
14.092420234215869,11.752585100795704,-3.4353537948771162,-2.8902660096606976,15.746287198325742,1.3190472243645245e6,127081.65362810776,0.032214011063466386,0.05556143076816716,6.894862991617463e6,-0.009768201461799637,-0.004372611369501779,-0.0010759467259723837,0.0007719752198280288,0.0015766797213134164,0.0016157200043497844,0.001084110257369482,0.00012093578428305321,-0.001173108194494147,-0.002724091573439709,-0.0044771338565526685
12.458866013773184,12.665711726112972,-4.061322825688592,-1.8120034184257752,15.211031863495814,257523.43734852373,316700.47301911586,0.017226216754856683,0.16332659729847154,4.037078575563072e6,-0.005107034770041044,-0.0017655085550758556,-0.00027646219378817544,4.191877609925883e-5,-0.00041867751938936583,-0.0014159144391294334,-0.002792756979796916,-0.004443960250886735,-0.00629722059299181,-0.00830193217059533,-0.010422110417014251
13.707985835159722,10.237825253831662,-3.319365347344315,-3.516841230494558,16.797549067760226,898054.3197549225,27940.29675289453,0.03617578352716115,0.02969308078567458,1.972799138624343e7,-0.013175422364356123,-0.0062354862902372936,-0.001640193176242518,0.0012844300262497713,0.002979228832314095,0.003764464473291107,0.0038732946365502285,0.003474795548200073,0.002692377893079362,0.0016172171718105215,0.000317491593181962
13.857576149600092,10.680692785446409,-4.085678359954448,-2.714602489188435,15.38428174895567,1.0429628861490622e6,43507.68140220543,0.016811731041838987,0.06623127542304856,4.800745368638589e6,-0.013150281309325457,-0.0062220323073461994,-0.001633774462961816,0.0012747274965837258,0.0029388957735634854,0.0036786267508481154,0.0037285089234393087,0.0032593469092317227,0.0023961958548537705,0.001231791121241538,-0.00016417530908241035
13.028382672924693,11.61812490741688,-3.564054508221124,-3.72003296582868,14.29228585505707,455150.1633949003,111093.21552893531,0.028323752703427938,0.02423316896602682,1.6108714358888443e6,-0.005412681196593223,-0.0020755935077364164,-0.00040731918943788384,0.00018963159712897702,5.382732470090821e-5,-0.0006020943275233609,-0.0016364794569754628,-0.002951299396614594,-0.004476908851280951,-0.006162859165103534,-0.007972010495412178
12.689301780385767,12.742550302024995,-2.8848868500743494,-2.8479625414950185,15.855919556839352,324260.2718213402,341994.6258474713,0.05586110985933321,0.05796229642269943,7.693755292720565e6,-0.002013800739725247,-0.00025462344372280355,0.000139520525279699,-0.0003074009839279246,-0.0013135964058558838,-0.0027105293843746325,-0.004390614014965412,-0.0062821015434492275,-0.008335571502475856,-0.010516042815911173,-0.01279809179066598
14.650356750588,10.295638689270834,-2.0581524865607514,-3.141210297830793,14.78186397234436,2.304459578146204e6,29603.228025180204,0.1276896604708,0.04323044451354142,2.6283424868701817e6,-0.014283833646887628,-0.006891928807309633,-0.0018517983360809673,0.0014847362422676768,0.0035397948080607817,0.004628340850786474,0.004985079672563852,0.004782349133584017,0.004146505270277461,0.0031708972494820086,0.0019251905992169604
13.773617762944543,11.43311227214375,-1.7014140850335946,-3.6537167117338623,14.330651713979753,958972.581698689,92328.8807250098,0.18242537657974311,0.025894706543271636,1.673874762614221e6,-0.008489214283405795,-0.0037169970560167803,-0.0008922237842636611,0.0006187769013396448,0.0011935382499963696,0.0010805974954662737,0.00045059531306894217,-0.0005764197326377621,-0.001914387018986837,-0.003500585818707682,-0.0052885888583340404
14.848951609394975,12.89979571053192,-1.586449084291178,-3.983345787828315,16.77594835804595,2.810721048814082e6,400230.420118033,0.20465102156470844,0.018623225622819265,1.930642225879407e7,-0.007035835048324113,-0.002924810086557233,-0.0006493302222310094,0.00039304502146340214,0.00055799042560466,7.742813739058893e-5,-0.000890203396396501,-0.0022334921573983453,-0.0038723527876290582,-0.005748164512396406,-0.007817332469945508
13.407684148486767,11.473689363714099,-4.276648815530636,-2.941253170277414,15.4956032847989,665094.3228731303,96152.36653995657,0.013889129217154525,0.05279952047218192,5.366053525211137e6,-0.008515490604437154,-0.0036889323458116612,-0.0008724535903778798,0.0005925357886181633,0.0011052657969290278,0.0009306116595847676,0.0002511178481270146,-0.0008042584499527625,-0.0021425880911892905,-0.003695860900104881,-0.0054137434808946994
13.77351491147488,12.43590383395695,-2.809013720577142,-4.128550876284792,16.830768883062593,958873.9550313308,251677.51232282264,0.06026440062926849,0.01610620179855641,2.0394358634830587e7,-0.004883766055097893,-0.0017783388954152703,-0.00031126880317274485,9.430938555270255e-5,-0.00023472152521769856,-0.0010931437387747631,-0.0023444040570778485,-0.0038941757550026487,-0.005675607097036903,-0.007640426476163638,-0.009753241418547031
13.803821863072232,10.998162685298304,-4.402019199445026,-3.8512438715841943,15.247716331602867,988379.3525155861,59764.235071836774,0.012252574516691367,0.021253283634258695,4.187926629522409e6,-0.009777694828493699,-0.004404790103786143,-0.0010964197721435236,0.0008015419998777882,0.0016892761455417952,0.0018380324234997067,0.0014384943978649396,0.0006275572015286085,-0.0004947246794027813,-0.0018541041833499538,-0.0033948485228328736
12.686039480313102,10.089510751306559,-4.121532373015079,-2.4032537855301346,14.720770214306372,323204.16112466337,24089.004036345046,0.016219640849054525,0.09042325622619542,2.472573859196315e6,-0.01317324767571957,-0.00621510574916495,-0.0016294855831969607,0.001271955710480374,0.0029414532404028167,0.003706934224961314,0.0038065972835812983,0.0034130375822196885,0.002652302255819992,0.0016176412550981383,0.00037890826008775435
14.303027430110749,11.937914929446686,-2.544880264221403,-3.063866063181201,16.079445382284554,1.6282679982899197e6,152957.4304712392,0.07848244857524157,0.046706774378891903,9.620871223210672e6,-0.009664024189931258,-0.004320357092590933,-0.0010610637893807711,0.0007588753812793248,0.0015407786281618568,0.0015588072325724825,0.001005281766400624,1.708382828979056e-5,-0.0013069633969783093,-0.0028945415683306365,-0.004692129212472998
14.361929080578399,10.84108232291129,-1.7434435160679564,-3.5308161521095487,15.27494613284351,1.7270565143220972e6,51076.62948323352,0.17491703274691384,0.029281008355545767,4.303529822376462e6,-0.012597054954630893,-0.0059483502309207155,-0.0015605982348918487,0.0012170540020123837,0.002802687538608469,0.003497290638371757,0.003519563502850657,0.0030278791046103514,0.002137364218691657,0.0009324594103901614,-0.0005242679595523989
12.703258485986911,12.944665973344101,-4.550748986807972,-2.638457348733411,15.440810884489808,328817.6056802534,418597.85859441437,0.010559292650433847,0.07147144006474136,5.079944450174252e6,-0.0011152387598552067,0.00021050109770238195,0.00027437067751711925,-0.0004252545854413254,-0.001623079102120554,-0.0031613585990659856,-0.004939835763451523,-0.006892016215453275,-0.008972469625127242,-0.01114938651468385,-0.013399929545544819
12.381865755659316,11.65020437023897,-3.472869673526835,-2.635991545623734,17.004656492901915,238438.27616263242,114714.8049542329,0.03102786294424883,0.071647892022394,2.4267692401593424e7,-0.006374923981025866,-0.0025194320522565787,-0.0005224248014946614,0.000280790082194994,0.00027498793353072936,-0.00029734112616184547,-0.001275823620662601,-0.002550785072306749,-0.004045326823989092,-0.005704466459122382,-0.007488219338400778
14.285842174105328,12.348834276865377,-2.1302823150542882,-3.1598452241604233,15.219076472810848,1.600524865102242e6,230690.9642816583,0.11880374903067112,0.042432308068399205,4.0696862777374587e6,-0.00737360516089846,-0.003100983689274672,-0.0007015977663618606,0.00044064075351965456,0.000690951622595164,0.0002880940277081698,-0.0006046752533692544,-0.001872606955893541,-0.003433371072427677,-0.00522692697798967,-0.007208890966111904
15.308620305092397,13.07823882030304,-3.2950804256061206,-2.4908019260075616,16.599379894636222,4.450915240834232e6,478417.3847425233,0.037065063947088875,0.08284350556865648,1.6181511687786771e7,-0.009683737706266321,-0.004333386519646943,-0.0010628257001839446,0.0007565049364779405,0.0015194382816255863,0.001498850342304507,0.0008876270575968595,-0.0001763582097030062,-0.0015932294249357938,-0.00328954815830909,-0.005210551859614225
15.25986905176878,10.649836527986151,-2.8321194243280363,-2.4392025483226387,15.537463856052678,4.239131841028961e6,42185.697804157615,0.05888791283980002,0.08723038575061254,5.595447373520598e6,-0.015568924300280985,-0.007608381027856874,-0.00206929270491301,0.0016792706744412347,0.0040574297631160725,0.005392754185661281,0.005935610206425916,0.005871676219327421,0.005337685670314466,0.004435191863760735,0.0032407160067793156
13.633957316042878,11.750881130503808,-2.7115195657094606,-3.9371875308650943,15.305052361588766,833973.8417516957,126865.29465266387,0.06643577644562278,0.019502989238766377,4.435062923618553e6,-0.006874960569873155,-0.002842031794558366,-0.0006292118797800586,0.00038159604197762667,0.0005505888302525638,0.00010963678261027329,-0.0007842632742951268,-0.002021401832730411,-0.003523387919139581,-0.005233274657243391,-0.007109141213304464
13.248542498340644,12.116675540715299,-1.7532979095289924,-1.3593995330085504,15.363993238327586,567242.680082235,182896.4712229586,0.17320179666917576,0.25681493955826196,4.704326797135031e6,-0.011163533303220468,-0.0051679609755049104,-0.0013249184637373565,0.0010031140044443462,0.002215721841696997,0.00259334128286872,0.0023375731492092443,0.0015944856312645876,0.00047094700499166316,-0.0009539379753351727,-0.0026209578603251945
12.328222037489198,10.636835054458436,-4.275978607167312,-4.0437004692243885,16.77618984911456,225984.57811326577,41640.7716683678,0.013898440947766455,0.017532473847294543,1.9311085150336996e7,-0.0068424101469684,-0.002863111138198862,-0.0006533546051629479,0.0004241381890558245,0.0007340112590037282,0.0005072909840372873,-0.00010096839784289547,-0.0009826826251235908,-0.0020604302840396115,-0.0032775855764599353,-0.004592011990423672
14.414968776774355,11.673983179787095,-3.702756727530646,-2.2485134193876455,14.927119170812182,1.8211318780707747e6,117475.27674981984,0.02465546430179433,0.10555602552541492,3.039243430346494e6,-0.010077664477450832,-0.004577120351962654,-0.0011478865568423917,0.0008451307959106888,0.0017941397243505998,0.0019688785203490575,0.0015608403449188608,0.0007081077583150091,-0.0004882795517995444,-0.0019533466198417685,-0.0036308305978892995
14.117725225228938,11.718120185556632,-3.18824897782776,-2.5083502435412206,17.02287246855,1.352851608494927e6,122776.41126366488,0.041244026952908366,0.08140242269805165,2.4713802928970408e7,-0.01261390760705038,-0.005870995083490525,-0.0015070278856294703,0.001141101099763811,0.0025262963964230983,0.0029819429140269986,0.002749036213442258,0.0019997890314586574,0.000857850791055278,-0.0005868650713109048,-0.0022680986609868244
13.745687008234233,10.13507721438548,-2.046725373707962,-1.5892342776376376,15.894558896680744,932558.3555629323,25212.046988971317,0.12915715326542246,0.204081821934566,7.996854994646303e6,-0.018753919829084163,-0.009372743423735038,-0.0026071027838138624,0.0021654567994162177,0.005371664011197688,0.007373198078365735,0.008458158165416741,0.00884219437373359,0.008683546216320273,0.008098946065669983,0.007175840867094281
14.237269437858261,10.539265343169761,-1.5753370374350282,-2.823281737738223,15.896013535832772,1.5246408587937376e6,37769.80841077321,0.20693779514267677,0.05941065225861936,8.008495997691333e6,-0.01549033606111326,-0.007517753452667224,-0.0020263278280857437,0.001627092993448682,0.00388408911657371,0.005089739467874988,0.005504856619125634,0.0053202027559133246,0.004674131880736237,0.0036675630660658863,0.0023748761031363573
12.739520753467046,10.81347434003452,-4.466823515853797,-2.2918473843485536,16.862344680339763,340960.1043796698,49685.79418972389,0.011483735881022864,0.10107955647341474,2.104860153175749e7,-0.01372274495977289,-0.006406906791319064,-0.0016493594012352577,0.0012559117387417717,0.002813589749112515,0.003399367321661297,0.0032825461357691003,0.0026532445573900364,0.0016466143170664183,0.0003602472221965869,-0.0011342932491649968
12.425151146789284,9.911815501120817,-4.450584837859266,-2.8809037075859396,14.9020374078929,248985.8002691671,20167.2544482605,0.011671738899141098,0.056084056338498924,2.96396189059954e6,-0.011771211341639966,-0.005447008954474293,-0.0014021881105215836,0.001074675444148898,0.00243500717507703,0.0029914264117369776,0.002964666137280496,0.0025125267181029557,0.0017495316425312523,0.0007600694255302663,-0.0003928684324656953
14.988471975958626,10.620703025447263,-4.222456281258432,-2.8372110422179215,15.969427750416,3.2315484478951134e6,40974.41085893404,0.014662584804393275,0.05858884011740951,8.618552890512798e6,-0.016142041136836444,-0.007906072470693854,-0.0021523625242957966,0.0017468731535529925,0.004220300731364045,0.005610383559417593,0.006180968189503395,0.006127623382115699,0.0055939629036004445,0.004686436217983075,0.0034852723212799104
12.232780562909007,10.743980087120633,-3.39526431999011,-2.2181460952568317,16.659503118893724,205413.55406040448,46350.1629727559,0.03353168990475471,0.10881064652508582,1.7184237872936267e7,-0.013602390571171564,-0.006319474697490035,-0.0016187051438570723,0.0012266935211893823,0.002735214170836727,0.0032876622151814918,0.0031537038317477816,0.0025218297797185295,0.0015247377941900802,0.00025719497682412433,-0.0012121804827922933
13.648787503685437,10.750244696003838,-1.4751425170585,-1.0178130557816192,14.532189944660857,846433.9951530971,46641.440031272556,0.2287461244972614,0.3613844041348415,2.0476225464428496e6,-0.012757425591403339,-0.006054517772733545,-0.0015995052674081908,0.0012588314356641534,0.0029339007251159522,0.003721598356224216,0.0038367902834254303,0.003435282413434182,0.002630537660388042,0.0015059452820057498,0.00012346529858068195
13.036758948826291,13.079718284209147,-3.3789729425414796,-2.6755672171087923,16.889699490662824,458978.6385377639,479125.7098368097,0.03408244139050563,0.06886775434546673,2.1632329519261297e7,-0.0018164342695339065,-0.0001303824262140184,0.0001823009634965048,-0.00035111191252244057,-0.0014465145964109552,-0.0029337260621690804,-0.0047040146513447866,-0.006684925795536899,-0.00882673659550521,-0.01109450862997889,-0.013463123545143795
14.864007831518569,12.796268719391383,-1.7462139356329076,-1.7738802064325747,15.40782834732745,2.853360075094823e6,360868.43301028764,0.17443310982143698,0.16967334227651695,4.915127967446147e6,-0.008359664655531248,-0.0036474729696483817,-0.0008677766825149892,0.0005909323446299974,0.0010969765159893593,0.0008965204053820248,0.00016092576081516065,-0.0009877631112602003,-0.0024610364457708154,-0.004193686899857279,-0.006137014765609631
15.05369816724655,12.509085773739422,-3.203688673569339,-2.3305330695423994,16.117855369484655,3.449356214998589e6,270786.4478062711,0.040612122484913554,0.09724389551163067,9.997597473916164e6,-0.010722370159042385,-0.004912705938665727,-0.0012414697001461895,0.0009211363314029424,0.001974868644693511,0.002201476688328517,0.0018031341123412752,0.0009257222487168317,-0.0003244482175784496,-0.0018688792582465278,-0.003648855420884199
12.937042704179733,12.544731156745238,-2.1993810051524374,-2.4102880473329913,16.39965454924644,415418.9068443271,280612.82654573314,0.11087176617820547,0.0897894272418709,1.3251940456837282e7,-0.005563495022683609,-0.0020523670883733237,-0.0003713055602603424,0.000132653600310457,-0.00016485801184158504,-0.0010296037597329708,-0.0023085302024491144,-0.003898232563624392,-0.005726995816494461,-0.007743969863707961,-0.009912344775906003
13.74748100739792,12.43193683267037,-4.059544495352913,-2.346000975570976,16.0227704748936,934232.8660590072,250681.0850285534,0.017256877913434644,0.09575130942375473,9.09077276229136e6,-0.007964663736065265,-0.0033475604696138837,-0.0007551916746579464,0.0004728037346085539,0.0007411287671246751,0.00031770399284530273,-0.0006144783259033356,-0.001927619092131529,-0.0035307252092637233,-0.005357992053883273,-0.007361283747257099
14.455643832608287,12.792807901969375,-2.112602765055843,-1.242062091126412,15.7655960071848,1.8967336489625361e6,359621.6918663868,0.12092282279124576,0.2887880961510762,7.029288202125335e6,-0.009771917981678929,-0.004419085899457376,-0.0011010337580392288,0.0008020157883842188,0.0016709049015295138,0.0017668505697709489,0.0012750733558319941,0.0003289876477071288,-0.0009739057156356455,-0.0025613061054131935,-0.0043788849565417655
13.994636320497705,10.72424926437183,-3.127682465701312,-2.6832012617962797,16.629562411969847,1.1961711682253627e6,45444.59925952949,0.043819232241479704,0.06834401649390646,1.6677355713632517e7,-0.015183419419191477,-0.007309298939181107,-0.0019493176372937684,0.001545152274885745,0.0036317640428633557,0.004668929926685942,0.00492551876103114,0.004596925912318918,0.003824566399692851,0.002711884166593193,0.0013356538308541832
15.423971671250111,11.328732471655172,-3.693742901523051,-3.219208320512205,15.560542072923793,4.995118388823648e6,83177.52612702957,0.024878709000047655,0.03998670238506186,5.726081929818005e6,-0.013361601596427346,-0.006391661551300728,-0.0016998961630177035,0.001345506017169306,0.003153448535605164,0.0040262838553404914,0.004188492623171936,0.0038050638613926586,0.0029975129621846873,0.0018563518409859415,0.0004499591751510353
14.48889117041658,11.927762512119994,-2.2130916235411333,-3.47923986007985,15.127416392401502,1.9608550192915292e6,151412.398976847,0.10936201913508747,0.030830837878425808,3.713243800770402e6,-0.008949837870360475,-0.003963399715515768,-0.000963187235141785,0.0006786782150741142,0.0013428363250255406,0.001284958094992445,0.0006833856072304936,-0.00033488190185706275,-0.0016779035708053458,-0.003278179186693433,-0.0050855753163409735
13.356203568776365,11.199264177776882,-1.5936044610752456,-3.3100754561564045,16.260707579621275,631721.2835251827,73076.65062193951,0.20319189292928935,0.03651341848757455,1.1532821590635395e7,-0.009921647776302453,-0.004455347270868159,-0.001103557837437771,0.000801198213589026,0.0016706644166241224,0.001782224949581844,0.0013277738602542174,0.00044207243216792564,-0.000778842350517405,-0.00226547954135064,-0.003966761318820853
13.954628811331169,10.524242145757649,-2.824722132764263,-3.7907385019285815,15.904997197301658,1.1492599958323217e6,37206.626114522674,0.059325139051795935,0.022578921115713104,8.08076575206275e6,-0.01231956103265386,-0.005784264621364418,-0.0015090214810335582,0.001170147567013763,0.002678182447683044,0.003318066294191551,0.0033086746643498526,0.002808422064929636,0.0019328596234229989,0.0007672194030391716,-0.0006249619765901554
13.761730752748653,10.748015650836068,-2.0200309439262507,-2.0612236160154085,13.960145667650844,947640.7490803637,46537.58994102344,0.13265136026270344,0.12729811055147092,1.1556178195779389e6,-0.010513865414309074,-0.0048220843647758,-0.001227187612526336,0.0009237338802032255,0.0020301971289728446,0.0023642344481949965,0.002117256009390833,0.0014260028815140163,0.0003894204437684009,-0.0009200112832378409,-0.002448583950060548
14.306470083886015,11.065139712261319,-3.5333400559919386,-2.11239108259835,15.773526776301315,1.6338832213499069e6,63904.158229425215,0.029207199087806588,0.12094842274097573,7.085257510381909e6,-0.014613526707390087,-0.00705339131772478,-0.0018907531563960526,0.0015083339344270337,0.003568533787734323,0.0046163061572532995,0.004898487413023297,0.0045973060381748415,0.0038467776436451433,0.002746390068810702,0.0013710297393443784
12.693515180906713,10.69921637168615,-2.166394395887677,-1.5721943117934831,14.279362811066397,325629.39252101886,44321.110241649985,0.11459003926496962,0.20758916686286188,1.5901880077377767e6,-0.012099704383856491,-0.005681665826934746,-0.0014846224923117624,0.0011543907365529201,0.002651610326511703,0.0032995611944292885,0.0033083304372988676,0.002829705149049073,0.001974272168536303,0.0008234449522941489,-0.0005622334706530702
13.217768340777791,12.954568319429741,-2.0278564643869674,-1.314708592679037,15.922426152767322,550052.1334336831,422763.5504829471,0.13161734545764348,0.2685525700228082,8.222839561085084e6,-0.010242784546690262,-0.0046316649535569805,-0.0011502592276806845,0.0008319511044593702,0.0017112024394533754,0.0017655142677589965,0.0011953597388583933,0.0001468041604871039,-0.0012726953872044039,-0.0029833271868012308,-0.004925333457432827
12.802282783882463,12.208172883101557,-2.8831956828239704,-2.1596520815660933,14.734601645774767,363045.258261807,200420.48892302936,0.055955660266638424,0.11536525175426735,2.507010701489121e6,-0.006138185603068204,-0.00238661126729152,-0.0004775758072066253,0.00023339314526251226,0.0001219808789533787,-0.0005733210616507494,-0.0016940187669967541,-0.0031314822811298756,-0.004809546805550367,-0.0066738641935173175,-0.008685066185670649
14.70020636704237,11.661587199802185,-3.523978529958161,-3.111155797956752,16.352747461554483,2.4222474537203154e6,116028.04403618907,0.029481906878269133,0.04454943542626405,1.2644684175700514e7,-0.011828220698150805,-0.00550782129244435,-0.0014193243551109246,0.0010811204730152367,0.0024103770843730034,0.002867775483902534,0.0026699361006119527,0.0019735331374755483,0.0008927731014250453,-0.0004880157513011997,-0.002105761782016339
12.600389712945555,10.612938937456851,-3.682537301245505,-1.3537968249429517,15.616074485350657,296674.16053323157,40657.513728179925,0.025159057672601633,0.25825783698359484,6.053059988413524e6,-0.0162704368067463,-0.007990940012037435,-0.002185341508025344,0.0017848005198969478,0.004346123801987421,0.00583382639339344,0.006505041615487491,0.0065507479473002886,0.0061118114739325755,0.005293184510491938,0.004174387180444572
12.242202529991545,11.148800756866132,-1.7809914992507383,-1.072638375667332,16.172783417023112,207358.1001443458,69480.4541582749,0.16847102553616009,0.34210472488904775,1.0562107783373957e7,-0.017529409248249517,-0.008698416215901492,-0.002403753776522595,0.001984748826768827,0.004893593686570508,0.006669422636068598,0.00758235257545532,0.007833099797563208,0.007568646494706261,0.006897310569937614,0.005900135484646804
14.203326518395407,12.632288341042791,-3.9961809263843575,-1.2114655669407126,14.758523362146121,1.4737585294437222e6,306290.21332672716,0.01838572140192498,0.2977605714459031,2.567705771190345e6,-0.006753940087526781,-0.0027851367493036618,-0.0006116838833864063,0.0003631576324760463,0.0004883606094391307,-9.538506631953398e-6,-0.0009755807434299286,-0.0023002408124314965,-0.003904275911835548,-0.005729378999841676,-0.00773213800317647
12.830330283652916,10.447117684984862,-3.331232090857664,-3.0935914665044812,16.48004793200734,373371.9115049948,34444.95029443922,0.03574903186680339,0.04533882876496578,1.4361304096886024e7,-0.010870684096004725,-0.004954380275890571,-0.0012514317216222861,0.0009351266698707933,0.0020430140453570654,0.0023715747339190392,0.0021301107798587945,0.0014670042429234698,0.000489011908489873,-0.0007259574762400953,-0.002120345170917361
12.276368857459332,11.541649215724739,-3.967654841312657,-1.3609910974046282,15.887763397263528,214565.18360560233,102914.02559835739,0.018917746271187013,0.25640652713762563,7.942696596286921e6,-0.014273709279748095,-0.006871158882343515,-0.0018378863740558093,0.0014627701924958996,0.0034487682203478394,0.004435392527408943,0.00466005214641378,0.004299151314870386,0.003483973687656052,0.002313353090318138,0.0008627372290616222
14.667196400556975,12.508871161288273,-2.9679214180321316,-1.1548555814127988,16.93001558673253,2.343594454824453e6,270728.3398985327,0.05141005937254835,0.3151030403534729,2.25222797135678e7,-0.014415402244268452,-0.006978757484239118,-0.0018787409917764134,0.0015065868328029688,0.003585475731136833,0.004668471049535965,0.004989798908644372,0.004722290414694105,0.003992924524377282,0.0028958246027733815,0.0015017996981376203
14.14200141193956,13.08502917934776,-4.210823861718006,-3.3505733933535233,15.080608778595955,1.3860955724406738e6,481677.0652335791,0.014834142020650662,0.035064242731804626,3.543440758006814e6,-0.003811204316492763,-0.0012016097447016417,-0.0001367756852547713,-6.584198250516248e-5,-0.0006801377444811327,-0.0017875188147746706,-0.003260746054960339,-0.005012117101135674,-0.0069795409356751695,-0.009118243699667709,-0.011395480096663779
14.877188239487454,11.643085617772364,-1.6462556550758056,-2.986869781643655,15.808445420732376,2.8912174648302007e6,113901.07844870017,0.19277035768445602,0.050445094003242326,7.337035386702262e6,-0.012165942674927412,-0.005710400884071326,-0.0014858970893012013,0.001145627030219304,0.0025954600549830597,0.0031602446331776457,0.003055721649181972,0.0024382565028821337,0.0014216851429570767,8.971352303632494e-5,-0.00149541140639354
14.867168233012391,12.927008180664018,-3.802833828391228,-2.85003098997299,16.45100287484337,2.86239210343874e6,411271.2208839354,0.022307466668130282,0.057842528308672855,1.3950178681277815e7,-0.008127377037269696,-0.0034853112696408245,-0.0008085263874211521,0.0005288974950742039,0.0009081144684553892,0.0005835836346068609,-0.0002686944757355912,-0.0015242530638853958,-0.0030933692259439345,-0.004910286206300935,-0.0069261676836854524
12.383653499966224,12.772678452563206,-2.7984174809326507,-2.6789484368678984,15.840468769569629,238864.92408845972,352455.0772061187,0.06090637189433697,0.06863529056075264,7.57579435773769e6,-0.0015393229372356223,-8.58821048300051e-6,0.0002106128047302252,-0.00036930865179766624,-0.001476149385758187,-0.0029488737592766245,-0.004685610059558402,-0.006618870182510546,-0.008702331548884595,-0.010903199187449863,-0.013197540656303242
13.747560012361673,12.953199840862007,-2.97632230730909,-1.785891098964365,13.850108009137601,934306.6780084443,422185.4033061285,0.05097997821752912,0.1676476038133671,1.0352029051984956e6,-0.002748450728336008,-0.000656903228127727,1.943064783523226e-5,-0.0002011900265814739,-0.0010344419118018936,-0.002306280912814525,-0.003902965911292918,-0.00574696605931327,-0.007783897027396927,-0.009974784482906483,-0.012291163123351774
14.24621806696731,12.906246724450796,-3.253959772473743,-1.5464912577406333,15.990922434266032,1.5383455319286545e6,402820.6579763622,0.03862097437589142,0.21299400531269178,8.80581128035617e6,-0.009755129599821909,-0.00437883752749809,-0.0010782530834322053,0.0007712987980265424,0.0015598849112565872,0.0015580660169071123,0.0009587317864296548,-9.891934376707647e-5,-0.0015131824145002784,-0.0032087754814338633,-0.005129325570697777
14.735692668534153,11.291902568365265,-2.244921805844511,-2.1713233277201036,15.692228135408664,2.5097473998511047e6,80169.83239102238,0.10593582361195412,0.11402662243498582,6.5320287561231665e6,-0.013885487333058846,-0.00666471382451275,-0.001777314057565764,0.0014102692820261852,0.0033148569645030813,0.004249763890604767,0.004449203457536538,0.004085350329444853,0.003284561024763625,0.0021403777297906907,0.0007228823968895154
13.490376382341973,10.690016177194577,-3.212753402199371,-4.018675927291335,16.431090867040353,722430.4145883418,43915.21741682433,0.04024564812023957,0.017976751714653585,1.367514988932432e7,-0.010040123941089454,-0.004544247901765482,-0.001138810738193982,0.0008411678533314146,0.0018026413028557414,0.0020208712004379696,0.0016885854252639534,0.0009433544123287619,-0.00011501791650395189,-0.0014131101340901806,-0.002896297074834827
13.536555182577123,12.830111264019688,-3.7367252769105432,-1.498413783389843,16.696203302467286,756573.6642686145,373290.14468047617,0.023832018747703094,0.2234843737701802,1.782661819490957e7,-0.012173296150812323,-0.0056431816208817355,-0.0014364835781700452,0.001069423372280856,0.0022948058646466295,0.0025589378552198917,0.0021027770569209646,0.0011047709291390226,-0.0003040018550353232,-0.0020272161886162447,-0.003993800457571311
12.61386588455073,11.84728973778787,-3.6315686123775617,-1.6043234391453343,14.674825703572699,300699.2529340628,139705.19589485516,0.02647462339890392,0.2010255149066151,2.3615428267915784e6,-0.008910538866902927,-0.003908036211369335,-0.0009373800208427596,0.0006483527447768556,0.0012452575212277325,0.0011205389412202353,0.00046097313305599644,-0.0006002139259859178,-0.001966461537037721,-0.0035669004415121645,-0.005349055123178351
12.627920660625191,12.948943821755869,-2.2749110561067973,-4.122381925937199,16.358235585480415,304955.3528040131,420392.3924141358,0.10280605199915788,0.016205867257301443,1.2714270544108903e7,-0.0003424453669148898,0.0005934027382008613,0.0003841273396224849,-0.0005233929825700039,-0.0018961629920056706,-0.003597599357745348,-0.005541528150190385,-0.007670698839225707,-0.009945500438873768,-0.012337537066634183,-0.014825763937552063
13.006311321371038,11.89403142293272,-3.7289100790856162,-2.2605514261311144,16.539955854991963,445214.43494805094,146390.2709340703,0.024019000386337776,0.10429295903272762,1.5247953495437277e7,-0.009166308836159438,-0.003942438076351073,-0.000919913840811177,0.0006121079329147618,0.0011032500025979363,0.000854382821443011,7.034517167719281e-5,-0.0011070646691146247,-0.002577920921084406,-0.004270693691227259,-0.0061335605625365995
14.435650471471881,12.817920367590068,-2.751749978169955,-2.7646887617683245,15.104702236030176,1.8591881491849062e6,368767.02961997,0.06381608667516407,0.0629957029683538,3.62985128118113e6,-0.006144921135753188,-0.0024414913998748824,-0.0005041374206789341,0.00026230552404324424,0.00020435606916330013,-0.0004550991564968036,-0.0015651207683237316,-0.0030200740813522415,-0.004744265658944419,-0.006682499944864945,-0.008793978989339722
14.805748809111524,11.993213810314478,-1.685482215835195,-2.9392948946096844,16.916629896888132,2.691875738437975e6,161654.0456911851,0.1853550292717604,0.052903017793458684,2.2222812223655276e7,-0.012023494344400955,-0.005600313455184252,-0.001441898821598678,0.0010963498758585532,0.002437786861649734,0.002888656703474577,0.0026704182036165047,0.001942339207740163,0.0008195154510452907,-0.0006139600281912102,-0.002295888722117437
14.804507125112554,10.345474480946429,-2.820180277889105,-3.766166324152824,15.602030221361726,2.688535353686668e6,31115.908071640373,0.059595198043951525,0.02314060704105817,5.968643388038235e6,-0.015161702122504988,-0.007368143940917489,-0.001992414791688274,0.0016073100710318686,0.003858734678894052,0.005090824818882671,0.005552438465674623,0.005427243042490717,0.004850248597211833,0.003921625444882686,0.0027167018167642315
15.307457824707061,10.193835173994078,-3.3897141697811346,-2.6225511746438075,16.93416468095421,4.445744145400811e6,26737.842793081258,0.033718313235180625,0.07261736672687609,2.261592090290934e7,-0.020561727108297127,-0.010362193158989778,-0.0028987559265454717,0.002415126584178446,0.006003020131229049,0.008259623088292093,0.009510386608687997,0.00999924961854452,0.009903515800521774,0.009352543562843192,0.00844242827558801
14.153570755328895,11.938682346040558,-2.8147625249878203,-1.7043173372238938,15.060352022278174,1.4022249111089886e6,153074.85759353696,0.0599189463032031,0.1818965177823264,3.4723842588769393e6,-0.009936573827144154,-0.00450009482602929,-0.0011241393923493272,0.0008227972191608934,0.0017299785062229712,0.0018646414072562025,0.001416257994956259,0.0005212630269461073,-0.0007207078641221675,-0.0022359175823263256,-0.0039691955068301
13.552536343869287,10.117246442703992,-2.1260098079818395,-1.2739451584994232,16.781696571165188,768761.720272279,24766.48093386393,0.11931242477520236,0.2797258791180146,1.9417719261497423e7,-0.021764033332806968,-0.011062121930637119,-0.003127742023255416,0.002638831760443904,0.006654831982499878,0.009311646106887948,0.010934911016618438,0.011769484143896202,0.011993442665128291,0.011736657102731586,0.01109549971446628
13.320605261890266,10.425812927853363,-2.5749193237264505,-2.022073684714344,15.12717735644161,609628.6387880573,33718.87092957404,0.07615996685308665,0.13238066449327315,3.712356308049736e6,-0.014835822445766995,-0.007166397446702698,-0.0019248317481579459,0.0015409497154509405,0.0036658825542532675,0.004781545324461901,0.005137331182999832,0.004916900747598927,0.004255072280107898,0.003251591372455608,0.001981051062277091
12.61519662008294,11.159759704829712,-3.141505188875713,-3.412459896555304,15.362489077862175,301099.6704802894,70246.0743734565,0.04321769812207719,0.03296002232663569,4.697256053849794e6,-0.006759973921753294,-0.0027809337637090354,-0.0006152662563563806,0.00037597355875201995,0.0005610448142746899,0.00017359274094345506,-0.0006301937123597219,-0.001742264524497883,-0.0030859757471666392,-0.004605872880489367,-0.006261127468127723
12.68712410190668,10.873705912800734,-3.256679028100531,-1.327730409416474,17.02265008293755,323554.90551503823,52770.41088998152,0.03851609673319292,0.26507819808390587,2.4708307545839813e7,-0.020091497147177128,-0.010122742384555525,-0.002837437806261231,0.002373821587619178,0.005931998425483128,0.008209241429118407,0.009507608027883275,0.010053824371609787,0.01001387826174316,0.009509968106064618,0.008633733966769218
14.535944298960777,10.101421963943675,-1.9765906206391448,-1.1262217763093392,16.403955930650316,2.0553244958314102e6,24377.648928316536,0.13854077108094762,0.3242560568767418,1.3309064875964936e7,-0.020423947206126294,-0.010316730492471626,-0.0028995346660269945,0.0024324806095152906,0.006098186613251044,0.008474377590313227,0.009869402760997997,0.010514875031167898,0.010579837112654644,0.010188067721109518,0.009431703155864111
13.025246166707886,10.622253092943756,-2.266573414896454,-1.3930367296295656,15.890713977822772,453724.8185478245,41037.97321163609,0.1036667952729757,0.24832007756468052,7.96616677074467e6,-0.01740824946743279,-0.008624258662767077,-0.0023786341595661946,0.001959306133326355,0.004816372585875977,0.0065393504764577086,0.007398787217256717,0.007596250977579409,0.007279906191805944,0.006559441136586461,0.005517321397473743
13.24342755601323,11.220603873364475,-4.440984380185578,-2.2917194314740184,14.96445465844878,564348.6741342923,74652.84200924422,0.011784332544885454,0.10109249072069168,3.1548599352792893e6,-0.01045011696201213,-0.004730935923417232,-0.001181288391696585,0.0008659059954874213,0.0018320495597320954,0.0020088780432172882,0.0016027939387575289,0.000761637298543708,-0.00040719554021765165,-0.0018245989774490533,-0.0034316617443756075
12.341577894967743,11.109569797164474,-1.6843032754539022,-2.7771870281844984,14.484204500114597,229023.0414058895,66807.44444912262,0.18557368066379704,0.0622132656298703,1.9516866396742135e6,-0.009209407687251819,-0.004060488337097216,-0.0009857774503377434,0.0006981037342885691,0.0014034195865241597,0.0014001988108491906,0.000871248347524014,-5.6901649820520435e-5,-0.0012948844235051325,-0.002778316050597608,-0.0044598794544522015
13.981821617760334,12.17398952161701,-2.43713962833676,-2.977578517160744,15.398909855425666,1.180940387672516e6,193685.2158736133,0.08741052079496248,0.050915976874630405,4.871487332061347e6,-0.0075903253467558465,-0.0032030656657583197,-0.0007286178812584601,0.00046259555515900053,0.0007462562048143511,0.00036855821330876,-0.0005022394487099159,-0.0017480922695565213,-0.003284525598858562,-0.005050138398784704,-0.006999735535380984
13.14861892589942,9.934582985320109,-4.2920539557983055,-2.3409948608995625,16.71116158037998,513301.6309368725,20631.678922340558,0.013676804875522874,0.0962318532839196,1.8095278039049074e7,-0.018471878854760763,-0.009088330645298737,-0.002472374259882434,0.001998363078209746,0.004806464541251213,0.006373505847177266,0.007028569441363548,0.0070114499225164585,0.0064941882616579676,0.005601600227852726,0.004426063417053084
13.617390742222138,11.965621906761905,-1.6401001752123205,-2.0796243418002773,16.38119657090671,820271.565803354,157254.67545783255,0.19396061127223893,0.12497715207331032,1.3009580049416412e7,-0.012717628996119485,-0.005920257436456355,-0.0015182134895554997,0.0011467703991437587,0.0025279817013169415,0.00296283538410336,0.0026967388054988605,0.0019050633122593816,0.0007130317731250832,-0.0007892117723149909,-0.0025360799222193366
14.674146481536734,10.07157720372178,-3.495775299447504,-3.295088485578752,15.719025242817501,2.3599393594815587e6,23660.85334142956,0.03032522818752306,0.037064765204891804,6.709434598087714e6,-0.016377134302762865,-0.008030917288423759,-0.0021903586175080307,0.0017825190379678938,0.004323078642694101,0.005778316252749584,0.006415083792192434,0.006431077952000188,0.005971577361080437,0.005144402822650341,0.004030889282771546
14.293207861318855,10.463287721205845,-4.486706294729361,-2.141389961566177,15.593608130180886,1.6123573543474616e6,35006.453920671316,0.01125766223366777,0.11749142091344002,5.918586018948804e6,-0.016046554821838734,-0.007852949342693472,-0.002137055834377807,0.0017342278358838939,0.004189430001138488,0.00556842290012018,0.006132863644419021,0.006077249124249634,0.005545004540841656,0.004642914900535943,0.0034517978210725077
14.011899798306985,11.342542110326226,-1.8278685112368094,-3.8845101504110566,15.007982100560797,1.2170005188526295e6,84334.14557558604,0.16075585215040855,0.020557896572558212,3.295215416486874e6,-0.009552987890277715,-0.004288685573136791,-0.001061946139863222,0.0007696862501397693,0.001597308186754805,0.0016843464903500587,0.0012144777696714857,0.0003180960079332767,-0.0009108507258208615,-0.0024037477430758863,-0.004109844039854835
14.920638735798143,10.579708493626567,-1.730489145381731,-1.7664658731456688,16.212362965725518,3.0196114912622636e6,39328.64818036638,0.1771977133248485,0.17093603220362427,1.0988534464133978e7,-0.01819565559868358,-0.00906920264460382,-0.0025150933126531255,0.002081827873842527,0.005142523213772055,0.007021235040849347,0.007999371850766981,0.008287498041349536,0.008040067541735653,0.007370881450375791,0.006365004035805904
14.271799701785477,10.535219173790454,-2.741190299708898,-3.7595449710947197,16.913684479942308,1.5782066074896634e6,37617.294125907625,0.06449353455198084,0.023294337560620684,2.215745307816703e7,-0.013576180677456235,-0.006472195626534322,-0.0017147181909077608,0.0013524052268995474,0.00316078270927605,0.004029131716901607,0.004192105118668825,0.0038206838541023414,0.0030397792558502722,0.0019415929475040303,0.0005949693976257148
13.047857158610343,12.909648331394889,-4.5925760815137675,-3.6578328395470487,16.65370038786248,464100.85087293736,404193.2286732728,0.010126737441871902,0.02578833968143053,1.70848111149384e7,-0.0011089879123000607,0.00019641357470431183,0.00026706017242699923,-0.000417234371820755,-0.0016002272311480947,-0.00312856098441322,-0.004904003567386764,-0.006860889362236737,-0.008954040471149798,-0.011151658474528568,-0.013430850210015794
14.818178665350729,11.651142674589472,-1.5261982712829778,-1.327735130674042,16.067976628763542,2.725544180343108e6,114822.492868907,0.21736044397587415,0.2650769465844114,9.511162138242982e6,-0.01444582214257437,-0.006993460810506673,-0.0018834180250656637,0.001511712852910179,0.0036034401551476,0.004703940748355331,0.005048264508003934,0.004809718760136243,0.0041155579669216805,0.0030599789238210757,0.0017136123265492605
13.383520612052912,11.779438727153803,-4.538838159584833,-1.1395549595089123,16.424959042971413,649215.903926578,130540.49017399845,0.010685814555287512,0.319961385907375,1.3591552839220695e7,-0.0151565655187604,-0.007384286728059708,-0.002001816451684529,0.0016184168317795958,0.0038913689297288136,0.0051367766596840435,0.005597402316999455,0.005452789734895694,0.004835005889387133,0.0038421175027839294,0.002548113877178672
13.62059308037046,11.416155607806216,-2.0265541543660106,-2.5360788273870254,14.180542668839719,822902.5631537018,90776.48976828664,0.13178886370629028,0.0791762556597739,1.4405602650577798e6,-0.00868020605609145,-0.0038145582012000306,-0.0009199465825453286,0.000642588729537298,0.0012558506358925365,0.001173179729126921,0.0005691756765518938,-0.00043301658757172455,-0.0017450006048482728,-0.003302373597132871,-0.005057585419937576
14.464415670761236,11.949289431060665,-3.2501095847067063,-3.5832742462802374,15.13333707864276,1.9134446756084827e6,154707.17739556832,0.0387699590043365,0.02778457561431792,3.7352939638876272e6,-0.008616700979602081,-0.0037830091529113975,-0.0009092043038442871,0.0006303407867656775,0.0012129641319107458,0.0010909208196927178,0.0004398915043041932,-0.0006148451816054182,-0.0019822850559728052,-0.0035953347225251646,-0.00540398455591276
13.806540434151062,10.304073961323915,-2.27901784149871,-3.779714411930601,15.00925267119883,991069.9877226531,29853.99546609517,0.10238471536834523,0.022829210244279745,3.299404881382993e6,-0.01244741081805555,-0.005859820181566694,-0.0015345215991579792,0.001196095041286404,0.002756986223714579,0.0034499343784969174,0.003492351795107217,0.00304110901688067,0.0022101241742678067,0.0010829337540049421,-0.0002785921642962634
14.020680091556304,10.513252383806163,-2.4171175034307697,-4.134491219710613,16.004152656449666,1.227733189338286e6,36799.972755098475,0.08917830348721162,0.01601080904197023,8.923088209353706e6,-0.012268442503137664,-0.005763772094859144,-0.001505212366351085,0.0011687494863562196,0.0026791997053953478,0.003325409144911428,0.00332328744958858,0.002828930394504066,0.0019559852713260557,0.0007880417929135084,-0.0006128027532407031
12.776317005021895,12.721350539060758,-3.7583771953971947,-1.8288694942187345,15.448212429326484,353739.83941378875,334820.7319477827,0.023321556011343413,0.16059501878731997,5.117683377685005e6,-0.005941675151452613,-0.002202077584941612,-0.00040141960109628985,0.0001485212856955636,-0.00014653444873782698,-0.0010306541978416187,-0.0023359551698940435,-0.003949009759829194,-0.005791418725869523,-0.0078080556832092795,-0.00995961556207967
12.618726502535704,10.69311273361327,-2.7800965719158257,-4.117681092520525,14.024481138240601,302164.3949942952,44051.41412676424,0.06203251648912634,0.016282227677842435,1.2324087408723035e6,-0.007497380206425435,-0.0031998204291135766,-0.0007475140562414376,0.0005011609637604057,0.0009165874540164672,0.0007348790789113707,0.0001146093935874754,-0.0008340885006327766,-0.002032791544282305,-0.0034245004577089294,-0.004967011144868441
12.979496933082926,12.55979798276611,-1.954006035906675,-3.9992232965349963,16.38852642968955,433434.9182769395,284872.7826037681,0.14170525665438063,0.018329870234975343,1.310528877120002e7,-0.002756250273261786,-0.000661176362206969,1.6952579930300853e-5,-0.00019730997887110367,-0.0010188860654779769,-0.002275391747657402,-0.0038555170225967016,-0.0056840497112192875,-0.007708368259870333,-0.00989055255019652,-0.012202522047720465
15.230890035897872,11.013674159077484,-2.851631511306509,-2.8224596903108585,15.269834365990464,4.118048878182779e6,60698.493567907935,0.05775002415531268,0.059459510711698055,4.281587311559166e6,-0.01360161492880305,-0.006524106752525138,-0.0017408781165142242,0.0013837548610604834,0.0032612812096768536,0.004196577642335636,0.004416333034620195,0.004087271401393457,0.0033321823533277208,0.002242445540855098,0.0008869535522139307
12.603070686720605,10.869748635291336,-2.7798695519927867,-1.199187993144783,14.155620860103458,297470.6033214263,52561.99637881537,0.062046600704883915,0.30143888300088334,1.4051025678352788e6,-0.010938984444282304,-0.00505606905282217,-0.0012985533438699059,0.0009890507806955217,0.0022104857952031653,0.002643218114046139,0.0024841274943960263,0.0018750233589384158,0.0009194517706402,-0.00030599507911534214,-0.0017440476723444343
12.270250592588699,11.76940272699761,-2.06183534246132,-3.2586247268846895,15.159854370515761,213256.42472959458,129236.93796060234,0.12722026274394094,0.038441228869383615,3.835668796913197e6,-0.0049484145407519145,-0.00181317463093702,-0.00032562830864041445,0.00011318244520736264,-0.00016312882955661734,-0.0009498256627741569,-0.002113694838351844,-0.003564413705566061,-0.005238722531120339,-0.0070910634349561266,-0.009087772285557091
13.160132458165554,12.068868346986216,-3.34474204388962,-3.17103273495157,15.69891605091439,519245.6987726361,174358.42041607958,0.035269311918799465,0.04196024171137985,6.575860821723299e6,-0.005208783584489503,-0.0019361212047026356,-0.00035620055678565625,0.00013485072837300365,-0.00011944130603491351,-0.0009035742935645495,-0.002074581972346326,-0.003534093932193961,-0.005212694943537199,-0.007060493968061168,-0.009041088120363529
13.397261671447229,11.578237921138449,-4.473850406899048,-1.6199807365013097,14.517129724445294,658198.3913321077,106749.25169020174,0.011403323774626422,0.1979025113416639,2.0170159495086023e6,-0.009254346753696959,-0.004125555605393374,-0.001012204663437919,0.0007239588839605106,0.0014707872402884418,0.0014900526894921315,0.0009655505965448491,2.925664861716195e-5,-0.001222330676300184,-0.002717603946473111,-0.004402859055931388
13.87010668781968,10.474790070293668,-3.8132387299057573,-2.9320729432030683,13.965498201527726,1.0561139956198246e6,35411.43502597428,0.022076563022426172,0.053286463764710953,1.1618198866858787e6,-0.010920481991361655,-0.005042249046905915,-0.0012938478685637106,0.0009847975692679274,0.002200471956422097,0.002633274608492271,0.002482637882812968,0.0018929327517000086,0.0009702699088643897,-0.000206244930430245,-0.0015769502470848334
13.112069135920843,10.075674551267255,-4.441681153528315,-2.4147637476050186,14.785985833388054,494879.2814357247,23757.99896457341,0.011776124396047966,0.08938845466383068,2.639198507510508e6,-0.013784121724814365,-0.006565643223891815,-0.0017387087474276875,0.0013719075320432483,0.0032122656263149567,0.004111700805649541,0.004312730755061242,0.003992555310490296,0.00328136698560531,0.0022760693530219636,0.001049775570853627
13.462639954082643,12.440030718578868,-2.4470157991679433,-2.276953055741515,14.034992590215719,702668.1100209228,252718.30251146603,0.08655148851631533,0.10259633627112089,1.2454314701551844e6,-0.004725312292997135,-0.0016908006114944348,-0.00028460855264421554,7.001634442322734e-5,-0.0003012409068594819,-0.001194851384691908,-0.0024760517982022516,-0.004052200012170732,-0.0058579058224324364,-0.00784606941465325,-0.009982157614240953
13.326649847031922,10.951726657945576,-4.203233673941854,-2.765750684119717,16.168663459845263,613324.7504771699,57052.470469976535,0.014947164331757887,0.06292884193022857,1.051868186947757e7,-0.011356370593315616,-0.005200934523750604,-0.0013161054532296846,0.0009824375627428762,0.0021377996777709424,0.002461135285847747,0.002173067379307522,0.001431077713483685,0.0003490277453171226,-0.0009895510760942498,-0.002522618093822368
15.283165899710635,11.741705785610636,-4.289556719756675,-1.3237831168782397,16.91919925457569,4.33904961644559e6,125706.5857252747,0.013711001766675411,0.26612660710452135,2.2279983992991745e7,-0.016700704846275484,-0.00824713659557671,-0.0022659524171903906,0.0018575910173460775,0.004537983516856661,0.0061106080495308066,0.006836895678265442,0.0069115543738459415,0.0064774871594332675,0.005640193463997183,0.004478749887433834
13.53688521739622,11.601045789850332,-2.473872425067115,-1.2353030135117153,14.082700670166668,756823.4011296979,109211.95232733159,0.08425794385899116,0.29074664885564416,1.3062887641596985e6,-0.008167360968725673,-0.003551468868733554,-0.0008449486714348121,0.0005781811973766238,0.0010886798675777349,0.000930149977330901,0.0002702837891731692,-0.0007722798128638078,-0.002111933800785052,-0.0036859654495306404,-0.005447881961190876
12.70417162741761,11.062095647567816,-2.5380182897964785,-1.1953297910258196,16.6643017525395,329117.99978942354,63709.92561589684,0.07902284510329227,0.302604141594126,1.7266896901553363e7,-0.01860283455454987,-0.009296506125547452,-0.0025859342546010067,0.00214813256512767,0.005329311612324188,0.007314791843582219,0.008388130987310864,0.008761070464632032,0.008588644304209607,0.0079850175850057,0.007035680040015618
14.850814069531479,10.8894056177055,-4.112887477268232,-3.0349408319293047,16.8590785648427,2.8159607826053733e6,53605.428381521284,0.016360465784653555,0.04807750744479986,2.0979966514064305e7,-0.0157350887741619,-0.007654104611549597,-0.0020659035676173195,0.0016596989610472971,0.0039617160437693455,0.005189696199138946,0.005610260473858748,0.0054192793200374045,0.004759556086226797,0.0037362767725793705,0.0024282247177109485
15.108120435484661,12.905077359317527,-3.5136082764792516,-1.9872048441134251,16.73350423023664,3.6422800667828238e6,402349.8888481113,0.029789232493704666,0.13707804496010617,1.850412485326031e7,-0.011562157501871569,-0.005358737215707499,-0.0013701647350126164,0.0010306601643080024,0.002252128232179444,0.0025902810250406,0.002260865761143009,0.0014204127794193544,0.00018301178125088965,-0.0013672466897921786,-0.0031675673459359345
12.919535060070247,10.420031933184926,-1.9910581729375743,-1.5501722315335362,15.781203172820224,408209.19714039634,33524.504672959185,0.13655085454962204,0.21221142118057043,7.139856048372963e6,-0.017825834347114978,-0.00884855392236675,-0.002444932715336491,0.0020174191386022793,0.004968701809820661,0.006762103765343833,0.007674591308429141,0.007912881885567576,0.007628990083372379,0.006935411909061579,0.005916603051135698
12.6707291346689,12.684843520976749,-4.3234533410816525,-1.6035585239947858,15.133825444954816,318293.48172795394,322817.8531409832,0.01325403372132629,0.2011793411931423,3.7371186011346295e6,-0.0066837042728096294,-0.0026173715889493813,-0.0005266786432313311,0.0002600953954584156,0.0001500897856532098,-0.0005921306308821785,-0.0017890324774935745,-0.0033186910767933953,-0.005095814440675775,-0.0070599011937749374,-0.00916757878446491
14.813784412913545,12.272749060677372,-1.5953303240640215,-2.453234677913962,15.529122332779863,2.7135937270699157e6,213789.90526602004,0.20284151400164496,0.08601490550562203,5.548966947323597e6,-0.009987833634728448,-0.004522274446127553,-0.0011281713169909245,0.0008235916407740422,0.001723689897968544,0.0018413459638891088,0.001367244483798152,0.0004380943715707254,-0.0008468861309775804,-0.002414748208586749,-0.004211191177134179
15.01157573681799,10.65122380398373,-2.723673209403205,-1.4172032289797025,15.591674549723248,3.3070785251646587e6,42244.26162286006,0.06563322652186236,0.24239098187144062,5.907153013565682e6,-0.015884043571020308,-0.0077870974365484655,-0.0021252771830261212,0.001731437750829184,0.004202779934686466,0.0056179888891640375,0.00622962509327287,0.006225196712774648,0.005742762650855292,0.004884810981277431,0.003728550473802294
14.800857452874556,12.152358876289568,-1.5508859353210438,-1.0814409167535661,16.553262246948144,2.678740964871771e6,189540.66590549037,0.21206001912006017,0.33910654913442706,1.545220465042202e7,-0.01445975064304163,-0.007004436699379832,-0.0018873414293897842,0.0015154740599943746,0.0036135158275798925,0.004718090450783684,0.005063838712690873,0.0048237604232868065,0.0041248185882732605,0.00306096488117063,0.0017026901364813154
15.293762184106257,12.78335074556736,-2.8585257902231858,-4.117040243192849,15.538451751526354,4.385271879821942e6,356236.72459194704,0.057353248693288374,0.016292665476673795,5.600977821956798e6,-0.008131578854586631,-0.0035318920655682813,-0.0008354180193252933,0.000563813291351409,0.0010287104822585516,0.0008008300407491335,4.8116380291297874e-5,-0.0011096927863611967,-0.0025855343456204836,-0.00431505760608367,-0.00625006933967798
14.101505483388644,11.676032443154622,-1.419255174176946,-3.9936210218984987,16.01953132462715,1.3310857005400958e6,117716.26136719335,0.2418941188025643,0.01843284738589125,9.06137402244865e6,-0.009102109249789025,-0.004039729526752248,-0.0009852077363506644,0.0006984130793917968,0.001397360932168993,0.0013700350316968282,0.0007955557977221577,-0.00019946709224782125,-0.0015240687787729634,-0.003111877412243942,-0.00491372608783517
14.066311166421059,10.59760443375534,-3.1189083523452785,-3.8605871436280887,15.513789567189422,1.285053829918301e6,40038.806838838354,0.04420539880954369,0.021055633212120492,5.464534880509668e6,-0.01211880609968169,-0.005680466620821365,-0.0014793692015430031,0.0011446843340923488,0.0026119416977860503,0.0032210673839299904,0.0031878188337026198,0.0026686788568655094,0.0017781697864605165,0.000601116670393029,-0.0007989529160940022
13.789314951008976,13.077874213557987,-2.7294610432951374,-3.981024205852562,14.629739475198114,974144.5215272593,478242.9823331748,0.06525444951554721,0.018666511193814798,2.257434332367929e6,-0.0025174379997757383,-0.0005291403477437606,5.9084021308952445e-5,-0.00023846073253497806,-0.0011405026929589223,-0.0024754454792097983,-0.0041315130532501,-0.006032729541219337,-0.00812590624167335,-0.010372948937077842,-0.012746003094250707
13.445788749813932,12.469301174316797,-3.346163470527653,-3.543765300949584,16.087613102079434,690926.5140291041,260224.80585482068,0.03521921479246283,0.02890428858438787,9.69977359111884e6,-0.004093477700940668,-0.0013539418669443236,-0.00018483168858479963,-1.8679150861376158e-5,-0.0005378210933044995,-0.0015451448170681725,-0.002910717058771039,-0.004545477565834321,-0.006386750685575416,-0.008389586066723416,-0.010521235804511595
14.426355020070588,10.85115196767098,-3.7988762408478727,-1.1942075307761346,15.49232560710054,1.8419862297627034e6,51593.55123899211,0.022395925346364465,0.30294393282506,5.348494123992532e6,-0.01491081813589087,-0.007247325929236208,-0.001960853088144352,0.0015828616991970898,0.0038012936500755445,0.00501340764826735,0.005460460161778738,0.005320917197603964,0.004726372106045187,0.0037748644714326544,0.002540576761379727
14.127857752685424,11.789075292352353,-2.451865653452772,-1.620164545263524,14.803537841316022,1.3666290970776987e6,131804.53285152325,0.08613274265785362,0.19786613846894383,2.6859306624783543e6,-0.009708078679380307,-0.0043812981324396075,-0.0010907216548663892,0.0007951868484637858,0.0016625740231657857,0.0017743485812384946,0.0013159379947615272,0.0004204533996939121,-0.0008151225569480899,-0.002319186688281677,-0.004038298978236117
13.213908341444068,12.834937089420738,-3.996532981627878,-3.7581763649001023,15.377871875105594,547933.0250746968,375095.9314439348,0.018379249751555596,0.023326240161374485,4.770071608927408e6,-0.0017655089513154438,-0.00014337340370259994,0.00016856461254819173,-0.00033105977228187216,-0.0013730730988123852,-0.0027949898631018776,-0.004491939606203267,-0.0063933083949330215,-0.008450179778603793,-0.010627926499844464,-0.012901531644389707
14.38674566777933,11.24470021222574,-1.5312724665760404,-2.143963254499853,15.229930165953,1.7704524047224366e6,76473.55029296834,0.216260308146651,0.11718946974126734,4.114097983309068e6,-0.012812838108764778,-0.006073386294651227,-0.0015990904812989413,0.0012512030534320298,0.002890817113035395,0.0036205273321090773,0.0036608202488457786,0.0031723000020598925,0.002272205404758181,0.001046846350109243,-0.0004395790112885688
15.077646874766991,11.383091255175747,-2.1944761687277796,-2.0960130811243425,15.575656964052445,3.5329609550037836e6,87824.10226110237,0.11141690988287666,0.12294562664738046,5.813288432921333e6,-0.01340028779747724,-0.006408725320534063,-0.0017036242023902718,0.0013474892720376766,0.0031549491366374364,0.004022553336996312,0.004175820030342654,0.0037802759462473635,0.002957494663811568,0.0017976157752246829,0.0003682854229416489
14.454123626679415,12.041652416733054,-1.9622236541961637,-1.7023358367440662,15.486920146260488,1.893852413814155e6,169677.08619428385,0.14054554849126466,0.1822573031497331,5.319661046693284e6,-0.011120046428052342,-0.005148912890365335,-0.0013197638740635991,0.0009985273155537087,0.0022028193219797397,0.002572726694501882,0.002309673492158948,0.0015596554380116429,0.0004294463137842686,-0.0010019531338560136,-0.002675420199674357
12.798345797821456,11.908508171617456,-2.31042325794533,-3.8978193898672546,14.864082781451376,361618.7640270128,148524.94035140856,0.09921924733619736,0.02028609932376679,2.8535739422552916e6,-0.004367476703277014,-0.0015205328271750153,-0.00024157136163558993,3.9159656185027764e-5,-0.00036209811109498747,-0.001250906496494102,-0.002500223306774009,-0.004023566268997722,-0.00576023181463509,-0.007666514114014982,-0.009710199883026311
12.918404903345746,13.042614847453459,-4.425234134490326,-2.9156002691938796,15.076979846944846,407748.11736652453,461674.2558448505,0.011971408053124938,0.05417150378648898,3.530605157530821e6,-0.0008416254585521438,0.00034760075923621507,0.0003142210938766313,-0.0004612865203330274,-0.0017237914792224438,-0.003321615837517746,-0.005158285314313512,-0.007169760034863224,-0.00931226326510111,-0.011555142170149642,-0.013876400261917799
14.412296565771243,10.558130391606444,-4.2531756539923204,-2.294043548420192,15.942929354929312,1.8162719257290957e6,38489.10108919673,0.014219007487380132,0.10085781276501843,8.393174340068147e6,-0.016566633869050953,-0.008131940333497656,-0.0022176108390272674,0.0018020988446444002,0.0043586968903824045,0.005802335857354572,0.0064049733392927055,0.006368772569526725,0.005842277517333667,0.004935560155330045,0.0037315322951325626
14.66506430086556,10.678641603767524,-4.545906107194693,-2.1588319059346204,15.235631187828027,2.338603000840135e6,43418.530706616504,0.010610554059770216,0.11545991033549945,4.137619530628425e6,-0.014396573180779002,-0.006952495352651946,-0.0018680813720337447,0.0014963682348486283,0.0035608796868279134,0.004642776875207765,0.004980507241689597,0.004750236952034888,0.004082092948005851,0.0030733110823223937,0.00179767447117194
14.784941492815628,11.986180253904893,-2.4558919973184494,-2.594245370892475,15.31508074396796,2.6364437241468215e6,160521.0320705167,0.08578663984984691,0.07470222728473566,4.479763191562978e6,-0.010177110497561119,-0.004630817242717787,-0.0011629802964870043,0.0008571412162783159,0.0018209980642174097,0.0019989611209954928,0.001583159324887032,0.0007118634691438941,-0.0005141429963235485,-0.0020204356613729726,-0.003751424505443771
14.793417765474084,10.038348369713058,-3.887598860711274,-2.037714915738139,16.820565556452852,2.658885918714229e6,22887.549911518967,0.020494497147295898,0.13032617717758588,2.0187326337893337e7,-0.021498779545113353,-0.010900850607238348,-0.003071027608692408,0.0025781445777007294,0.006460668451569823,0.008970051075690622,0.01043596971900099,0.011107599933174162,0.011167003008881675,0.010747562230022639,0.009948744379748485
12.506960008599425,12.867009833009377,-4.386161658738389,-3.5178022451567723,16.706673134506527,270211.43080722255,387321.28950039024,0.012448418917199236,0.029664559006792185,1.8014240365660783e7,-4.427794347132701e-5,0.0007248975219501767,0.0004134373445849812,-0.000538945556343116,-0.0019029502536478385,-0.0035440429598749294,-0.005377510076433077,-0.007347477712052577,-0.009415785774537921,-0.011555532913534177,-0.01374710374704815
14.609144504341417,10.511526394952604,-2.047552949035835,-1.3439388289517873,15.103881204171103,2.2114180169042083e6,36736.51119503906,0.12905031020839855,0.26081633180156694,3.6268722807300636e6,-0.014843324061413395,-0.00720692968151257,-0.001948551821225268,0.00157244939711898,0.0037764632325291477,0.004982503313356006,0.005430763184266381,0.005298387881224596,0.004715525939062017,0.0037785414595774497,0.002559607314968318
14.123207508344244,11.109970485175838,-3.190756376128852,-3.9724026321143766,14.233348196712843,1.360288691495925e6,66834.2187548967,0.041140741293053944,0.0188281416497687,1.5186740805599033e6,-0.009671904511935918,-0.004365050296296987,-0.0010889891633048777,0.000797985416121754,0.001685376785344724,0.001836488466932049,0.0014364016542604083,0.0006179661682713212,-0.0005218586029338011,-0.001911323258636216,-0.00349677205373673
13.729436555293287,11.387235441237756,-1.7957176507978492,-2.9341916868240485,15.714423700544398,917526.3293086505,88188.81688225032,0.16600827361758175,0.0531736829285536,6.678631775752593e6,-0.01064281199314021,-0.004841237747411668,-0.0012156143297606683,0.0008973703506629402,0.0019168861600866016,0.0021325846738167353,0.0017481857505245934,0.0009081394468884589,-0.0002840420053127894,-0.0017532805209302426,-0.0034444587836453848
12.50863898792827,11.680969817312707,-2.339743933691652,-3.2649438953188423,15.206326970461326,270665.49128637963,118298.90778210097,0.09635230765157558,0.038199078170662044,4.018129165123182e6,-0.00537074263366252,-0.0020355519419997144,-0.00039106377333534496,0.00017151281759779236,-5.133539554325893e-6,-0.0007086283780075631,-0.0017997739236614682,-0.00318378349545572,-0.0047942070923013575,-0.006583306617919227,-0.008516000473107152
12.599590404316785,12.035980593547599,-3.7584741775749544,-1.017929698149508,16.82420630348386,296437.1210632516,168717.43183034062,0.02331929434572509,0.3613422538605268,2.026095724073575e7,-0.015970394757809533,-0.00783683831784595,-0.002140648760754146,0.0017452868930563157,0.004238999720179257,0.005668099417438109,0.00628327428799213,0.006270037414531003,0.00576449649770682,0.004867381930000108,0.003654486442025968
13.700814801563894,11.322842528354233,-4.297399743179431,-1.8664345001828844,15.656502584785288,891637.3776094995,82689.05515952597,0.013603886660892257,0.15467417053931587,6.302787695151757e6,-0.01344757296050741,-0.006399626485784773,-0.0016891111926952793,0.0013233932879911853,0.003060538861484011,0.0038386091017563123,0.003893327433530644,0.003398071542725471,0.0024804822837658173,0.001235504122701036,-0.0002653387427434451
14.783156245992735,10.911945865643686,-2.1062707568557117,-2.6026498576594976,16.936541957798553,2.631741220178636e6,54827.42838228424,0.12169093638110295,0.07407702433911281,2.266974916497517e7,-0.01729709312561668,-0.008511587314973638,-0.002321849575329481,0.0018843863457314106,0.004549113145921619,0.006044628948252306,0.006662016570106808,0.006615894930735583,0.006061808065928952,0.005113157853516966,0.0038538329817040078
14.591056056185405,12.094588438738603,-3.6260696585588734,-3.5120525496662287,15.326523437932229,2.1717765043360665e6,178901.10368076104,0.026620607141410305,0.029835612469365957,4.531318152085343e6,-0.00862438821609393,-0.003785663151144009,-0.000909134167083631,0.0006292355536686756,0.0012066296180960946,0.0010756679039725023,0.00041248255561403,-0.0006572280122951965,-0.0020420727681260127,-0.0036745882937792417,-0.005504410402926778
13.656205383595626,11.721075838609588,-3.5452539017561753,-2.756632427897932,14.40317276694576,852736.0860601545,123139.83254749364,0.028861293646176542,0.063505267237726,1.7997759932826303e6,-0.007458336480417217,-0.003149006395891399,-0.0007188225297393357,0.0004602810519279243,0.0007592905360130659,0.0004202135890829773,-0.0003913485380681864,-0.0015586488829611325,-0.0029976040173863862,-0.004646713970849351,-0.006460497773388744
13.085358669244425,11.298730112004687,-2.3186306459982156,-1.21153612185664,14.650761858257276,481835.7991091966,80719.06825257692,0.0984082491120425,0.2977395637149263,2.3053933215153795e6,-0.011215466231881112,-0.005206834044160521,-0.0013420037229493237,0.0010249662813033799,0.0022957857171674555,0.0027500033002766443,0.0025875048415018053,0.001952712292947858,0.000951142780941682,-0.000339175808780565,-0.0018599190520602784
12.927210543264508,10.86807308642685,-1.47228053642726,-4.047110774345567,16.437316236461363,411354.4552191743,52473.99992723228,0.22940172919151097,0.01747278459907035,1.3760548291771973e7,-0.00915376366217642,-0.004067838182468128,-0.0009976804520660646,0.000715930444787494,0.0014666999654331726,0.0015127104352142546,0.0010298545415729269,0.00014096259478662814,-0.0010663797755406928,-0.0025284565497088857,-0.004197988727700018
13.434240861064609,11.05013597635402,-2.835085307400786,-1.2667097013553321,13.879607934371041,682993.6635048721,62952.51407689402,0.058713516922707036,0.28175716350223906,1.066196216063174e6,-0.009179421383340037,-0.004099915446355009,-0.001011104643469636,0.0007302184215234627,0.0015096534115457791,0.0015840126546996804,0.001131834581893005,0.0002802827678228409,-0.0008784195445226289,-0.002276427585904266,-0.003863271948790026
13.388569633727736,10.146328918732973,-3.2004493183423532,-2.889350952868211,16.393541106775523,652502.0981489328,25497.327423516654,0.040743892886506775,0.05561229590148548,1.3171172617548382e7,-0.014567811246135938,-0.006964254356858343,-0.0018475679753583918,0.0014592663749518487,0.00342141513881976,0.004390402093053241,0.004625273516943284,0.0043133612563590286,0.003590323306662634,0.0025555344367878367,0.0012827456274105073
12.608700910020126,10.377369058594219,-3.1245102902667385,-2.395478635000294,16.323661864747898,299150.1529261018,32124.332976168862,0.04395845523669411,0.09112905092917016,1.2282203033902302e7,-0.01456511421053836,-0.0069018494836150576,-0.001809246464195936,0.0014085920318177053,0.003247358968952517,0.004082316498044729,0.004186335846829733,0.0037536059159322312,0.0029225649112413488,0.001793085471897392,0.0004381577070414044
12.496054318067774,11.098038015629268,-1.5253491780546193,-2.6358198986974495,14.380411008279196,267280.5989850768,66041.46066214032,0.21754508163316627,0.0716601912183638,1.759272638967032e6,-0.009944185203324428,-0.004459730673236619,-0.0011046873023455848,0.0008035776733395972,0.001683738646305565,0.0018150199425452122,0.0013888197182569783,0.0005385944055518023,-0.0006410121634824362,-0.0020816753967299578,-0.0037331475710050727
15.298069010612258,11.553976400512617,-4.488641450450257,-1.175508442796596,16.7741471995625,4.40419921410594e6,104190.51741990933,0.01123589796960438,0.3086620028126078,1.927167963044001e7,-0.016836208872464946,-0.008323189804426511,-0.0022896447221888386,0.0018796741701516508,0.004599993521144472,0.00620823914796539,0.006967377646105003,0.00707327605797563,0.006669639265280066,0.0058625233497485805,0.004731411222538642
13.600375610328175,9.9858461173716,-3.9139552487769214,-2.4534401379846758,15.650124574543025,806432.6066601373,21716.901717991957,0.019961392444632513,0.08599723469243983,6.262716374163503e6,-0.016579526355545524,-0.008104180731954659,-0.0021995448105159095,0.0017788765303928741,0.004283164532447832,0.005678205843262032,0.006244563942638223,0.006189295392419228,0.0056639220814335275,0.004780463251393156,0.0036230922750063953
13.451386122699578,11.354328998693557,-1.4374045791139074,-1.5242296885806983,16.276590340315412,694804.7311528291,85334.06412259306,0.23754348462384686,0.21778875743295534,1.1717457014856772e7,-0.01655036382890446,-0.008142336331851085,-0.0022281450790103277,0.001818617045637163,0.004420353909531641,0.005915249183996234,0.006565476252937939,0.006566390428054229,0.006061868464137219,0.0051585254917960585,0.003936395967176273
14.953569156520452,11.269143861669255,-2.6819111205557133,-3.106707303017434,15.390263688845343,3.120703941212968e6,78365.87640623249,0.06843224683069125,0.04474805481543947,4.82954920437435e6,-0.012611810096180951,-0.005968545086850647,-0.0015688590722682159,0.0012251350562777394,0.002823348081187993,0.0035233475950948293,0.003543275887265634,0.0030424333515792295,0.0021377052058494804,0.0009158002859467774,-0.0005581851635163201
12.491207579058157,12.847339963679676,-1.51302036056908,-3.3043219880786747,15.756206941384008,265988.2939418755,379777.1695103098,0.22024375679317484,0.03672410277673847,6.963598617149702e6,-0.0019075719992713103,-0.00019841835315655395,0.00015799496261550129,-0.000327324845670698,-0.0013816341281121898,-0.0028425866940008345,-0.004606504698839963,-0.006603700758556481,-0.008785391349999668,-0.011116231861747228,-0.013569829936620497
13.812288579899576,12.77498405315572,-4.3961594956400525,-3.7809821745182703,14.994969336586179,996783.2069364784,353268.6353506375,0.012324581738666523,0.022800286563679988,3.2526133425493576e6,-0.003638698141756509,-0.0011191260140484538,-0.00011569582221269243,-8.114012842561143e-5,-0.0007103890715336419,-0.0018142343791468533,-0.003267684119851735,-0.004984765904399988,-0.006904763078816671,-0.008984025105727262,-0.01119073795601909
14.117777586116985,11.540967830531132,-2.0602352679768767,-3.3096046932339678,15.470412199975751,1.3529224468611067e6,102843.92539043428,0.12742398758425574,0.03653061169781534,5.23256523227549e6,-0.009906087545662077,-0.004465818438291442,-0.0011099425930920935,0.0008079188413802682,0.0016875028904792734,0.0018014873142893578,0.0013412518631454027,0.0004430585962174843,-0.0007947796222122532,-0.0023004258077810487,-0.004020792744179149
12.939025054196263,11.962726472366622,-2.0793679279840904,-1.570509796999629,15.652747061127826,416243.22929904674,156800.01340141083,0.12500920205066252,0.2079391485774154,6.279161818392393e6,-0.012272392512761101,-0.005743923867436556,-0.0014875685391575943,0.0011385563513177568,0.002551122096475142,0.003053794158501511,0.0028697978203180096,0.002162534618563279,0.0010519431776711454,-0.0003732856414208022,-0.002047049534906617
14.132993818736814,10.778960712605837,-2.920192896636445,-1.883322127563419,16.48395913678445,1.3736662505610758e6,48000.21229082829,0.05392328467683249,0.15208402306172908,1.4417584087614205e7,-0.01808528747638692,-0.008984778049338775,-0.002479773230600997,0.002039405977321853,0.004996489310620049,0.006752043091472109,0.007594026167684565,0.007738749022114089,0.007345479631518061,0.006532031687914439,0.005386859803454197
12.49697724939353,12.552394327617424,-2.802632714555994,-1.3498076181713468,15.602456218665958,267527.3944927809,282771.4710516207,0.06065017764629866,0.25929013855894334,5.971186555684282e6,-0.010338623701488631,-0.004661708811921137,-0.0011524938995650387,0.0008280947055743825,0.0016867312215752468,0.0017116750066884909,0.001112093123027874,4.07499967559765e-5,-0.001390155489972886,-0.003097778824136753,-0.005020720160960846
14.360310556209456,11.229253229704243,-2.8526777886479606,-3.4399073847049473,15.188245305471554,1.7242634921640588e6,75301.34155044467,0.05768963321191769,0.03206765514567633,3.946127615335978e6,-0.011007612544313584,-0.005078232222115405,-0.0012978190813244753,0.0009800189690039292,0.002160623082870951,0.0025270033688617206,0.0022815119405685392,0.0015702035386775267,0.0004996920738671042,-0.0008512334949342442,-0.002423724339725602
12.483227885500524,12.026169396149863,-2.0842685154169196,-4.113026043067641,14.307148830651647,263874.23485593975,167070.20564626186,0.12439808217234458,0.016358198940690554,1.634992590749673e6,-0.0033312094473669117,-0.0009839930117354382,-8.538121113033542e-5,-9.887911436449234e-5,-0.0007324704327676969,-0.0018094163784835207,-0.0032154900019470685,-0.0048733949601681035,-0.00672892947747961,-0.008742919261047954,-0.010886258512873162
13.946078864143406,12.214047390187776,-2.2071442486060433,-3.3011444017501193,16.939249602501345,1.1394757704714695e6,201601.32552605626,0.11001437404327327,0.03684098238282452,2.273121396608529e7,-0.007384403142467596,-0.003087882312708021,-0.0006931780935874034,0.000430058510362198,0.0006566374868772412,0.0002308901055567231,-0.0006810134219196258,-0.001962984149573724,-0.003532244620713048,-0.005328794578221171,-0.00730853600359007
12.681051559430323,11.8726714302667,-2.317570847994181,-1.6390593008972036,15.175560884866616,321596.0582190661,143296.5345392512,0.0985125972622459,0.19416260499745977,3.896389390069237e6,-0.010842680307788552,-0.004949303508476675,-0.0012456937614854818,0.0009203118164096098,0.0019638307434159323,0.0021771489000776364,0.0017698461407868057,0.0008930081625858318,-0.00034363071491156196,-0.0018596711122547502,-0.0035957435990191704
14.226750121854138,10.338415701887753,-4.457981820265928,-1.176593432094026,14.40405537069245,1.5086867401331551e6,30897.041126833785,0.011585721777620645,0.3083272894560731,1.801365183526974e6,-0.012880519184593868,-0.006118570738272073,-0.0016185191283692652,0.0012761847650902382,0.0029831825396061163,0.0038031628064508992,0.003956259806558382,0.0036039468291277654,0.002865733010687098,0.0018313076831949669,0.0005689206627692998
12.296013501869139,12.607388669314247,-2.344901889460674,-1.2469747479977196,13.967210358907158,218821.91442918393,298757.85337027954,0.0958566062125048,0.28737285846105004,1.1638108090783085e6,-0.005410331936850564,-0.002047148242111883,-0.00038855832868335007,0.00016186686308275407,-5.523267040379518e-5,-0.0008249165663413353,-0.0020039117522866966,-0.003493313008727455,-0.005223139830218801,-0.007142925614971714,-0.00921565999919358
13.835683676010843,11.691201416392634,-3.819337939684612,-2.2858657660683592,14.713642787703101,1.0203779705783754e6,119515.5080478395,0.021942323227837356,0.10168598770808711,2.45501342518541e6,-0.008950957421861977,-0.003949283806689123,-0.000955522870120974,0.0006696368560681106,0.0013152610353089362,0.0012429966157325666,0.0006355507305153514,-0.00037666600015365606,-0.001698903030688507,-0.003261322628736344,-0.005011911399069195
14.401418300901394,12.580243478434793,-2.616706536962985,-1.183699508725577,15.59420441173451,1.7966211157869373e6,290757.09672827466,0.07304303164161217,0.3061440584002809,5.922116215006242e6,-0.009829186539436359,-0.004452815450513091,-0.0011122982091354323,0.000813417495864045,0.0017057327873304417,0.0018261891760393348,0.0013602527448473743,0.00044156362203496424,-0.0008321514361895891,-0.0023883709605747924,-0.004172572372930326
14.057353982024626,11.195805069554964,-2.706829407633759,-2.7107051659906856,14.350084357084285,1.2735947629069067e6,72824.30727203746,0.06674810259600814,0.06648990376092022,1.7067206813653852e6,-0.009823021988894932,-0.004441462575260639,-0.001109890058284081,0.0008147565164386812,0.0017248813811534913,0.001886686703926229,0.0014873576868689598,0.0006609734592297818,-0.0004949670877559543,-0.0019086402658453974,-0.00352658810864038
12.945347963262913,10.926179432861844,-2.0557255785344526,-3.1304840596596124,14.95757209160158,418883.4354832229,55613.398579994915,0.12799992787561293,0.04369664035170804,3.1332209521743655e6,-0.009537267535989071,-0.004250851254394256,-0.0010452691642961933,0.0007527609106381072,0.001552844152955847,0.0016273013120838534,0.0011630694454868057,0.00029094337987292684,-0.0008960384850812468,-0.0023306596043743684,-0.003963622386770604
14.92386789268457,12.378713377894101,-4.583307616280731,-1.4044880052338087,16.11907286189538,3.0293780508935563e6,237687.81213701222,0.010221033068611501,0.24549271526720864,1.000977688563235e7,-0.012028066927457432,-0.0056577254180200254,-0.001476188128792331,0.001141348168966131,0.0025924434108822976,0.003163329361512453,0.0030632519661004083,0.002445070396753361,0.0014211514255114055,7.512180529134668e-5,-0.001529896649475941
13.097267722673228,12.341598997305304,-3.2024125751058206,-1.9024939978688113,16.800450800848637,487608.31174138724,229027.8743784118,0.040663980633031074,0.14919606017889384,1.9785319887395374e7,-0.010722733870052674,-0.0047057723845022135,-0.0011199348109740203,0.0007657324422736299,0.0014528089095894223,0.0012915864074126138,0.0005222978931176317,-0.0006903842178493964,-0.0022322008225350355,-0.004022655216334092,-0.00600427847290016
13.01248808162405,9.954083218772215,-2.721958056702081,-1.9176759887009966,16.387832948334875,447972.92827964044,21037.949792304797,0.06574589412106337,0.1469480745879266,1.3096203648335336e7,-0.020340139612794267,-0.010213985760689406,-0.0028467143754717784,0.0023621822391982116,0.005842556361030525,0.007988456111021405,0.009125154754449772,0.009499033136066358,0.009291428485537719,0.008636083589542161,0.007633045763952598
12.846353230291506,12.853238325280985,-2.0933819273462175,-3.4525448923752045,15.395356729179866,379402.6155199431,382023.85194307077,0.12326954144538892,0.03166494986289903,4.854209036725817e6,-0.0016451005115042572,-7.114621882347731e-5,0.00019280885015755328,-0.000356005499738546,-0.0014520648348398462,-0.002937098408710667,-0.004710077350091623,-0.0067033606056989,-0.008869957108305257,-0.011176168094524526,-0.013597100673325837
15.089871483099635,11.982404429407001,-2.517409710555981,-3.8125987137401203,15.234512785335607,3.5764150826273616e6,159916.07564856808,0.08066829057864346,0.02209069690211551,4.132994593385437e6,-0.010094735198723108,-0.0045991663339000005,-0.0011575194502333192,0.0008557318471049301,0.0018259173287761546,0.00201823857794395,0.001621147040173487,0.0007705044524750623,-0.00043440993947560416,-0.0019200661884144535,-0.003631366567785307
12.431694542277928,10.914571731263662,-1.993737678086592,-0.9192731971357238,16.132984837321576,250620.35476756038,54971.58702928927,0.13618545559456696,0.39880879114787615,1.0150005824777154e7,-0.01777525496403255,-0.008838921030450062,-0.002447455524162114,0.0020247070712560997,0.005002357009340811,0.006834370845133123,0.007794185497846441,0.008085360156993474,0.007856972423505634,0.007218833755240791,0.006253069897785794
13.781574896876974,11.012734759186404,-2.390140481944546,-2.8208979488225046,16.49098689318764,966633.6947977635,60641.50018364231,0.09161681246545725,0.05955244364617454,1.4519264229646333e7,-0.012866410483817097,-0.006035257686279075,-0.0015672413929399263,0.0012060994376170032,0.002732032483576062,0.0033373821738208677,0.0032587153005254675,0.0026657148366312318,0.0016805675499664888,0.0003921758611939083,-0.0011340677390104309
13.825988461928018,13.074432604006187,-1.6618016419873611,-2.5472405643008207,15.559043334076582,1.0105329894247637e6,476599.8857873077,0.18979672613367224,0.07829742488724675,5.717506456190404e6,-0.005034537184868416,-0.0018090507461213257,-0.0003060368459025462,7.715296291623161e-5,-0.00031423933976094395,-0.0012635217640182528,-0.002627498453022027,-0.004308141557354465,-0.006236498246757924,-0.008362948042062451,-0.010651019842070427
13.44073711751701,11.010567668192405,-4.310729878525355,-2.8240928206187332,15.788120509912172,687445.0083829224,60510.22682676116,0.01342374831218494,0.05936248483218055,7.189416053459765e6,-0.010972756357924423,-0.005006463627743659,-0.0012620191138201548,0.000937364629464763,0.0020241062214250236,0.0022995486716631936,0.0019770951949000448,0.0012093644324507615,0.00010702029031293163,-0.0012485165065743591,-0.002796616828739767
13.143554015105435,11.682244236509666,-2.700684884607645,-3.3223676776491375,15.346677346346418,510708.3768099757,118449.76628922846,0.06715950047686928,0.036067334756954485,4.623568402167429e6,-0.006505706301299205,-0.002631238194009386,-0.00056408116938355,0.0003223153846315535,0.00039065772265464336,-0.0001281000866292125,-0.0010792826435006577,-0.002355869325256205,-0.003882054699123836,-0.005603163615942183,-0.0074791466018154515
12.21790007742683,12.110528643538611,-3.9078072185030184,-3.1115476134746336,16.82622458549578,202379.53050790084,181775.6736630981,0.02008449371711528,0.0445319836853059,2.0301890860177804e7,-0.002606676071063302,-0.0006090581214296748,2.0486022921091837e-5,-0.00018639236995258494,-0.0009418221419045152,-0.002072176179068595,-0.0034655721461514916,-0.005046645118299029,-0.006762939552584748,-0.008576925175345187,-0.010461023592395676
15.148751621029701,12.951316096660175,-1.9970100738497596,-2.741752106820983,16.455217878688998,3.793317868078961e6,421390.86259123666,0.13574053126795696,0.06445731180163816,1.4009102833592484e7,-0.009179849642053753,-0.004062167452183695,-0.000982805653495967,0.0006862231154228678,0.001334420128809069,0.001227353841444016,0.0005511806698460707,-0.0005616176126085771,-0.00201532443070051,-0.003739729062425724,-0.005682612540877001
13.469187140930678,11.781486691544417,-1.473033277833494,-2.3998196822970312,13.894814694917656,707283.702515101,130808.10639011326,0.22922911398674342,0.09073431281727959,1.0825335104524044e6,-0.007224707666623786,-0.003034936542166582,-0.0006878130744300082,0.00043452068591704753,0.000692491479597864,0.00031813125354257483,-0.0005317676677822028,-0.0017479583724028375,-0.003252497021089576,-0.004988613219557341,-0.0069141429056534896
12.78090730924302,10.102317754019172,-4.071366635831752,-3.0783862738403167,16.299589496767386,355367.34540789796,24399.495968010215,0.017054065876839046,0.04603348217750924,1.1990071577680277e7,-0.011882680024391528,-0.005502231655656613,-0.001415375931995203,0.001082265484141218,0.0024415318286348815,0.0029770406962696633,0.0029116685959597343,0.002404802613164066,0.0015720063630443384,0.0004983205170811455,-0.0007528628424030828
13.346483035896666,11.168030860300037,-4.540479102547438,-1.0955431851985136,15.609898596219242,625610.3648286128,70829.50005191873,0.010668294122040562,0.33435793932984414,6.015792160460577e6,-0.014382765957327449,-0.006955045899483819,-0.0018719458235542086,0.0015025615488298816,0.0035841690786564745,0.00468579674114154,0.005042060529784736,0.004825938439799643,0.004164883581123141,0.0031538674144420296,0.0018647785478814794
14.85981013950754,12.893124336929095,-4.36286871681134,-1.1626342943233343,16.013955884707087,2.8414076521489145e6,397569.2202576711,0.012741782603922133,0.3126614527810744,9.010993453419983e6,-0.010088188669405262,-0.004596563848042118,-0.0011557678715940942,0.0008522953109717793,0.0018092316950869636,0.001978644378811128,0.0015483709012526605,0.000654102237651171,-0.0006047782599028723,-0.0021543776130251487,-0.003938969624883329
12.269349583585539,11.583705461539736,-2.060393360589256,-1.4766508611212754,15.008296521917691,213064.36530755885,107334.50602953251,0.12740384438546618,0.22840135671807457,3.296251665490255e6,-0.012015682159767383,-0.005621243279197469,-0.001459266147000521,0.0011231665820858614,0.0025406319642862947,0.00308796192114287,0.0029786799383922547,0.002367976254441137,0.0013694587529311526,6.71076542302302e-5,-0.0014764240080566246
13.440022010119543,11.295541537381899,-1.9151247038645378,-1.897228443608752,14.684667096150067,686953.5871025146,80462.09937990179,0.14732345963584312,0.14998373207378457,2.384898434184153e6,-0.01106421400548186,-0.005104567480895126,-0.001304815013158352,0.0009856654462780485,0.002174191116138203,0.0025444951702684676,0.002298923123622006,0.0015829763919782106,0.0005022626813470532,-0.0008657514917746284,-0.0024636617690528355
12.705331653467038,11.912968349249601,-2.038044418736872,-4.128715859001386,14.188949663909517,329500.0067687008,149188.8674840177,0.13028324138551703,0.01610354477281736,1.4527220987109996e6,-0.004144336015469642,-0.0014082339742543632,-0.00020953958697264292,1.1123473482557193e-5,-0.00043756387918460947,-0.0013666849489389317,-0.00265316363193804,-0.004213290167160858,-0.005988219485791504,-0.007935416738975862,-0.010023341658194072
13.384329018277448,11.884661007086482,-1.7359026914983708,-1.1171169112270292,15.23521303936591,649740.9462995473,145024.94006875265,0.17624103717363282,0.3272218455915068,4.1358897530619856e6,-0.011465646254039561,-0.00534654852459383,-0.001383501864914957,0.0010606235546266113,0.0023849800456870957,0.0028702363008084155,0.00271834427566387,0.002075566541814083,0.0010488140640546408,-0.0002828302397588587,-0.001860169508123761
14.180710310720686,12.407872723749005,-2.1544392556252885,-1.4456128932681351,14.336423760287483,1.440801783534001e6,244720.67173877702,0.11596820090039911,0.23560163364111975,1.6835643828236272e6,-0.006260686458590597,-0.0025239778424891173,-0.0005353470752458699,0.0002963955946128669,0.0003129898718979464,-0.00026650991119021275,-0.0012939199092694698,-0.0026655604851303564,-0.004307140291152435,-0.006164455818867126,-0.008197363400315509
14.137685489738354,10.463275444233398,-4.037626592701024,-4.084441695936422,14.16744395748863,1.3801261827633756e6,35006.02415003922,0.017639287988161563,0.01683253436540874,1.4218138270880296e6,-0.011624556322424531,-0.005428792385529271,-0.0014101841630954608,0.0010888092696288434,0.002478350757843227,0.0030456625297167455,0.002997540026406428,0.0024845884167545903,0.0016179248643329212,0.00048069275089922226,-0.0008641329510806093
13.43005011419373,10.874729497295629,-2.7228430857335324,-2.9307432493980228,14.622774583085173,680137.3990675625,52824.45351823744,0.06568773283707628,0.053357365573873175,2.2417661726500792e6,-0.010312357230637883,-0.004681494745816767,-0.001175825426152706,0.000870109653440054,0.0018681277072732428,0.002099083633049042,0.0017600835699318064,0.0009915470795799066,-0.00010511179394422754,-0.001455722168478773,-0.003005458264844243
14.908879445637943,10.2082514666383,-4.1461168061733265,-2.826102820105262,16.639782304816634,2.984310964912969e6,27126.09521556396,0.015825751780977334,0.059243286102972255,1.6848670419868965e7,-0.018724953242269683,-0.009323222385733871,-0.0025766876561138076,0.0021215497290310377,0.005207987966986753,0.0070634647040080135,0.007992021865875673,0.008219768113728033,0.007911384799163751,0.007187697854140932,0.0061390454053637114
13.20949026526083,12.12010476939361,-2.9532074656181186,-2.749884166464038,16.32498597658922,545517.5550210051,183524.74167307635,0.05217209708466861,0.0639352666258073,1.229847681615319e7,-0.006441298165909559,-0.002555349197121405,-0.000529344855316759,0.0002808055354890117,0.00025195199832982266,-0.00037550390151682345,-0.0014410090045699688,-0.002833973332126739,-0.004476470401755126,-0.0063126378502121215,-0.00830186412696848
13.611127663650517,12.526267111381852,-2.2353797641402955,-3.5701944720175933,16.252898829773603,815150.1950513301,275479.11894012085,0.10695150579317125,0.028150378687011583,1.144311537432876e7,-0.004698763167601089,-0.0016693375061787178,-0.00027606224712692655,6.039910260354565e-5,-0.0003327305138384402,-0.0012512418894562727,-0.0025602008112605855,-0.004167035397189152,-0.006006498263312965,-0.008031611578773263,-0.010207901247813029
12.794239511098734,11.644191077133723,-2.233032302178714,-1.4820339456192242,14.395722554958384,360136.89826267515,114027.06108365205,0.10720286529776443,0.2271751562468165,1.7864171056663115e6,-0.009399743244112812,-0.004204538942229541,-0.0010365412442070547,0.0007467155651563504,0.00153484497057517,0.001589827675883946,0.001094606698053007,0.00017954421314468678,-0.0010609919556496478,-0.0025577833067866695,-0.0042595007953617784
13.857599060198297,9.992940157956905,-2.542319744993797,-2.9693824433812903,15.617510335756627,1.0429867813264142e6,21871.510050666413,0.07868366188919383,0.05133500281572065,6.061757519737908e6,-0.015564831169512345,-0.007550814483345844,-0.002035957375498031,0.0016370380648859097,0.003917949107472036,0.0051558406655998,0.005613631564214231,0.005483742182946018,0.004906281629389386,0.003984108288865776,0.002793620701827882
13.159005755241138,12.914813182608961,-1.416667813015,-1.5452719934404318,16.419168611880032,518660.9925822806,406286.2269206968,0.24252079662217832,0.2132538596829132,1.3513079306135315e7,-0.01178230058564018,-0.005405136697484766,-0.0013586175389257793,0.0009956174045206176,0.0020906051629007694,0.002251030036999647,0.0017175356431334136,0.0006650500112160013,-0.0007802852247181246,-0.00252745185701004,-0.004510434573944672
13.364488126855898,12.635336828767729,-3.4090075056346745,-3.735712273962213,14.507539457774786,636976.5539276183,307225.359949608,0.03307400986000442,0.0238561728849998,1.997764688586943e6,-0.0028381349584788527,-0.000705640325320326,3.2447115327033117e-6,-0.00018405672658827106,-0.0009782542764810904,-0.0022025034639534024,-0.0037414663066250905,-0.005516732197525667,-0.007473483188851854,-0.009572590711260298,-0.011785605007449457
14.218712806714658,12.218462758655784,-2.779572560854081,-1.6884658364152263,16.044542670376536,1.4966095484675604e6,202493.43771456042,0.06206503073212201,0.18480282438638662,9.290869209219519e6,-0.012138763779945695,-0.005690780573840069,-0.0014768434353063834,0.0011330957189764426,0.0025462119382851107,0.003058833922508879,0.002888595965627358,0.0021946856406492078,0.0010940262578936358,-0.00032661145687924454,-0.00200208025739102
13.975076202149399,10.676515620229269,-3.691302410329659,-3.2316844878039928,14.71180371485243,1.1730012604053488e6,43326.32167724886,0.0249394994193344,0.03949092075481892,2.450502625762858e6,-0.011582233866645973,-0.005388934049733813,-0.0013922653252594818,0.0010670905736512826,0.002404588221108994,0.0029121979260257726,0.002799751331325847,0.002219390396627474,0.0012827369647047241,7.2785154797545e-5,-0.0013480355337692244
12.804094991680016,11.094282458179762,-3.31005719578675,-2.3475955491518317,16.060562722318856,363703.7682079055,65793.90331146738,0.03651408524218106,0.09559874858248468,9.440908022489319e6,-0.011699454463117143,-0.005340160188549611,-0.001343356835570358,0.0009949104514435276,0.0021433701802122075,0.0024335686773631843,0.002099022915892335,0.0013043259065548042,0.00016669283800972004,-0.0012292866610798935,-0.002821850291716923
15.348347443749402,11.25649622195697,-2.290125152092907,-3.7496007228698414,16.929104802067663,4.631296663426616e6,77380.97450683317,0.10125378893727867,0.023527137828957524,2.2501776105190232e7,-0.014522155532786563,-0.007012463756983894,-0.001881218713296626,0.0015025371598376268,0.003560941977886213,0.0046171153982146,0.004914147957161126,0.004630583287412095,0.0038970186510978565,0.0028098332558347443,0.0014411105472099004
13.645861799457549,13.115595444569099,-3.5132957979814265,-4.051318656339566,16.32480669724025,843961.1987341938,496627.45902103605,0.029798542442829364,0.01739941565555657,1.229627215086765e7,-0.0019957749329917894,-0.0002532731917917843,0.00014051353035912295,-0.00031082763085772723,-0.0013338836384595562,-0.0027627947600054933,-0.004490021062121995,-0.006442811681954449,-0.008570530702317608,-0.01083717710725659,-0.013216654052960266
13.201930671826634,11.140603112842925,-1.484746159968684,-2.225410259550136,16.969058868705034,541409.212359027,68913.20635295387,0.22655984333564888,0.10802309203760242,2.341901526992006e7,-0.016068819201795155,-0.00772713464569558,-0.002050080550387791,0.0016119519783543256,0.0037521324972122423,0.004770670977125247,0.004967067401734906,0.004554963634185647,0.0036850852058196402,0.002464465119114935,0.0009700130016051354
14.627656702268471,11.302150752530693,-4.086125252924904,-2.8618253583305746,15.711507921576636,2.25273750216331e6,80995.65194567076,0.016804219675928517,0.05716431960664752,6.659186724200044e6,-0.012648618110382133,-0.005967788925434266,-0.0015616877419208474,0.0012124564237180676,0.0027734531696687065,0.0034271199804119384,0.003397594377817708,0.0028482461927235568,0.0018987977357070656,0.000638085705944695,-0.0008670756804250395
14.742813415805102,10.248245201876285,-4.366358690195353,-1.3867675731566398,16.127093065330286,2.5276824565191935e6,28232.955288827667,0.01269739162848745,0.24988172497760194,1.0090380127735214e7,-0.018867820770105376,-0.009446904780979048,-0.002632346127280908,0.0021899743388669223,0.00544131245467942,0.007482354469554742,0.008601987944214112,0.009016715357127524,0.008885352042293671,0.008325088834783783,0.007423962721351424
12.87744666633117,11.9243634639632,-3.396549730039102,-1.3847414628066463,15.35739405144928,391384.8657888982,150898.6146247349,0.03348861562357929,0.25038852617105156,4.673384275499092e6,-0.0112398065766277,-0.005200124941866319,-0.0013313620524949582,0.0010057825536097492,0.0022143962072884494,0.0025791356929176527,0.002305781722089593,0.0015443078453453412,0.00040518666839637257,-0.0010291881858303384,-0.0026966933581964603
12.238987685233583,12.326689839500007,-2.7549940504795547,-3.8259679213684388,15.510101115078577,206692.5464422118,225638.59012582956,0.0636093981130606,0.021797327218307825,5.444416331256458e6,-0.0015560507876786758,-6.68001840807552e-5,0.00018047643889417965,-0.0003317638516398879,-0.001347719498614067,-0.0027155753254029637,-0.00433866801754528,-0.006152360984121363,-0.008111751874576202,-0.010184588250581415,-0.01234694849548926
14.656454631968952,13.102682806852792,-3.2803839630888474,-2.8339887260338656,16.9405153549688,2.318554831214915e6,490255.9138205249,0.03761381171883242,0.058777936385486805,2.276000427310834e7,-0.007097599868026184,-0.002915091874259065,-0.0006342950953078098,0.00036969131453138494,0.0004712673814047759,-8.460211821321161e-5,-0.0011310477016880304,-0.0025512879207437917,-0.00426179803757656,-0.006201781660948755,-0.008326369466633187
15.414086902117342,12.655075484760623,-4.120546614506021,-1.256289614437057,15.61307320452479,4.945986027836044e6,313349.8211109806,0.016235637381098778,0.28470844724864725,6.034920290312915e6,-0.009448162373643714,-0.004250713355791931,-0.00105277194096397,0.0007607763437255487,0.0015655003816398192,0.0016173705981374254,0.0010972584526259233,0.0001353149400944476,-0.001173283036068637,-0.002757844158775521,-0.004565149449832161
12.402834714131828,12.159025635634366,-3.9230717006407065,-2.1792151392023396,14.631019248335933,243490.8671259619,190808.5094190872,0.019780242348949623,0.11313028733262497,2.2603251856104885e6,-0.004975034840456165,-0.0017743367921649838,-0.0003003025527579597,8.032480889189577e-5,-0.0002728431579455646,-0.0011363809698143907,-0.002363843731366017,-0.0038556991480975388,-0.005542534123786322,-0.0073749906318272785,-0.009317376244769724
12.903121014757913,13.011621635436294,-3.614924710723399,-2.0549732626779367,15.889925430411807,401563.5232838023,447584.9519482936,0.02691895184934692,0.12809626048271705,7.959887546620622e6,-0.003656167092328616,-0.001024840342204443,-6.398998737810265e-5,-0.0001438706932831052,-0.0009144984649855871,-0.0021634447443376658,-0.003754397081641757,-0.005596476412412178,-0.0076274346895078785,-0.00980375110981674,-0.012094432498185623
13.230428172470237,11.064720324069423,-3.440050459918897,-1.7187667321910678,16.367581126060546,557059.9662611074,63877.36319920316,0.032063067387260585,0.17928712065866248,1.2833649235761285e7,-0.016796109640638598,-0.008249688475474254,-0.0022487876511989107,0.0018239723710736658,0.004395178832040819,0.005816124133008336,0.006363593957122195,0.006245790321596961,0.005617048607335742,0.004592325338057605,0.003258312817956454
14.28144674858253,12.753586706960657,-4.2509060882740375,-3.5084989216263898,16.59695244705426,1.5935053155153391e6,345789.92171227036,0.014251315107587276,0.029941825747891088,1.6142279552608222e7,-0.005788892285330638,-0.0022445274718833337,-0.0004441779854224123,0.00020790220423173617,5.686297922733593e-5,-0.000676556646561724,-0.0018434697867087699,-0.0033399136703192484,-0.00509150248963386,-0.007044095674217209,-0.00915780913426195
13.882881975523762,11.476004745164893,-4.435306653143353,-1.5863542073004608,14.335438158512106,1.0696927070558001e6,96375.25388092581,0.011851431071758203,0.2046704391589086,1.681905876226737e6,-0.009027029216357651,-0.004013091642925566,-0.000981998074812946,0.0007000969733817569,0.001415207967063673,0.0014194805084940568,0.0008921802893415006,-3.808860777115113e-5,-0.0012772684671970133,-0.002755506682723305,-0.0044203563928833815
13.63377629524408,10.991295036435197,-2.6328168625523745,-1.3983587852403798,16.269933899452226,833822.8888039099,59355.20144809944,0.0718757128103524,0.2470020148153212,1.1639719469889965e7,-0.01718592976919637,-0.008505186437147531,-0.0023424079603531684,0.00192559953220659,0.00472052423057682,0.006385436855217002,0.007188372765656763,0.007329216182507652,0.006954958186873976,0.006174449331411649,0.005069584257676235
14.170163027974915,10.82809684885101,-2.734528219321546,-3.1053931961308407,15.29714059506165,1.4256850998488748e6,50417.66299182354,0.06492463006566118,0.044806897196555416,4.40011218459204e6,-0.012510310308240761,-0.005888806198628059,-0.0015389210573644966,0.001194408005344423,0.0027342460584599227,0.0033856804145745243,0.0033705436470564828,0.002849803705214234,0.0019409661619859628,0.0007307411018438741,-0.0007161940917866187
14.14564790747283,10.59230623088489,-3.533170364238823,-1.74263030832378,14.962445181115788,1.3911591903734705e6,39827.23409010828,0.02921215572916209,0.17505933448512767,3.148526681147032e6,-0.013917263632876604,-0.006687849822280225,-0.0017887281172745547,0.0014263168273527594,0.003376954927219675,0.004374852577302974,0.0046520418821522575,0.004379444866391184,0.0036832690012976056,0.00265778367247725,0.00137437827864077
13.886926241005785,12.984802570625199,-2.8757659023633324,-2.8861219171835124,15.830770780407164,1.074027588143822e6,435740.6782058172,0.056372946792012754,0.05579216022734053,7.502679492786156e6,-0.004463731272970202,-0.0015217911354010766,-0.00022536123776022962,8.821607069852676e-6,-0.0004885712019722651,-0.0015109022604480043,-0.0029215619657055325,-0.004626809251042844,-0.006560617918837886,-0.00867557746833181,-0.010937093036892331
13.480906032199023,10.572937952666349,-2.697363033426815,-2.4520335787442695,16.815115128351145,715621.0400816139,39063.271343068314,0.06738296529577982,0.08611828000629179,2.0077596077218946e7,-0.016143346535413536,-0.007801058900244845,-0.0020848053092841893,0.0016548295944641637,0.003897640838276559,0.005030949942908009,0.005346602574280831,0.0050552068860253005,0.004307572778480087,0.0032127387317058814,0.0018506582174096452
13.673820731566519,12.337316756022439,-2.1315467821060117,-2.725829570997238,15.06565188327531,867890.4114366445,228049.21867526363,0.11865362054066826,0.0654918500370913,3.4908362661236045e6,-0.006526587456013464,-0.0026257620379724162,-0.0005551850901278478,0.00030629330039094586,0.00032220797066611224,-0.0002740730522835829,-0.0013255724123577201,-0.002723455716923308,-0.004390549726119737,-0.006271138240893446,-0.008324355471534565
14.08344936494242,12.030796520989048,-3.6192250573097366,-2.4820909467227583,16.868389707929328,1.3072671419405122e6,167845.05161674155,0.026803439576072622,0.08356830590669223,2.1176226267621253e7,-0.011049731130099733,-0.005014583162525471,-0.0012502274858922973,0.0009119759816815326,0.0019127222437236191,0.0020640705088200316,0.001587093537421352,0.0006386342722482127,-0.000668856006911055,-0.0022536085850585275,-0.00405540220499025
14.873835209954532,10.80449617970594,-1.7842585106886455,-2.5386391650563556,15.374979726663703,2.881539361834526e6,49241.70370430115,0.16792152686674638,0.07897379700175455,4.756295784223266e6,-0.01450383835210889,-0.007011640428215515,-0.001885584725993145,0.001511529741282648,0.003599674797318152,0.004697115430481919,0.005042869264371261,0.004812792355264127,0.004135757459716127,0.0031068904265123664,0.0017971732899386584
12.841607086596253,11.164129482161066,-3.865675322859598,-3.0557755239198046,16.784359771371335,377606.18262484524,70553.70572761205,0.02094877047543542,0.047086190140223895,1.9469501458009742e7,-0.008097217448961587,-0.003462713201722657,-0.0008074925951984565,0.0005386635938423928,0.0009760331406104441,0.000765772665904958,8.560253199128521e-5,-0.0009400846488848831,-0.0022223190221127205,-0.0036963933132497465,-0.0053146205370028935
13.921901989949113,11.786507737313038,-3.8787650923839276,-2.0975219360983486,14.111603577288797,1.1122571643376711e6,131466.55153748274,0.02067634279571272,0.12276025940838947,1.3445952243546403e6,-0.007247149236818304,-0.003052516282558166,-0.0006944377792822992,0.00044169946888324927,0.0007162157545194376,0.0003635685041410215,-0.00045557454645442033,-0.001627525795590154,-0.0030700124788435985,-0.004722547699568846,-0.006540177455309207
13.600550553560867,11.210824589732384,-4.383635954384852,-1.2704604904301662,13.97014087774412,806573.6989285031,73926.34877479456,0.01247989968187012,0.28070233127486727,1.1672263808312593e6,-0.008741674881560755,-0.0038625679452756294,-0.0009394178427915557,0.0006650867578077801,0.0013315308063034815,0.0013126709622322211,0.0007843698991837209,-0.00012755681315952384,-0.0013312038928111943,-0.0027583664802805687,-0.0043578564599652545
12.5761616458746,11.907322996261081,-4.58699248128711,-1.699389951305108,16.265991121640116,289572.6938553272,148349.0165231825,0.010183439248142799,0.1827950038987712,1.1593916996048866e7,-0.012674360772879818,-0.005839221561726483,-0.0014726537568926583,0.0010855675838131488,0.0023107178650588257,0.002566672920165847,0.0021204220016201956,0.001162464992513733,-0.0001719078970860016,-0.0017859287921289683,-0.00360972136907985
14.377354127366656,11.357370182415234,-3.624307079190428,-3.8141100657363913,15.687500284456682,1.7539029634277707e6,85593.97570842678,0.02666756944957288,0.02205733530016567,6.501219186665715e6,-0.010522030636172628,-0.0048120705822496295,-0.001217225744288139,0.0009070602043558974,0.00196227220503988,0.00222630707148793,0.0018969053157526805,0.001116647146425241,-1.0231070634497543e-5,-0.0014064639691929546,-0.003014126399066974
13.920077908471185,11.051964000514143,-2.113563414814362,-3.5760645043896835,14.981664863258123,1.1102301659126834e6,63067.698041026095,0.12080671408955924,0.027985619097989817,3.2096256335996245e6,-0.010443274159628672,-0.004766644402461106,-0.001204260006194844,0.0008970220317683527,0.001941294978026597,0.0022053708145090985,0.0018842879755379463,0.0011172733558950016,4.928221541410332e-6,-0.00137918189814351,-0.0029806708883827215
12.710057696586906,12.831081810216414,-2.2812791353282447,-3.266619580479207,14.112273573911873,331060.92358345486,373652.61587974016,0.10215345501559331,0.038135122142280986,1.3454964004731288e6,-0.0012377968013535636,0.0001340150582748224,0.0002507892206458123,-0.00040551375174080576,-0.0015794711530121208,-0.003119665786951036,-0.004929849651777603,-0.006945805722329861,-0.00912305015181331,-0.011429751759458737,-0.0138424254832287
14.696249766190101,10.795944832370907,-4.599649235937263,-3.7377075996154616,16.03162697552613,2.41268252216669e6,48822.41608464114,0.010055362185815597,0.02380861950926639,9.171642781093594e6,-0.013611834000401763,-0.006505304716700526,-0.001727798463974278,0.001365896024420726,0.0031991955630371843,0.004086639463824222,0.004261423365010859,0.003894558340080748,0.0031118732511005048,0.002007137929019509,0.0006512814645698972
13.050849133593212,11.156841136683882,-1.7552076723828454,-3.2787942688920753,13.939410912547189,465491.5083770882,70041.35530701067,0.17287133796099644,0.03767365372968665,1.1319030764253866e6,-0.008156047118601122,-0.003531693850845189,-0.0008372058031238314,0.000571201124618047,0.001072754769973928,0.0009132064468904189,0.00025899742032821886,-0.000773984204050442,-0.002103259589575883,-0.003668967836603997,-0.0054268413693077415
14.30449003351337,12.263425867805587,-2.4900130354032615,-3.6275086638271947,15.120046082479844,1.630651251056543e6,211805.96345192337,0.08290888581736805,0.02658232749639891,3.685976650251577e6,-0.007178652841256805,-0.003004923000622197,-0.0006756201476948828,0.00041973050934241714,0.0006407826963349027,0.00022184645198196449,-0.0006769334211083671,-0.0019428335828566214,-0.003494802505503706,-0.005273616059747707,-0.007235450993738515
12.79431453994595,11.590867127378678,-2.976720023542755,-2.5599767818417014,15.84228524101573,360163.91993268114,108105.95904176481,0.050959706684026294,0.07730653533783759,7.589568077867442e6,-0.008149057348211355,-0.003452027992863148,-0.0007921991994438479,0.0005140707066375484,0.0008802762180225934,0.0005764345654734462,-0.00021501347992781527,-0.0013678149502012232,-0.002792869759938137,-0.004426285807760808,-0.006221633907345211
12.370381623610534,11.308770533941988,-2.149356097375507,-2.514116441837504,14.89120028345392,235715.68274728116,81533.6040550154,0.11655918638136564,0.08093439086595339,2.9320144884118815e6,-0.008906433454144703,-0.00387215723220179,-0.0009219637547112318,0.000634554889302781,0.00121678291767508,0.001099785243859539,0.0004695252474420586,-0.0005456450658676037,-0.0018554853623092332,-0.003395442833756059,-0.005118556395730652
13.011979202141815,10.875036662512931,-2.15877423129868,-1.2849657063994675,14.800818909017517,447745.0220411649,52840.68184524244,0.11546656963582827,0.276660071139255,2.678637717852758e6,-0.013136749036305684,-0.006259799767187082,-0.0016604655517887734,0.001312597445866182,0.003075880908064888,0.003930871688749426,0.004098314255184507,0.003739289214329761,0.0029718528609218313,0.0018833976083998916,0.000539325194982497
13.071349630444606,10.095897888060838,-3.820127179622934,-3.2093284979696337,16.300394950333256,475132.8035898045,24243.356208877354,0.021925012302141916,0.04038372192051963,1.1999732913944118e7,-0.012361152774013775,-0.005771650720434899,-0.0014976090588335697,0.00115607881914342,0.0026379083846938605,0.003265183460908592,0.003264822375834132,0.0027999401720910353,0.0019891383171258023,0.0009198625267421396,-0.0003425959435120529
14.186596076497542,11.032570795766938,-3.4591404453489383,-3.778448558075273,15.166301013661938,1.4493070106969106e6,61856.3967307416,0.03145678923051126,0.022858126986404992,3.8604758601023317e6,-0.010850609735514567,-0.0049928365433174,-0.001273095930942541,0.0009592983437705961,0.002110140230376265,0.0024611099727589137,0.002213108815264547,0.0015112213257270706,0.0004616167621793915,-0.0008569647631554586,-0.0023854755551866195
12.269470656161484,10.009303753511782,-2.169496059076352,-3.999850420256841,14.147266076425568,213090.16312078113,22232.350870181206,0.11423517018506955,0.018318378742203136,1.3934121433212983e6,-0.009818619722580378,-0.004443799936362978,-0.0011193803809650621,0.0008363012692040449,0.0018280565097326769,0.00212003685683109,0.0018917908323175297,0.001268533418773861,0.00033947593620590577,-0.0008305497345434596,-0.0021935165723893173
13.894162687376918,9.939549279080165,-1.839050774340151,-1.0721677373725198,15.590705121488588,1.0818279204904716e6,20734.396752972785,0.1589682512552382,0.34226577036752875,5.901429227496051e6,-0.01848057918640466,-0.009226649505375339,-0.002564935681967078,0.0021302316786115227,0.005285891499234509,0.0072598839608239586,0.008335626792635557,0.008724794995064528,0.008582496219305924,0.00802293988480574,0.007131424041924115
12.42263518718338,10.12990148453432,-1.9538264312863554,-2.991424321825968,16.063886669611627,248360.1494393871,25081.89335533318,0.1417307098588875,0.050215862214562396,9.472341315515377e6,-0.0127426839728231,-0.005961452098091628,-0.0015507967279828198,0.0012018476448686826,0.0027584817647980705,0.0034430955539213447,0.0034835709621352817,0.003040255219050069,0.0022268873941891556,0.001125165519374525,-0.00020537883842873135
13.608526957435751,10.907827041204994,-3.5286178274518862,-2.8380793272529363,16.842336665295573,813032.9831894599,54602.068258343104,0.029345448322247638,0.05853799038354288,2.0631645932174657e7,-0.01253385230708931,-0.005843745719192921,-0.0015076085179007873,0.001151661632676915,0.0025850934862837378,0.003119111857572406,0.0029887104266790214,0.002362371268704392,0.0013618478814478264,7.62974432351081e-5,-0.001428167383086523
13.051307676979562,12.936443153750597,-3.1741916474680023,-3.344759072116857,15.627654249530622,465705.00537473353,415169.9169089271,0.04182790211330004,0.03526871135005494,6.123560396911967e6,-0.001418565080341042,4.583142098261053e-5,0.0002262785121641199,-0.00038435144441588127,-0.0015222554884468228,-0.0030296498292554062,-0.004805615958738672,-0.0067827284741516745,-0.008914522161759272,-0.011168150792420572,-0.013519810674912027
13.379913331504662,12.769066754056048,-3.2179507463844033,-2.5471144794313325,15.162847666742913,646878.218902508,351184.411741466,0.04003702026003484,0.0783072976302336,3.8471672904649116e6,-0.004129416404657485,-0.0013389103114970777,-0.00017108404464205725,-3.8664832870543916e-5,-0.0006113133548570771,-0.0016843356234911063,-0.003123434840344927,-0.004837116680786875,-0.006761404600838111,-0.008850702413633666,-0.011071984624998461
12.609774626192552,10.640413991505328,-1.8458325315701374,-1.0734493176146422,16.73368536223239,299471.5277850989,41790.06837114404,0.15789381457030302,0.34182741027548597,1.850747684589196e7,-0.020572859044782756,-0.010396986228632396,-0.0029241052177150562,0.00245559034445137,0.006164690309519132,0.008581967189295544,0.010016404733602635,0.010699565695365525,0.010800132582826022,0.010441383573160903,0.009714902990600313
14.769538417367556,12.646891665256172,-1.8196037589482477,-3.927539246290421,15.746061717391687,2.596145537296908e6,310795.88745340175,0.16208996490910813,0.01969207031623569,6.893308506729865e6,-0.007406508986589829,-0.0031295763801807456,-0.0007123537932424893,0.00045142291678799127,0.0007210407754274227,0.000332039048808201,-0.0005539386817388375,-0.001822847437693756,-0.003392528132320765,-0.005202779472925884,-0.007208847438810945
12.664826576875956,11.116858665598487,-3.4231723853014238,-3.945492725604906,14.01109303469949,316420.2698661586,67296.17410144172,0.03260882292675404,0.019341683878530268,1.2160190830702856e6,-0.006050094469460166,-0.0024295730053925167,-0.0005186005178709521,0.00029605750200046714,0.0003625567900388421,-0.00010013580545848336,-0.0009460390103403943,-0.002074050272998736,-0.003412211976085756,-0.0049082063576586215,-0.006523276283280429
14.02879027005824,12.483489527185103,-3.5842711665560163,-2.8264453702521166,14.264612859316731,1.237730811105734e6,263943.28438798856,0.027756890409797865,0.05922299578204215,1.5669049454955526e6,-0.005189122447979369,-0.0019470149107173856,-0.0003626059050413509,0.00014099234797325237,-0.00010739983733864865,-0.0008997070702799521,-0.0020963120124259872,-0.0035999610159180456,-0.005341183317835005,-0.007269495269841905,-0.009347750636874232
15.303010870991727,10.541978768951516,-3.6177926882547395,-2.845910436948931,15.480482390479228,4.426018020046866e6,37872.433152030244,0.02684185950267707,0.05808136324168653,5.285524367735367e6,-0.015663122976877327,-0.007660672143795364,-0.0020854605718313977,0.0016942617941181166,0.0040993468115663595,0.005458511197207015,0.0060232975323685455,0.005980429769727758,0.005467598838446813,0.004587310744015193,0.0034170942032415857
13.986913220557224,11.467471103935036,-3.5538158234426227,-1.7397417144790879,14.278170754808354,1.1869686006632573e6,95556.32124926177,0.028615240357808273,0.17556574085021176,1.5882935435499689e6,-0.008893083276531072,-0.003941183203983199,-0.0009606771715918763,0.0006811737629277634,0.0013646727038649227,0.0013439726799473878,0.0007964287102763878,-0.00015108474638934947,-0.001406074653714786,-0.0029001117046116355,-0.004582029909671627
12.446054509100163,11.679412618889527,-2.111442769449411,-1.802085991230431,14.508398940995146,254245.21892184773,118114.83626457292,0.12106317412212658,0.16495443557785647,1.9994824719122376e6,-0.009445947924257818,-0.0041926424437647184,-0.0010223637360096246,0.0007253608801963836,0.0014569429631505959,0.0014466416653669187,0.0008851315101792951,-9.290636336049253e-5,-0.001391058236058614,-0.0029394543938190405,-0.0046868815767451295
14.661512592529794,10.09217289603294,-3.0627043860102683,-3.5145633571367743,17.02432981054532,2.330311697928814e6,24153.217886762093,0.04676106409987521,0.029760794956180177,2.4749845648748413e7,-0.01689889894672477,-0.008306157967819852,-0.0022685425678776335,0.0018475971178922915,0.004484484040082587,0.006001707936759558,0.00667706365727579,0.00671569239080917,0.006267467884757773,0.005442903208664901,0.004324818801795602
13.102031456778704,12.883930183947307,-4.47735726180489,-1.8746556711395272,16.87128066995004,489936.68956939154,393930.6603951053,0.011363404010026834,0.15340778047801726,2.1237534510704625e7,-0.007109161103168921,-0.0027437904390604983,-0.0005405924086774723,0.0002564543393442042,0.00010670956823701916,-0.0006984768252209422,-0.0019691647302550654,-0.003578127097795056,-0.005438075017098496,-0.007487986934679228,-0.009684592291564953
12.346767191324403,10.546067717294134,-1.7090435955229943,-1.3956894621009588,13.912387679548662,230214.59883863767,38027.608610811054,0.1810388562171273,0.24766222377245967,1.1017249870822858e6,-0.012160718811956033,-0.00572106060306275,-0.0014998799767953783,0.0011722330320739314,0.002712600854117443,0.0034117185788745297,0.0034765506951096366,0.003055625288499047,0.0022564980053833557,0.0011579445918050062,-0.00018163005338740906
13.508345214912337,12.015422116800025,-3.882919644243607,-1.5224231441683003,16.961930047729876,735528.9762469133,165284.26964191473,0.020590620050394907,0.21818255809787362,2.3252658969308447e7,-0.015857170078713144,-0.007735273089222905,-0.0020925387713871153,0.0016815729866135531,0.004001899426072288,0.005202937888730965,0.005547036065691818,0.005232731567588722,0.004408646414728072,0.0031865325410104102,0.0016512610942975028
12.941719354858737,10.40335796732486,-3.87919279405642,-3.694468401151292,15.71146961545034,417366.2258733615,32970.15269296555,0.02066750138019685,0.024860666051784552,6.6589316414380055e6,-0.009646599356234874,-0.004328445878825357,-0.001076086910871131,0.0007887192693401671,0.0016764477681563846,0.0018608349730169032,0.0015317765301638558,0.0008242493072108386,-0.00016391570925638576,-0.0013606632386186028,-0.0027122247240444143
13.304073435896363,12.265220637846545,-1.8973893319879425,-2.7178334988170723,15.790141591663431,599633.2131750376,212186.44778843247,0.14995960337529196,0.0660176268705688,7.20396114450555e6,-0.006689371674160897,-0.0026882790843282033,-0.000568078924786862,0.0003140180035157551,0.00033553762337414653,-0.00026216507435162373,-0.001317998887718257,-0.0027212529211004255,-0.004394059557640379,-0.006280553848191075,-0.008339905458699054
13.34125289316659,11.41861673098579,-4.576669781671335,-2.267070907074354,15.497736902966768,622346.8750251081,91000.17703947122,0.010289104268401666,0.10361523467977872,5.377514857207389e6,-0.010936169470992359,-0.00497231585899085,-0.0012453628654050305,0.0009154295730805779,0.0019441752490670858,0.0021462459115638485,0.0017386410044097343,0.0008764692143951898,-0.00032809194807682367,-0.0017928030439751444,-0.0034566813811000006
12.722773996258205,12.042743817839604,-3.4431486797559456,-1.1585155536670113,16.929440980226385,335297.6743015084,169862.37304665812,0.03196388268319279,0.3139518798613126,2.2509341982519355e7,-0.016266883215507007,-0.007995168631148568,-0.0021865181079057743,0.0017839525302253021,0.004333972168737618,0.00579372491172982,0.006417241137559053,0.006393163979698474,0.00586041141275149,0.004922311902131406,0.0036571303606347
12.52103708318231,10.004971979904086,-1.8907079998856418,-1.1047690563746277,16.321741568345576,274042.1164370355,22136.2536454218,0.15096488786747417,0.33128738211712794,1.2258640194662167e7,-0.021244564190358382,-0.010769099055322412,-0.0030380261974355706,0.0025590595239137594,0.006446083281527455,0.009009913634819977,0.010568515521721777,0.011360439492761592,0.011559359255716106,0.011292147836408226,0.01065307236380639
15.341311246676394,10.280624320018061,-2.7662182607864696,-2.380391645494967,15.604626432086896,4.598824322265231e6,29162.07433816882,0.06289942475000573,0.0925143375906686,5.984159376689832e6,-0.016998101788561124,-0.008401928817627195,-0.002311648910780448,0.001898906830172032,0.004652911582279896,0.006293068140517457,0.0070865433911594874,0.007232517895767566,0.006877562074221716,0.006130321107405444,0.005072581055540828
13.675888612029622,11.304576410190332,-1.5179120824256014,-3.8655491422485566,15.64155441661793,869686.9619482311,81192.35814370967,0.21916901640295167,0.020951413970870005,6.209273240948136e6,-0.00929980046942282,-0.004143371348728006,-0.0010166946751612603,0.0007281129586872988,0.0014835799622848183,0.0015115517685444868,0.000992900401953849,5.503049455110617e-5,-0.0012108140656731502,-0.0027382366587958497,-0.004478146407046173
12.323896564236861,12.179624947322603,-3.1804359031829863,-3.5421577452231343,14.608473117574007,225009.19887435614,194779.79583315487,0.0415675317520434,0.028950791206784645,2.209933798408529e6,-0.0021834704247733943,-0.00039479549688092766,8.308591978923644e-5,-0.00024323391583817245,-0.001101742855977803,-0.002329368516808206,-0.003821493290790434,-0.005507836201138139,-0.007339509021955204,-0.009281468982282264,-0.011307853831221872
12.385772482762334,12.902685851044083,-2.543746992646395,-3.443583417750282,14.847782711328097,239371.61139445042,401388.8154256888,0.07857144092007187,0.031949989789047166,2.807437521841619e6,-0.0001802036047968004,0.0006727815961655799,0.0004050926786981307,-0.0005393387941280319,-0.0019302002661482482,-0.0036331383675739957,-0.005563792791410573,-0.00766637879480688,-0.009902462252194067,-0.01224458003060118,-0.014672409361488977
13.137172638537583,9.975066318576596,-1.4104194276108797,-1.1451211596239688,15.898536766831167,507459.73078227794,21484.05516134179,0.24404090419125435,0.318185364235816,8.028728798323434e6,-0.019970712473086905,-0.010055781390958364,-0.002818689623698657,0.002360086102426684,0.005907912959825271,0.008198587163327853,0.009533806156963831,0.010139388014250284,0.010180156710238824,0.009776834242753468,0.009019150994497788
12.25169972271083,10.202772826748081,-2.9358655486659497,-2.147966475332389,15.382885977347401,209336.80116311164,26977.88746740121,0.0530847519795312,0.11672127218901171,4.794049298733738e6,-0.015272107407520967,-0.007336783764528507,-0.0019543586008746137,0.0015491984346613968,0.003646781332832721,0.004704987817705224,0.004997551902700423,0.004723089354733043,0.0040250441463692286,0.0030078205504352855,0.00174821649654857
13.660607257281086,10.48125259787408,-3.3033857882124313,-3.833900969873233,14.266803813764653,856497.9962503781,35641.02346324686,0.03675849997566013,0.021625092042487908,1.5703417263957644e6,-0.010680609491040726,-0.004904002933483262,-0.0012503553544214372,0.0009443590349997423,0.0020886273651159093,0.002461937867475708,0.002261962159354582,0.001630890316253556,0.0006725390546959109,-0.0005362600959069584,-0.0019380109391585883
14.162519330262807,10.445593299113789,-1.8919238156519596,-2.8537632065272103,16.74538611603273,1.4148291366195504e6,34392.48289931856,0.1507814539101893,0.057627049823290886,1.8725300139160767e7,-0.016439863606965966,-0.008017767072412078,-0.002168548728090354,0.0017460903572562175,0.004181873286212202,0.005507149350021822,0.006002897962550407,0.005874150805560921,0.005268872911505757,0.004294561062298763,0.00303026036186223
13.364971965243441,12.209039517204229,-2.552206766356769,-3.470079743574313,15.788047453691625,637284.8222063732,200594.25543872258,0.07790954798950868,0.031114549376748502,7.18889084108021e6,-0.005095275809426999,-0.0018818830166887693,-0.0003407159553523609,0.00012050523382272449,-0.00016228604473138657,-0.0009787614755238606,-0.0021896416228059995,-0.003699261554490687,-0.005440188279920445,-0.0073639318624928955,-0.009435011266763051
13.977799140547354,9.92968992905303,-3.4154243056301476,-2.3137283924046623,15.827657553083451,1.1761996230742575e6,20530.973535974128,0.032862460016088786,0.09889185571749093,7.479358266963015e6,-0.01808877823904338,-0.008966698987066741,-0.0024693229951997225,0.0020272445793947675,0.0049619346705062775,0.006705884849859702,0.0075526985355641105,0.007721392899695348,0.0073726000577628206,0.006625004443912925,0.0055677785052285446
14.095145425985091,10.392725347982962,-2.378361103812242,-2.604922417939937,14.520375468006002,1.3226467835203428e6,32621.450702633007,0.0927023826614627,0.07390887097760121,2.0235733020241894e6,-0.012998271750182653,-0.0061741931525539,-0.0016321197755688717,0.0012853200775997495,0.0029990795847158608,0.003813189000389032,0.003949715088099086,0.0035703999520824755,0.002793561089071316,0.0017065569024165672,0.00037452334570204656
12.759001063152652,10.281155110896597,-2.0723477678955415,-3.4257723049542275,15.416090533007978,347667.2291354151,29177.557409999827,0.12588987427478074,0.03252415272273029,4.95590589278135e6,-0.011039701078501466,-0.005069884692640415,-0.0012937417913929813,0.0009796968049286213,0.0021786217129732767,0.002593374653175925,0.0024256628709322116,0.001817442006075494,0.0008699597331917491,-0.000343533032197601,-0.0017692584827337494
13.422146191039575,10.634463943102828,-1.7351274573893791,-1.3309058146654644,14.63630376619413,674782.834241357,41542.153725075164,0.17637771821010936,0.2642378023869273,2.272301531154062e6,-0.013401883161806113,-0.006405950461529245,-0.0017052091660358412,0.001353681034490107,0.003189451736712822,0.004106277064506505,0.00432712804866051,0.004014492593072817,0.0032870622116172176,0.002232279923636678,0.0009152309243673565
14.249141837400042,10.979272552654043,-3.897914670470072,-2.6977108706440207,15.748088928892374,1.5428498827453393e6,58645.87696620182,0.020284166544074077,0.06735953106852874,6.907296874912387e6,-0.013477525296655008,-0.006407020996105817,-0.0016895677792880138,0.0013235594456481757,0.003064261583306332,0.003854427949392405,0.003931960107384695,0.0034704394860483974,0.002596847930753376,0.001405191194897296,-3.397383263457506e-5
14.558142908589733,11.067641992432552,-3.9596602612315186,-3.723375704489522,16.102337288394896,2.1014600196841466e6,64064.264569341016,0.019069591870864582,0.024152299054042693,9.843651507914152e6,-0.01233353099161534,-0.0057995576230260425,-0.001513498598452865,0.0011722137413425664,0.002674581749690037,0.0032942204461847567,0.00325009795973925,0.002701634533922206,0.0017658098715458662,0.0005295947861155007,-0.0009414975855860626
13.501620253651673,10.606069364595859,-1.5463148683112267,-2.4580989662893584,16.5141155958261,730599.1673417578,40379.17111730563,0.21303157851741658,0.08559752016498018,1.4858989533140091e7,-0.016488547771254632,-0.008011827296560421,-0.002155437130973861,0.0017240899257689123,0.004097298952011058,0.005346619473908988,0.005762359208533737,0.005554690266738938,0.004873881120066515,0.003827939855006603,0.0024953485536249403
14.683709476835267,11.685346388814471,-3.94658675053738,-2.9690431376394084,16.610191305646083,2.38261570254814e6,118817.78603624763,0.019320535164850546,0.05135242403232782,1.6357405779763611e7,-0.01222831699990949,-0.005716747619037608,-0.0014787021613670908,0.0011311513171502442,0.0025366989177375244,0.00304591366106721,0.00288263022028201,0.0022087302194800256,0.0011420283377785662,-0.00023061814850750646,-0.0018442996142662175
12.758251780255224,10.99182969498631,-3.7519008116683294,-3.7613345988207887,15.116348966543487,347406.8255967695,59386.94469925082,0.02347308550917419,0.023252686649191258,3.672374327412961e6,-0.006992308666792773,-0.0029168583751474743,-0.0006592498095057162,0.00041863421730395616,0.0006856951609567754,0.0003775630063889045,-0.0003469135750324336,-0.0013768363644186643,-0.002632819721783975,-0.004056941408453109,-0.005606260353307999
14.247359155517158,11.607839632981237,-4.509071165198264,-1.6490450345075724,15.032120168940544,1.540101922308742e6,109956.44732699051,0.011008680674226194,0.19223339725502328,3.375723294943205e6,-0.010858404823168693,-0.005008515555497294,-0.001279385245147544,0.0009647481755025785,0.002120298830640198,0.002464063165662344,0.0021946971839031863,0.0014563929472447804,0.00035515432810600053,-0.0010299861489648145,-0.0026393763434962446
12.74057804098939,11.85919707866178,-2.3590493799741763,-3.7471113969470453,16.85729206378438,341320.78788313235,141378.6567460708,0.09451002362759708,0.023585777499388953,2.0942519241439197e7,-0.004633699321813147,-0.0016557490013390272,-0.0002804627878512103,7.333602680327854e-5,-0.0002704333270349929,-0.0011121321333440652,-0.0023211836485871095,-0.0038086881527946777,-0.005512279368126813,-0.007387104718960793,-0.00940015968262705
14.415684549777286,11.465701597156885,-4.262598846984743,-3.5890472362132337,16.964746370001446,1.8224358617263497e6,95387.38320370526,0.014085648356895715,0.027624637643345034,2.331823825349014e7,-0.010915830852650797,-0.005012993909400976,-0.0012728854285061618,0.0009526657074957762,0.002073756540974478,0.002377537202941333,0.002069172200919469,0.001296581617285875,0.00016776257990779302,-0.0012373061724031162,-0.0028586638947187912
14.650186850944165,10.729796035585796,-3.798692817240094,-1.9784943960172532,16.323972925724963,2.3040680845428994e6,45697.37043840486,0.022400033664560788,0.13827727147371655,1.2286024142246578e7,-0.01771524744760939,-0.008788524636495702,-0.0024236297135750303,0.0019928439421746675,0.004883596413990218,0.006602795398811505,0.007431059180903096,0.007578508443618716,0.007199681371067279,0.006408913210611597,0.005292172268873363
12.258520343728323,11.70986355270438,-3.6315668164065174,-3.3008186989687878,16.639364924960475,210769.48850340085,121766.8649746962,0.026474670946603652,0.03685298354755387,1.6841639591597755e7,-0.003995271521163243,-0.0013363702451307583,-0.00019372234278453013,4.848293216484325e-6,-0.00042495078398844676,-0.0012898881140607312,-0.0024640015500968764,-0.0038616261430700384,-0.005422665982452494,-0.007103877936700931,-0.00887339935673684
15.089823389280232,10.782394870117193,-1.6612537723500078,-2.1548344793103675,15.678521489497745,3.576243083302351e6,48165.3359484568,0.18990073848719344,0.1159223765767128,6.44310735014609e6,-0.01573004930669139,-0.007696103614252701,-0.0020951946148377327,0.0017017202466977576,0.004115033637157395,0.005474196745836404,0.006031483995829296,0.005973808629490041,0.005438357348498547,0.0045264366526227996,0.003313752935283975
14.071404108501875,12.108103632442893,-3.8324943052271845,-4.059503878785073,15.441750614428322,1.2916152288747432e6,181335.39968792995,0.02165553269981043,0.01725757884282171,5.084720469792907e6,-0.006731400084447361,-0.0027659577951277057,-0.0006054358863855159,0.0003583584140769091,0.00048073500584625115,-8.47886794465784e-6,-0.0009526937883997749,-0.0022416676416701885,-0.003795986139915646,-0.005557517376237865,-0.007483236327238438
14.395737959086269,11.885570441280764,-2.496422236356399,-3.9164627340990754,16.069595147041355,1.78644462407581e6,145156.89069938826,0.08237920533486748,0.01991140224710382,9.526568592457607e6,-0.008910768091380906,-0.003936334171435192,-0.0009535584117364096,0.0006689480023679287,0.0013144308802803938,0.0012401488671650676,0.0006253581085173126,-0.0004023926508502198,-0.0017508054999707716,-0.0033521427084488515,-0.005156130553428527
12.624727358681112,12.2625550249744,-2.887893093769355,-3.415754669447251,16.633732269062847,303983.09147124185,211621.59403709185,0.05569342991968719,0.03285160524146958,1.674704309588479e7,-0.0029235520258405474,-0.0007560441782320068,-1.5213459306495901e-5,-0.00016305137518641099,-0.0009066270581466687,-0.0020686720828128943,-0.0035347876732155824,-0.005227894008504957,-0.007094382475431119,-0.009095974651011165,-0.011204648411041152
15.067155164257722,10.22802864155063,-1.7502912963704853,-2.182240412419482,15.479201628601153,3.496087920262081e6,27667.912896573816,0.17372333110338747,0.11278855448256545,5.278759202826964e6,-0.016879411161702197,-0.008333928687242163,-0.0022906144915350595,0.0018799420215560513,0.004602348239897448,0.006218295773842571,0.0069931203359282065,0.007124186954151339,0.006756342863536936,0.005996451209619444,0.0049243200990481874
13.02495933373455,12.791754758302133,-2.4775857501659924,-2.6523051057760134,13.985037003738071,453594.6939719459,359243.1579192957,0.08394564691017842,0.07048854210003634,1.1847436780821504e6,-0.0023720330974543275,-0.00044660059789484264,8.336268804865946e-5,-0.0002588109817805391,-0.0011892498354032154,-0.002536683719979926,-0.0041908675080189976,-0.006077687756421242,-0.00814570074811405,-0.01035823409966356,-0.012688477280335344
13.959641325741002,10.316495702566082,-4.0707603163104515,-1.5745558094974461,15.284376641879968,1.1550351400269752e6,30227.146869828386,0.01706440922526788,0.20709952389486813,4.344306268373984e6,-0.015870831424062475,-0.0077700335463040116,-0.0021181567414403283,0.0017240868724091238,0.004182197117863837,0.0055881041933156265,0.006195696454558602,0.006193568681354561,0.005721038334088994,0.004882105052997298,0.0037557022137072143
12.714234730496436,12.21943089359798,-3.8419856811032784,-2.052578399776622,15.812133812492592,332446.6684241503,202689.573614867,0.02145096425290129,0.12840340109777945,7.364147216355235e6,-0.0074025271957846115,-0.002988366755879101,-0.0006363476413883809,0.00036006516344822323,0.00042941289148553497,-0.00015170319198801294,-0.0011990679012583805,-0.002586853741834107,-0.004227273204743826,-0.006058058330972373,-0.008034474748884237
13.456815400113408,10.884744869361752,-2.343930494494719,-2.389121756280111,16.074224713769482,698587.2777425599,53356.16829046861,0.09594976607741956,0.09171019241981178,9.570774726113848e6,-0.01432420490624716,-0.006822299312527209,-0.0017985881279311258,0.0014072524127932717,0.003255256020968175,0.004097067031185302,0.0041928339550272,0.0037303098165477055,0.0028446048590977575,0.0016337594744844635,0.0001696839454083241
12.475098275664202,10.037260107668475,-2.397975066859581,-3.1349338084488525,14.938895294105166,261737.7364965924,22862.655807767762,0.09090183719293189,0.04350263324077855,3.0752455020630956e6,-0.011624764828561032,-0.005378201264867373,-0.0013845935991186995,0.0010609437837478084,0.002400230773544155,0.0029354782599151585,0.002877505092175904,0.0023749088198348808,0.001533720499536046,0.00043063271083771586,-0.0008781106938541273
12.335260573845147,11.953452976848745,-1.7239455498138927,-3.6343516343594358,16.791503429913853,227580.7896889834,155352.65060859238,0.17836102546753152,0.026401046370755413,1.9609082895893205e7,-0.00438410872332792,-0.0015199566048089855,-0.00023909776119533828,3.494776153247568e-5,-0.00037953548158669746,-0.0012882888379878313,-0.0025651778265127446,-0.004124590584390567,-0.005906338069944985,-0.007866809891027702,-0.009973537789084955
13.039527561864261,10.530989281151538,-4.330130241199541,-1.7739312924228092,15.37236552933111,460251.13349079905,37458.51306056065,0.013165832644573825,0.16966467456721152,4.7438781266466705e6,-0.015255839457285307,-0.007404026064060301,-0.0019979391535038644,0.0016069301247107048,0.003841939907393992,0.0050405509011679905,0.0054563068054168,0.005277389950218216,0.004643020613314485,0.0036572683212996978,0.0023990813268371016
14.648474112489183,10.915067414686241,-3.2683263573152264,-3.037577488904356,15.723986684003128,2.30012519606383e6,54998.84228812453,0.038070089513049486,0.04795091051912739,6.742805779356407e6,-0.013828912005615465,-0.0066196666269000256,-0.0017601110836394788,0.0013924917855185808,0.0032636047998177583,0.0041720256883106014,0.004354847605050744,0.003985776704050144,0.0031921831076378087,0.002068488828868887,0.000685641878519561
12.952999765662275,11.60738586929819,-2.948860636477352,-2.388369282404129,15.689518716402471,422100.9429267334,109906.56440286218,0.0523993738854568,0.09177922791421456,6.514354707276287e6,-0.009255271242836425,-0.004035470469959968,-0.000960668912775719,0.0006590929749941619,0.0012548806597200187,0.0011158430805980463,0.0004403308763713297,-0.0006333394701663164,-0.002007154170356146,-0.0036106656492831176,-0.0053926467894536735
14.268479413389494,10.385772722279686,-3.7949817515419575,-1.2460468473797528,16.863380812469853,1.5729751961076644e6,32395.432586139625,0.022483316098842496,0.2876396356662284,2.1070421966572642e7,-0.02085849744898811,-0.010560274575910548,-0.002974174396933249,0.0024996103591971254,0.006277376388692277,0.008740029682807834,0.010201526374850032,0.01089787691307701,0.011001109028077806,0.010636994563076964,0.009899086339019572
13.30924232342278,11.279354807854135,-1.4916648379603976,-2.75514107520896,14.07129475521357,602740.6739500598,79170.16544082374,0.22499775874505965,0.0636000466459807,1.291473994224618e6,-0.008965729977445418,-0.00396465303245462,-0.0009643953410713015,0.0006825924553359121,0.001364949672451263,0.0013394287818087975,0.0007822401802827594,-0.00018295187804511247,-0.0014677366263819577,-0.0030077899770684464,-0.004755489760758103
13.857864174807302,11.437890279790196,-4.4907102188391494,-0.9435553404309056,14.458350447575235,1.0432633290159401e6,92771.08440812274,0.011212677526205255,0.3892414863537067,1.9018743304295472e6,-0.0096274798754144,-0.00434379454455832,-0.0010825957159394308,0.0007915988663823501,0.0016649728629467855,0.001799137690564987,0.0013784359291695138,0.0005356089613757826,-0.000632023886263013,-0.002052008934690426,-0.003669778470862894
13.259104187858153,12.3731535753204,-2.833859762494475,-2.4031079918894798,15.704567827511744,573265.4705856121,236369.9816606566,0.058785517085007566,0.09043644032297588,6.613131341138015e6,-0.006537265861681007,-0.0025855816122156193,-0.0005317869938222865,0.00027715197161990693,0.00022657278622134242,-0.00043692461853743356,-0.0015487326088842275,-0.0029957271114919902,-0.004698428628234289,-0.0066000363059125515,-0.008659382269237386
13.631543174059917,13.047154850989488,-3.2918972419532304,-3.6995515417856613,15.21654117887652,831962.9387669339,463775.0237373565,0.03718323683595884,0.02473461642537729,4.059381495148974e6,-0.002319059451360441,-0.0004211297184342697,9.141969595910801e-5,-0.0002672425756489976,-0.0012166372658146416,-0.002586084225044262,-0.004264678382419167,-0.0061772568491422234,-0.008271410776189411,-0.010509809622761695,-0.012865346066136728
13.620849355325701,12.99653273782635,-2.1369568454358534,-3.1578493102162173,14.688040313311255,823113.4794963755,440882.0850451496,0.11801343023573993,0.042517083878225004,2.392956798174817e6,-0.0030281751677070845,-0.0007864978478025342,-1.4140430717813826e-5,-0.0001751189601379162,-0.0009744026729547789,-0.0022316212661804146,-0.0038293286667997143,-0.005687761919059862,-0.007751059218759508,-0.0099791048980968,-0.01234241481051624
14.698746516267182,10.338170750279334,-4.334121623872679,-3.190551336972049,14.945446774939116,2.418713913745387e6,30889.473773769867,0.01311338750222094,0.04114917762081813,3.095459056085139e6,-0.014333404077136727,-0.006916640888128441,-0.0018581070917620005,0.0014891210911632102,0.003548042819886807,0.004636065979335838,0.004990838128756118,0.004787825908486032,0.004156792864421598,0.00319489238550886,0.0019759853953298196
13.859997046716641,10.036964892022596,-1.832708197066355,-3.9321590976134697,15.49544566681152,1.0454908507292437e6,22855.90739023519,0.15997972395396526,0.019601305700080247,5.365207805306404e6,-0.01376062118380397,-0.006578880870482343,-0.0017511526459823854,0.0013905836478618056,0.0032807046850093693,0.004236411594810462,0.004489568437533797,0.004208075904236394,0.0035136273393434753,0.0024951150064687123,0.0012181277444622057
13.36755774865841,11.006873537995986,-3.348312529611529,-0.9450582924305193,16.114205524280457,638934.8350988614,60287.10654207485,0.03514360788993538,0.38865691448522716,9.96117430062854e6,-0.016639499422945153,-0.008209305199790615,-0.002254827626149559,0.0018493224962162686,0.004523508773368337,0.006104057637031845,0.006851385163779062,0.00695903378764216,0.006569138903672997,0.005786867632992835,0.00469128835237055
12.515507770108641,10.630362934672878,-4.200385196300029,-2.992099411199491,14.071657415006834,272531.0332557773,41372.13785898137,0.014989801692120098,0.0501819734598552,1.2919424448553398e6,-0.008386091957655734,-0.0036502002345670374,-0.0008748570235439313,0.0006103821324584303,0.0012026758593819875,0.0011608724782861785,0.0006617447024737468,-0.00017026839363875953,-0.001245551508687911,-0.0024984153792783404,-0.0038800145343883875
12.813721002536063,11.63973898519553,-3.387304142629148,-3.375607554365478,14.847867507728342,367221.6892378763,113520.53052124914,0.033799673286182774,0.03419733525856395,2.807675592531009e6,-0.00536585640625868,-0.0020410269401327087,-0.00039490666998147177,0.0001771286854227206,1.741547449780487e-5,-0.0006598066659460612,-0.001712501685285059,-0.0030428821521988965,-0.004581813339675628,-0.006279421433454259,-0.00809909418970448
13.903537074076114,12.686815765849387,-2.3276073517775107,-2.0109837488149918,16.29390159482697,1.0920170776912633e6,323455.15724993765,0.0975288203057798,0.133856928282178,1.1922066811849674e7,-0.00966845097885614,-0.004249083368959056,-0.0010156938060709262,0.0006966658480170049,0.0013175365679178857,0.0011442709638551157,0.0003845482594817185,-0.0008156398657219884,-0.002352485799741766,-0.004151201444204423,-0.006157246308761799
12.215334436673132,12.530841670502092,-2.809249946702792,-1.490288652945332,13.913183091502484,201860.96285032993,276742.20127584675,0.06025016628472145,0.22530761044680037,1.1026016609190393e6,-0.004809960178790772,-0.001707087434330977,-0.000283083807249132,6.480856775063608e-5,-0.00032098668509853454,-0.0012265712409172188,-0.0025109691576928445,-0.004077971018284658,-0.005860278245147691,-0.007809900095382449,-0.00989201322595307
14.767286598475605,11.292415904686033,-3.3113974886672075,-3.649815384984901,16.520054440670012,2.5903060649143956e6,80210.99704257004,0.036465178455724674,0.025995927574338502,1.4947497323393507e7,-0.012506467846167975,-0.005893231665553767,-0.0015405231762851224,0.0011948252963711178,0.0027299149517933828,0.003367620006525413,0.003329182789346188,0.0027755815669757017,0.0018246358341677282,0.0005636340587517464,-0.0009419183666732716
12.496903506548017,12.280198096594864,-1.8684471705218266,-2.0894477424948343,16.600149312664144,267507.66698884877,215388.38010603318,0.15436317549430484,0.12375546183154294,1.6193966825587703e7,-0.008776141626175212,-0.0036780897796198863,-0.0008287261082460673,0.0005223099780061035,0.0008441653376034225,0.0004423095852494101,-0.0004812632353234934,-0.0017905887600519665,-0.003392306105213796,-0.005221007270496363,-0.007229936838102084
14.340005041527897,12.480104933632486,-3.4909715930965404,-1.6821531525854767,15.968719095996844,1.6896045096055567e6,263051.4537428798,0.030471252126023283,0.18597311614216497,8.612447478489328e6,-0.010964062587376111,-0.005045448665879466,-0.0012814458397533634,0.000956629263319444,0.002068113709957022,0.0023363676528510772,0.0019662702046358924,0.0011066410222174215,-0.00013347156608749136,-0.0016731920184936233,-0.0034518213111652415
12.786987072385049,10.95329781354359,-3.20937071571677,-2.095575072840639,13.970795433408625,357534.47584086156,57142.17923309463,0.04038201704674738,0.1229994896456557,1.1679906455702125e6,-0.009326133960074603,-0.0041545439917484005,-0.0010211752094203773,0.0007348097085026826,0.0015135099711013481,0.001582297379691054,0.0011268917832434628,0.00027922770602864614,-0.0008653177525231745,-0.0022368187175188297,-0.0037834351238100177
14.074863485552026,12.414164201297908,-1.8298785863324398,-3.203327985444709,16.409881508080275,1.296091150441591e6,246265.17987526083,0.16043304535716116,0.0406267734372633,1.3388162889666455e7,-0.0072621103058106064,-0.00302136497673055,-0.0006725826848543888,0.0004105313487779566,0.0006000401880467534,0.0001381860353872036,-0.0008104976970775539,-0.002131205820609416,-0.003742137744022039,-0.0055839827528406235,-0.007613061034485376
14.574675551680649,12.589831414398073,-4.125684398903742,-3.1821748089008413,15.146284432864713,2.136491491650176e6,293558.2644018133,0.016152436094831107,0.04149531254279859,3.7839705746361027e6,-0.006898691018245857,-0.0028537036645485086,-0.0006294753354644342,0.0003769104623383521,0.0005201940806487416,3.1411871491145e-5,-0.0009313099382278593,-0.0022563187151951386,-0.0038629678528427787,-0.005692030689544122,-0.007699498419783629
14.809797845361086,10.68125916850424,-1.652487444930978,-1.959899771773555,16.007800177540325,2.7027973369349833e6,43532.330395564364,0.19157278869983524,0.14087253961828794,8.955694792239586e6,-0.017153592823403885,-0.008483477710356895,-0.0023340003247931894,0.0019160236509231502,0.00468919174138516,0.006330894286055932,0.007111448571052748,0.007232406929743254,0.006841719234774144,0.0060485225718824795,0.004934375089291037
13.217533634528541,11.16848049425911,-3.585343467730498,-1.3155812103677351,14.057068621016468,549923.0479097351,70861.35456134418,0.027727142615759134,0.2683183285163657,1.2732313804714333e6,-0.00928743653732424,-0.004156434716895112,-0.0010270510347735013,0.0007434117570198511,0.001541943520545772,0.0016276882609404216,0.0011817496808344949,0.00033382848603502927,-0.000821422141956105,-0.0022138894805416786,-0.0037910668686036227
12.70549901864723,10.540675760868943,-1.5312492952255043,-3.384164803255259,14.759489480388496,329555.1582117935,37823.11720204467,0.21626531924811487,0.033905948661306834,2.5701876772912736e6,-0.010652149909285851,-0.004864064694130409,-0.001232798095294374,0.0009250870376477645,0.002029424641454182,0.002362151988954812,0.002117842565409439,0.0014329242073455278,0.00040460306620309765,-0.0008966503511925115,-0.0024188091050184536
14.346346647288255,10.45446156670447,-2.215665959313925,-2.434987818948726,14.6217553823985,1.700353361764854e6,34698.84106605619,0.1090808466485208,0.08759881408720471,2.23948252697186e6,-0.01329615168422518,-0.006344215184931875,-0.0016849509809755269,0.0013337089965705633,0.0031306934615989044,0.004011099493602383,0.004199064888387342,0.003858297331823942,0.003108695511345475,0.0020388468237484214,0.0007148543025460074
13.873984422731185,10.673721546036806,-4.454935994309901,-2.4417717769296026,14.5612349512442,1.060217276306862e6,43205.43368365383,0.011621063665026847,0.0870065586028235,2.107967879807223e6,-0.011875873545946193,-0.005550976579503994,-0.0014412801729145825,0.0011110777135063575,0.002522474877947552,0.003087813486990062,0.003020312769759862,0.0024752424046168052,0.001566969891787365,0.0003809175894135316,-0.0010183076033455703
12.267130810790459,11.775356508356502,-3.0183761684902377,-2.418112730115114,15.610806666519437,212592.14795544578,130008.68154931076,0.048880527693172374,0.0890895950097605,6.0212574036906175e6,-0.0065326732428374655,-0.0025853864906014135,-0.0005368849976522975,0.0002893968501144,0.00028687649510792914,-0.0002966907487772496,-0.0012981316656335345,-0.002606510534480678,-0.004144537002997676,-0.00585727892103887,-0.0077049908585933545
13.654673085421283,11.868205273230748,-4.546266954731733,-3.344872343002746,16.298514030913594,851430.4406867636,142657.9767244489,0.010606725958193166,0.035264716658121587,1.1977183596647946e7,-0.007163110592299624,-0.0029753328615287544,-0.0006627958733398515,0.00040665425532392216,0.0006063889467850364,0.00017903506478070036,-0.0007100607384276024,-0.0019446837346943856,-0.003441298923225636,-0.0051388939659455825,-0.006992413336608277
12.482085471401716,12.999364157355318,-1.9650811884316828,-1.507714033172694,14.149559266224731,263572.95333662286,442132.1761217041,0.14014450804110049,0.2214155484793721,1.3966111684183546e6,-0.004390950492840083,-0.0014597141133228463,-0.0002019401563616289,-1.5229074443748916e-5,-0.000558967650917443,-0.0016221460125764395,-0.003066972512995278,-0.0048001634793013795,-0.006756779189735813,-0.008890504733428437,-0.011167532044352757
13.633841117503069,10.015869180793707,-3.0117856283609834,-1.3291259810412872,14.59404183223517,833876.9408390267,22378.795964393463,0.049203740676640885,0.26470852048808413,2.178270632790239e6,-0.014693599411162746,-0.007115989204214475,-0.0019206635926976054,0.0015487552036169405,0.0037201180983459127,0.004913781417241306,0.005369243575901863,0.005263037766164036,0.004725353787305584,0.0038532107746141703,0.0027198528867721067
14.819532917229466,12.196897425414727,-2.2815161214022766,-2.954882928308622,15.150107932344454,2.7292377541200323e6,198173.34875518386,0.10212924893770534,0.05208475786974731,3.798466278658409e6,-0.008997811730366534,-0.003994755255159613,-0.0009733749776644853,0.0006878862720205326,0.0013663596455784997,0.0013164382156170891,0.0007162325376372564,-0.0003069999421503506,-0.0016608224485528372,-0.003277119540419217,-0.005105099118500486
13.293715399258584,12.134935306024428,-3.1392301937673226,-3.2363701496982067,14.7236268467435,593454.2466092344,186266.7948791972,0.043316130097578454,0.0393063124959752,2.4796471920316266e6,-0.0049705071684918445,-0.0018199742510771157,-0.0003239995417702866,0.00010735143853555654,-0.0001918764119496648,-0.0010125351640730808,-0.002215915939714096,-0.003706535294644103,-0.005416961430854472,-0.007298675377965837,-0.00931622210212798
15.033757038241635,11.238527652326777,-4.3549661634034695,-2.451921458599344,15.628805188533752,3.3812534375992864e6,76002.96657032825,0.012842874135977088,0.08612793614164038,6.130612298786806e6,-0.013710084682657117,-0.006572822040454637,-0.0017511761016338733,0.0013884108882271829,0.0032607087385261276,0.004175874991594418,0.0043653083659407795,0.003999250853061412,0.003203036605453104,0.0020699751030472157,0.0006705524786353455
12.924489865234106,11.670602511737442,-2.566523870424233,-1.1063960330141565,14.693008055883153,410236.8132515323,117078.80238679933,0.0768020558409642,0.3307488235153842,2.404873967741006e6,-0.010176618994001897,-0.004640503447003814,-0.0011710336114053154,0.0008703037949388808,0.0018747468688506143,0.0021095417981787873,0.001763623581984302,0.0009728571332301276,-0.00016359547308495985,-0.0015723665816091115,-0.003198563944183057
14.156187026006368,10.49092967830432,-2.2544012322148568,-1.6812754456869836,14.464220870897385,1.4058983142402638e6,35987.59872766314,0.10493635743932422,0.18613641768409858,1.9130719731485618e6,-0.012812072282969919,-0.006081013444352927,-0.0016066616809994089,0.0012646457237088424,0.0029485138334582124,0.0037434619278512897,0.003867113284894238,0.0034779810571947145,0.0026921086661543725,0.0015952577096692592,0.00025144186426292114
13.397822512335459,12.488971055779244,-3.023053921731516,-3.0964129282740838,16.759495654251758,658567.6394375733,265394.06967645156,0.04865241060001569,0.04521108728651784,1.8991378182095606e7,-0.00465227639821684,-0.0016292564920154064,-0.000260917643575312,4.502872447953554e-5,-0.0003763386877854039,-0.001316074767940298,-0.002636323794518084,-0.0042427002118675455,-0.006068897491879241,-0.008067443689123502,-0.010203805941000987
14.851368515861576,12.416213250000284,-3.103778324348405,-2.3770694653171702,16.32831901559433,2.8175225146352756e6,246770.30656037873,0.044879313045915255,0.09282219798988073,1.233953650785038e7,-0.011128463636558828,-0.005116093523108407,-0.001296867060150503,0.0009658963315466155,0.002083378433615401,0.0023487364210409297,0.0019729733413997755,0.0011080976526539465,-0.00013549589531046071,-0.0016766174089565696,-0.0034547848324997447
14.118233102410231,10.913315793676032,-3.0216432800612925,-2.8246381625096975,15.812835250471737,1.353538865462851e6,54902.58948426229,0.04872109014749183,0.059330120807980995,7.36931452095679e6,-0.013295304638075569,-0.00630044522939681,-0.0016559393919798851,0.0012925869963447702,0.0029801441589265678,0.003728619140490841,0.003774489674807337,0.0032895579988875875,0.002399009377091946,0.0011950700929602275,-0.0002534863913967939
12.78019731989812,12.765956456942012,-1.8196048041669668,-3.2173658689537143,16.822900448570255,355115.12792559044,350093.820789271,0.16208979548973118,0.040060443858876395,2.0234516637721647e7,-0.0024735412810503684,-0.000492283660420225,7.188777864065816e-5,-0.00025043227416671155,-0.001172523863461993,-0.002522281872157296,-0.004189355518809477,-0.006099600449659841,-0.008201334675723254,-0.010457378156058232,-0.012840198366964659
13.686132193146664,13.122104700119117,-3.9123011062794615,-2.655292670543842,14.23112049356198,878641.4556304188,499870.6780844361,0.019994438756302836,0.07027826727635147,1.5152946910613861e6,-0.0023385259360357517,-0.00042825434202179325,9.025823628733791e-5,-0.000267022978683688,-0.0012180922079527575,-0.002590997244611023,-0.004273782740412175,-0.006190445509921837,-0.008287947015846035,-0.010528532852777751,-0.012884857733022208
13.185603431221297,11.758207627796878,-4.305094927521278,-1.260721057896983,15.388857434920688,532641.2668391115,127798.18613102526,0.013499603997030617,0.2834495692455691,4.822762404951483e6,-0.011801806670978,-0.005524916429234496,-0.001435145338710933,0.001104812106753612,0.002497545740788171,0.003029340352711231,0.0029079931208462963,0.0022851040367865795,0.0012723731837876757,-4.676001182427376e-5,-0.0016091214021804873
15.247414858455056,10.788964344290827,-3.1711640454764174,-2.0881067864504526,16.2956804583537,4.186664272391555e6,48482.79851835857,0.04195473225175095,0.12392152378211552,1.1943293415682822e7,-0.017526152406536676,-0.008692517406583557,-0.0023976491428506666,0.001972788937206205,0.00483937103524279,0.006551496883847427,0.007384893548267753,0.007545652024396028,0.0071851688144995585,0.00641531837324148,0.005320092452208309
13.661448213838234,12.490202228542472,-2.021026543905712,-2.99583521703226,15.721304240281755,857218.5768025126,265721.01684948825,0.1325193582926333,0.04999485309101144,6.724742819596644e6,-0.005854702097833457,-0.0022642754918931795,-0.00044708350506985744,0.0002089728768693503,5.7760609317672106e-5,-0.0006762518676299844,-0.0018434031830679928,-0.0033405660040900626,-0.005094911119312751,-0.007053972026582272,-0.009179267750673218
13.242091146463281,10.088217737074945,-3.675567570014141,-2.7169131301696208,14.269180110905761,563594.9769129346,24057.876739656233,0.025335022042476108,0.06607841539415418,1.5740777621582623e6,-0.01227655460708202,-0.0057562863252251205,-0.0015019071103375672,0.001166867884785704,0.002682031041928862,0.003348784671841209,0.0033867824236712553,0.0029551888901890536,0.0021706056148580173,0.0011195733382898506,-0.00013291750211927186
13.447833786254181,10.427079149587664,-4.342830625680939,-1.4324629435380003,14.268380630940227,692340.9297006784,33761.59353924147,0.012999678849882483,0.2387202431194328,1.5728198214394273e6,-0.012193265302860681,-0.005738627984117323,-0.001503406426950222,0.0011726528089117778,0.0027048533955891228,0.0033870397027639236,0.003432039296844876,0.0029952514107694102,0.002191490851601635,0.0011068135591245135,-0.00019342988218956078
12.821158388861885,11.535337135739939,-1.9848908932098883,-2.514866268615521,16.839762944976492,369963.04041543056,102266.469898918,0.1373956040925233,0.08087372683901783,2.057861411962342e7,-0.01006084640079594,-0.004451438409850463,-0.0010799410292495367,0.0007623397391047882,0.0015255866618191052,0.0015136492698787866,0.0009342527022637244,-6.899746996895612e-5,-0.0013953998066112713,-0.0029732609492429726,-0.004750764328783225
14.329298878466608,10.3554529447437,-3.703441295664124,-1.973833561418732,17.024691130400996,1.6716118164329077e6,31427.951300717086,0.024638591732487773,0.13892326322571785,2.475878987517217e7,-0.021007788088443665,-0.010613353153991789,-0.002976709836513273,0.002485649447496896,0.006188846281064963,0.008525323376911576,0.009823480520555792,0.010332233373727913,0.01023409727412584,0.00966313492092332,0.00871942029063881
14.931529406304607,9.983673004025336,-2.924612445647864,-3.9459931811086397,16.419281525597146,3.052676810003542e6,21669.759670087857,0.053685493928332405,0.019332006648095375,1.3514605204295224e7,-0.017074587415979448,-0.00842334381863935,-0.0023114624702619264,0.0018930897482604906,0.004624364937650988,0.006235118130750881,0.006999332540338688,0.007120388624742159,0.0067474791455137935,0.005990969929204868,0.004933807036364685
14.1456172570972,11.085107502579561,-3.621124270786601,-3.789178741927651,15.289259744739256,1.3911165514751775e6,65193.00797908356,0.02675258243197701,0.02261416629359738,4.365571841469193e6,-0.010605980452504195,-0.004857598310164126,-0.0012318645485368534,0.0009217829280549014,0.0020077957547007352,0.002305621303176035,0.0020139594707717233,0.001276098993078328,0.00019684213658206374,-0.0011460946403092477,-0.002694434824087011
14.721672043963789,10.76580663932872,-3.6852605160016214,-2.528254045338014,14.881809372175562,2.4748047054031333e6,47372.9485621387,0.025090637359384074,0.07979822280902096,2.9046090827556835e6,-0.013020044644687504,-0.006196987138351282,-0.0016406988360756604,0.0012932671038738206,0.00301829976562023,0.0038354832265974515,0.003966513849515904,0.003574062448718289,0.002778166757195424,0.0016684997834196585,0.00031294494574630923
14.449659633766414,10.451680968095804,-3.325408750142717,-1.7233300596265027,14.53348120071952,1.8854171116328777e6,34602.491533632514,0.03595781798593038,0.17847083871954245,2.0502682592405283e6,-0.012984236955645673,-0.006176803615387267,-0.0016358252293110238,0.0012909734711852238,0.003019736853514258,0.003851399608425574,0.004006676061524228,0.003647295349099586,0.0028925508492677436,0.001831494899770441,0.0005314258832999594
14.198121787101154,11.315229238049776,-1.3874927047480003,-2.6862109146052195,15.048968999396562,1.4661079392092682e6,82061.90972693986,0.24970059352472315,0.06813863395279197,3.4330821422251677e6,-0.011530008901557379,-0.005359087609646968,-0.001380663145177001,0.0010527290689441454,0.0023514577490352383,0.002804831061811237,0.002620196689774047,0.0019466161680209548,0.0008920023916172419,-0.00046470108171563944,-0.00206506489622237
13.855302043341132,11.212679731817428,-2.5918878446110165,-2.611493773810447,15.056272229991094,1.0405937725508388e6,74063.6199449939,0.07487854750695722,0.07342478178761268,3.4582465115060187e6,-0.011094599822632509,-0.0051053617253339345,-0.0013000071597709074,0.0009770672642844857,0.0021410087285127174,0.0024824774848967264,0.0022088306525710503,0.0014690474518695598,0.00037123611542455343,-0.0010052556325294078,-0.0026016010384734933
12.78667636201097,10.35546858749415,-1.9500802839330071,-3.0802757764451494,15.420197278821966,357423.4034266963,31428.442924161587,0.14226264972298386,0.04594658391612476,4.976300387400385e6,-0.011906702669188638,-0.005523372068703897,-0.0014232375596589953,0.0010896116852042346,0.0024582738715486006,0.0029901731072780597,0.002901216444993954,0.0023437945868387644,0.0014264883921800576,0.00022763047061382467,-0.0011954957659102137
14.688213519265163,10.557457201411658,-1.7772354898692373,-2.824581384504256,14.880695405641168,2.393371308436493e6,38463.19932312305,0.16910499413928065,0.05933348954953736,2.90137524696883e6,-0.013830319161284806,-0.006642328829100065,-0.0017756405681384124,0.0014151979884073906,0.00334872316414908,0.004334511639794283,0.004601980548370391,0.004319100131293428,0.0036087777767522923,0.002561626959740215,0.0012451188099723185
15.354092400636137,10.121763456280869,-1.9240221701217934,-3.629122762681712,15.654599888038764,4.657979836538489e6,24878.604505699896,0.14601846829216927,0.026539455601083024,6.290806803126784e6,-0.01730020968520675,-0.008566676186832406,-0.002361058408794611,0.0019429822788373239,0.00477102719620254,0.00647036234696323,0.0073123469579446584,0.007499035031735269,0.007178628491147683,0.006460424707751186,0.005426099368679346
14.2989449917531,12.350156089864145,-2.4329815900205713,-1.4576189036741303,15.23106678502128,1.6216342447155348e6,230996.09621619582,0.0877747337706718,0.23278991053877152,4.1187768040403845e6,-0.009315374957973183,-0.004167101027150424,-0.0010248851473703738,0.0007337368995134903,0.001488381285469204,0.0014967463354846856,0.0009402815161049844,-5.0812685823524315e-5,-0.00138161581175267,-0.002981932788590003,-0.0047992343903914625
14.63915857028503,12.635814247131616,-2.9702655171528463,-2.3805696685094326,14.99757245250951,2.2787977752010175e6,307372.0699965486,0.051289690231293386,0.0924978693753136,3.2610913019019132e6,-0.007154414413065536,-0.0029942604212032198,-0.0006720774179943476,0.000415451205886513,0.0006245307606410399,0.0001881101870397013,-0.0007339432870458447,-0.002028616600873635,-0.0036142619486443455,-0.005430912055204664,-0.007433975047920326
13.240414722289868,12.625023201611189,-1.456784916206281,-4.031976281922371,16.46168156152307,562650.9441903544,304073.0360237906,0.23298413538608942,0.017739237554348627,1.4099946507164344e7,-0.0035669604640414477,-0.0010804908289046206,-0.00010417745268848654,-9.184527593902045e-5,-0.0007423922881925194,-0.0018716735049093872,-0.0033597190639598766,-0.005124832324100464,-0.007109427969699645,-0.00927170775885955,-0.011580515754366505
12.97333590838991,10.265585217984041,-3.6598389452056703,-1.0083891582718767,15.050802331703144,430772.72438478103,28726.784316463083,0.02573665740465587,0.36480615149554335,3.43938189563387e6,-0.015477264958454457,-0.00755619398696329,-0.0020553894501210697,0.001670411120514288,0.0040472063838910876,0.005401834970426219,0.005981936884811381,0.005970814260560024,0.005503735827994164,0.004681620135370628,0.0035809678356178015
14.297452384573624,10.502795415948732,-3.9485302046287902,-2.6760587931040947,14.56020941444584,1.619215587301139e6,36417.16163294581,0.019283023055074774,0.06883390893005856,2.1058071892999024e6,-0.012670051176379829,-0.005997864539632129,-0.001579696185890872,0.001238629010318554,0.0028739795070062512,0.00362625354334064,0.003714638209414917,0.003299584707178068,0.0024995424947793755,0.001403109550267695,7.74180112624726e-5
13.836339065348312,11.359746194696665,-2.8533168598543623,-1.5176265275589058,16.395033650574973,1.0210469346124829e6,85797.5898449802,0.057652777206484374,0.21923161011875916,1.3190845847496735e7,-0.016289407676316245,-0.008001671237580794,-0.0021858417589452448,0.001780356799723792,0.00431587439677361,0.005755336432701391,0.006358021827734441,0.006317260913293622,0.005775668430102992,0.004839237236917384,0.003587934953039045
13.62426559004833,11.086654439377366,-3.4369573621040574,-2.8432054175409385,14.387230832783368,825930.2369585675,65293.935486196584,0.032162395126949336,0.058238687142670775,1.7713115746732666e6,-0.009496499696352498,-0.004250164340098153,-0.0010493648840446928,0.0007586212961759859,0.001571368708193072,0.0016567476187146401,0.0012020610959589818,0.0003410814116144494,-0.0008289952092890069,-0.00223654341034422,-0.003828211890268155
13.362561848136956,11.704422578100433,-1.391661180182402,-3.3359820946891734,16.692369208428296,635750.7405554652,121106.13369585515,0.24866188914556364,0.035579626485087244,1.775840012516909e7,-0.00825875918022172,-0.003557424575489776,-0.0008347736932595119,0.000559424963886827,0.0010144307270383488,0.0007847312588075596,4.308254283280327e-5,-0.0010903634880176135,-0.0025302913306769676,-0.004214925469158193,-0.006098662763969067
12.757920364991035,11.328347245507244,-1.7367020884625526,-3.5060398935276527,14.240408503490519,347291.70874867745,83145.49013999155,0.17610020692068992,0.030015544139383867,1.5294343260831987e6,-0.007138995192532237,-0.0029839158693700336,-0.0006737451769790603,0.00042478282588619457,0.000677750077634274,0.00031773135093416077,-0.0005000383716993584,-0.0016684664776892143,-0.0031117069107293536,-0.004774787233318512,-0.0066169875697705905
12.438087173214626,10.713800941856892,-4.201398563858452,-3.966203337087962,14.182208299228408,252227.6100221778,44972.25134863663,0.014974619207396116,0.018945225398031132,1.4429617054128172e6,-0.0067393530678946404,-0.0028066290900461205,-0.0006355193083261907,0.00040675612888542624,0.0006821049259828184,0.0004198693986316033,-0.0002259454521130751,-0.0011479228049274981,-0.0022690770106684574,-0.0035330725777364563,-0.0048979638000706625
15.274897352384757,10.262325463342055,-3.4294027118797095,-3.145997364075029,15.447825635322618,4.303319899337581e6,28633.294507642513,0.032406290886104354,0.04302399205693563,5.115704271218763e6,-0.016395985357710186,-0.008065748908704254,-0.0022088221068903304,0.0018059597849149087,0.004402416061159595,0.005917656023862751,0.006612073383325296,0.006679441722529567,0.0062626088941046,0.005467830185203858,0.00437543484390582
15.284159951198774,12.030960712363628,-1.7407001796539996,-1.5523660149226655,15.53202566832473,4.343364999675135e6,167872.612589058,0.17539754781815714,0.21174638557000572,5.565100870061517e6,-0.011326880547870243,-0.005276231152493624,-0.0013625776079796681,0.001041044838258141,0.0023281285046450177,0.002776491282565067,0.002586696124737038,0.0019042908077794374,0.0008357937182581903,-0.0005399185062798801,-0.002163725380969254
12.662593611703944,12.960992546468562,-1.9935045554136428,-2.2814287976791867,15.920517492644517,315714.50269384036,425488.22209876985,0.13621720721285926,0.10213816763336014,8.207159923428244e6,-0.0034599349345518842,-0.0009428071953472548,-4.497273724000063e-5,-0.0001574621583274252,-0.0009458403132334649,-0.002208914244831273,-0.0038184115972688657,-0.005689029896115485,-0.00776210288542626,-0.00999607931122641,-0.012360698924454403
13.066333591930233,12.54109334302661,-1.8071428567052839,-2.167899311728861,15.13807907920594,472755.4864891913,279593.86387760786,0.1641223887352183,0.11441772059470799,3.753048793403385e6,-0.006566100925479376,-0.002598124941309978,-0.0005343107052275131,0.00027798055825291524,0.000223773480805671,-0.0004510145839795851,-0.0015828759624118174,-0.0030599939724853865,-0.004804118691497337,-0.006759360896257187,-0.008885011799625843
13.572737154586626,11.271221102264308,-2.9658951361079167,-2.959349393962118,14.491605862979734,784449.2471837191,78528.83037467506,0.0515143362580834,0.05185264184266225,1.966185369687588e6,-0.008885756812457018,-0.003916119475656895,-0.0009481529332877037,0.000666657893266452,0.0013197578687242527,0.0012717980309924948,0.0007033043612286117,-0.0002577700589909693,-0.001519105537682341,-0.003013144577551871,-0.004689905644453941
13.769580460212408,10.191744002043142,-4.236720763853448,-1.8405781580659522,16.315127546809403,955108.7241043109,26681.987787768554,0.014454915289039005,0.15872563106958085,1.2177828823079284e7,-0.01940075474332352,-0.009719163487898865,-0.0027062332801467076,0.00224669741597853,0.005564144830003499,0.00761921499374272,0.008714475091575023,0.00907797573670094,0.008877632838380613,0.008237753077925725,0.007251983545652441
12.383134207914301,11.214982203954198,-2.8695044284936424,-3.4693027878766087,16.16187029031465,238740.9156329868,74234.34583664637,0.05672703191582759,0.031138733396907817,1.0447468835263072e7,-0.006163668989373575,-0.0024703531767256777,-0.0005254692457202757,0.000297860628266647,0.000355916078775214,-0.0001282677307175884,-0.00100718564683803,-0.0021796290411561113,-0.0035742202438028238,-0.005139470026964953,-0.006837460138488436
12.9629240848193,12.144830579324855,-2.2860866631847343,-3.1116258461349293,16.041817571943234,426310.86314314185,188119.10516530392,0.10166352804735512,0.04452849996602604,9.265585142525688e6,-0.005041138126952359,-0.0018410547545384482,-0.00032633838361045885,0.00010648724144797065,-0.00020162115353716315,-0.0010387992009433153,-0.0022659592869232257,-0.0037883482111446616,-0.0055396104078101705,-0.007472211652198715,-0.00955138221652081
14.467347487143172,10.318588231628077,-3.590859877904967,-4.080314037805604,16.2908060857505,1.919062775649008e6,30290.464276767903,0.027574609428745473,0.016902156902911067,1.1885219006604614e7,-0.014263792684193715,-0.0068628828096223135,-0.0018369549366484134,0.001465960094066015,0.0034758981084357828,0.004515424379474245,0.0048250120106045685,0.004581367692942576,0.00391454650725585,0.0029213995055785064,0.0016750772747798576
13.179779443529501,10.10467696432039,-1.4990367946431373,-2.9011165121706113,15.112415965787035,529548.186430813,24457.12746592346,0.22334518385333035,0.05496182024474494,3.657959242257314e6,-0.014360081043436586,-0.00687698155771426,-0.0018316287749659342,0.0014550437497964075,0.0034360092854097135,0.004446437887645133,0.004731102514497499,0.004465914663927907,0.0037771325639226554,0.00275609213118754,0.0014696468587866549
13.58497741271491,11.076609517515685,-4.084560531665848,-1.11398468839853,16.732295278655467,794110.1135882817,64641.3460981063,0.016830534177758576,0.3282483841607573,1.848176777929372e7,-0.018328065082675066,-0.009148780155380684,-0.002541593243911378,0.0021081236002750184,0.005220465439414038,0.007149216929817419,0.008175293730260502,0.008508557981515145,0.008302664527138506,0.007670695377970639,0.006697246061557802
14.237996801446776,10.963403784005035,-2.9370800970924744,-1.7763814622509662,15.888196119035094,1.5257502304493508e6,57722.58424673574,0.05302031711509442,0.16924947616170027,7.946134317763893e6,-0.015738688812642926,-0.007692682199006707,-0.002091017003772492,0.0016945692499695094,0.004085478799253017,0.00541326016808874,0.0059325380548100526,0.005832546067024063,0.005252757780051731,0.004296802045254928,0.003042792140624835
12.360096558065015,12.082290948295059,-3.600111959808351,-1.6500551655757665,14.285322599413185,233303.7561731839,176714.54123904178,0.027320663459808946,0.19203931436919083,1.599693488887912e6,-0.006758990223799919,-0.002738462317346162,-0.0005868326080189498,0.000334479188082626,0.00040253160468723884,-0.0001387513769416681,-0.001124243838641144,-0.002438891280919797,-0.0040008772014834834,-0.0057511641025155295,-0.007646675887008339
14.444594936253845,12.216069545812065,-2.477576949438641,-1.1448591889040136,16.64822483750507,1.8758921850738036e6,202009.40724364534,0.08394638569618013,0.3182687304040348,1.6991518019941516e7,-0.014491631436962296,-0.007020241194346161,-0.0018915040895288123,0.0015185484915340517,0.00361966374918587,0.004723635822171654,0.005065642545041132,0.004819205438516269,0.004111806128408789,0.003037938474563717,0.0016686771554549071
14.969641655698767,11.061432673450362,-1.8940286289960162,-2.67754207955859,16.294085839407145,3.171266699222171e6,63667.70158245584,0.15046442085870584,0.06873188420998101,1.1924263590410305e7,-0.015689478531880602,-0.007646574085823147,-0.0020694637716057286,0.001667850831690231,0.003994857372586719,0.00525242067034392,0.005701454994312905,0.005534342501388023,0.004891502265933524,0.003876105096005674,0.002564921166611538
13.031937662394135,10.391788188146666,-1.7550866165586192,-1.7375462315031673,14.393924212303816,456771.0969264959,32590.893509956095,0.1728922663100221,0.1759516158814364,1.7832074025243996e6,-0.013513408754581173,-0.006456575109756021,-0.0017185365855745393,0.0013648690525753845,0.0032195505936972913,0.0041539446990617596,0.004393399656174004,0.004101678067202101,0.003398075402063775,0.002370208795357341,0.0010830730798909547
13.547740113378321,10.405492352303314,-4.0368853939130185,-3.7678347081085573,16.468800166393805,765083.389980476,33040.59884447084,0.01765236705353459,0.023102031811639723,1.4200676558393676e7,-0.01142585606992307,-0.005289065890568419,-0.0013597120556779541,0.0010372535073331973,0.0023266418091716433,0.002804396565553728,0.0026815739545149576,0.0021104750606941265,0.001202536972237694,4.047771914019633e-5,-0.0013135497762670624
12.84483283313673,12.716974533305148,-3.1165284049862825,-3.446586125385435,14.33091675609915,378826.2111556049,333358.75563905237,0.0443107306240628,0.03185419720130602,1.6743184687267155e6,-0.001446700092710155,1.559653305208059e-5,0.0002126785753356888,-0.0003678835061927206,-0.0014656598072700336,-0.0029250698014764787,-0.004646651243570204,-0.006563917202622022,-0.008630960311497984,-0.010815209545870176,-0.013092932490831922
13.988520624808963,11.113675523638488,-3.584776644807355,-1.4726975209810602,14.255026984935247,1.1888780732747088e6,67082.30140008371,0.027742863450830938,0.22930609215479236,1.5519565526939882e6,-0.009981043952476844,-0.004533724830468463,-0.001139835450577035,0.0008438339253094022,0.00180956612574139,0.0020241566001882984,0.0016760106676103515,0.0009008491898854324,-0.00020192507115611425,-0.0015584614394114013,-0.003113290205429587
14.318068492068935,11.484203316016869,-3.0738754587283026,-2.5285324760114776,15.162202181844403,1.6529439894832803e6,97168.64110487139,0.046241599741612384,0.07977600762894033,3.844684803367038e6,-0.011009829971805597,-0.0050737433724336286,-0.001293796102998098,0.0009733990289223567,0.002133602160364631,0.002471518229137064,0.0021912283978354537,0.0014401864950583131,0.00032608711705023503,-0.0010714249159007717,-0.0026927983883461536
12.245598344552885,12.228064383416944,-1.483583675129943,-1.3223305888185592,15.838319467215108,208063.44673552856,204447.06772228662,0.22682336886113139,0.26651344434672897,7.559529170751e6,-0.013545065947187112,-0.0064657228843301795,-0.0017146546837669447,0.0013519338043832144,0.003151169719823021,0.003990637811519163,0.004098525802900658,0.003642914520121247,0.002747982536856883,0.0015063682634723868,-1.2063515371244774e-5
12.54996138803333,10.030422365054601,-2.3128926159982353,-4.112170218710021,16.43721746998472,282084.3413579,22706.860104359745,0.0989745417459901,0.01637220467816157,1.3759189278014118e7,-0.010178945233971979,-0.0046298024979056366,-0.0011717342180364186,0.0008799749554075324,0.0019369155624576779,0.002271119775579497,0.0020691452933880943,0.0014617656483239408,0.0005423529613791674,-0.0006212678549798134,-0.0019789973367470627
13.700557501819432,11.370585027875574,-2.748738254407084,-3.951391783501994,16.710907181889947,891407.9890521622,86732.59362979211,0.06400857281189799,0.019227922039240435,1.8090675213140037e7,-0.008546144709978207,-0.0037351047289721716,-0.0008945112205050066,0.0006187731958681905,0.0011904519737369536,0.0010756751605017448,0.0004503400120384219,-0.0005612852672163423,-0.0018697709698996515,-0.003409819077760622,-0.005133202660527037
14.663995007762363,11.89654951857967,-2.4753936257195424,-2.121207263550972,15.471960610991804,2.3361036852688147e6,146759.36014400475,0.08412986805901373,0.11988680613836691,5.240673669900381e6,-0.011185210124804714,-0.005179035653055477,-0.0013271580788207463,0.0010038176590018945,0.0022141690558414463,0.0025867706929359052,0.0023255439623176,0.0015782605946659046,0.0004529629165929195,-0.0009704129895452285,-0.002632046069426553
13.971239254291788,11.932247916347942,-4.101283665274626,-0.9828119830530118,16.97727868997279,1.1685091392607086e6,152093.07019296358,0.016551415282198327,0.37425721285105334,2.361230872018344e7,-0.016430882824654817,-0.008096948290623778,-0.002220521881854807,0.0018173427687476042,0.004432418087943982,0.005957302830064215,0.006649508992671217,0.006700289784777765,0.006249859773663675,0.0054016748865277145,0.004233240551096351
12.210402230062074,10.217657541335813,-3.4601028200675694,-1.7906462845692932,16.419258084286525,200867.79414484513,27382.44904499126,0.031426530574244785,0.16685230074646235,1.351428840794979e7,-0.019546034369116783,-0.009751646316753418,-0.0026972765790192234,0.0022184878525751384,0.00542894862184407,0.007325709013467826,0.00823157005500195,0.008392651549503449,0.007991370271582206,0.007162834549355369,0.006008190315445508
15.02236320531843,10.400932959481874,-2.7619387645585745,-2.432556384490578,15.405460664631564,3.3429466458656047e6,32890.29667896467,0.0631691793962633,0.0878120640088142,4.903504270053272e6,-0.015896408444152896,-0.007785844250001051,-0.002122528581505098,0.0017270062060394345,0.004186322865593215,0.005587915414443661,0.0061867321601548906,0.00617200731907629,0.005683089576727042,0.0048234478292777105,0.0036710133785567696
13.497850721667783,10.779080490513948,-3.3104191181881664,-3.794339471150305,15.612364385469387,727850.3345745082,48005.962000182575,0.036500872367926505,0.02249776133036,6.030644139500933e6,-0.009900037564031494,-0.004465699019627445,-0.0011142496167063996,0.0008180869312763007,0.001737379186727356,0.0019179614134096953,0.0015517350586411757,0.0007756227465199662,-0.0003110460051919127,-0.001635189190757307,-0.00314242879362788
14.942405738098355,12.272072188686053,-3.5376461268625334,-2.7897839154643833,15.92611584204645,3.086059949814239e6,213645.24583060193,0.029081701213890164,0.061434487523545085,8.2532353250363e6,-0.010279843810596531,-0.004673155946361578,-0.0011707964181408503,0.0008594605061744756,0.0018145054737198172,0.0019703958825880116,0.0015236700903818261,0.0006157036515536347,-0.0006505254519757089,-0.002198949623442418,-0.003972667427404103
14.456191970878866,11.612760942649277,-3.818496172599734,-3.804782252972751,15.292180198371934,1.8977736062587863e6,110498.9107747497,0.021960801329334024,0.022264044567803575,4.378339926838008e6,-0.009673470897516323,-0.004355908202398336,-0.0010814628935016254,0.0007858439445495881,0.0016360242744509895,0.0017347704108170896,0.0012694817441357873,0.00037482141029856537,-0.0008508494699443187,-0.0023346358575914317,-0.004021909728016692
14.83164375301274,10.64271004682883,-4.360902363502792,-2.329456441941306,16.589238523347696,2.762492066676584e6,41886.130920358424,0.012766862099796083,0.09734864735281966,1.6018238277241813e7,-0.018285267400369513,-0.009088625210325302,-0.0025080126001872528,0.0020614717719732055,0.005048095869340637,0.0068214934927585255,0.00767708739406649,0.007835652052054103,0.007458691674060199,0.006665001210750281,0.0055434469431802115
12.74009898169735,11.87345089779315,-1.777522057989569,-3.9686497300051142,15.040749889544392,341157.3141480628,143408.27307720098,0.16905654098186818,0.01889893457865678,3.4049809047408197e6,-0.004841891122661524,-0.0017675724975360612,-0.00031324815685378925,0.00010160460503602802,-0.00019915092792929838,-0.001015758541390921,-0.0022174318496845633,-0.0037149193667986536,-0.0054453160897157,-0.007363047757757205,-0.009434253778852326
14.857122135738429,11.814886853219063,-2.5828912375649318,-2.916751754885854,16.163769200608037,2.833780193581645e6,135250.90029601922,0.07555523977806268,0.054109161974706596,1.0467326489359092e7,-0.011950315973933496,-0.005580037052809014,-0.0014422570525047054,0.001102331132082013,0.0024680205478965368,0.002953503013685109,0.0027755730856687455,0.002091175526048398,0.0010146208033330088,-0.00036985870504378695,-0.0019994299005310313
13.553184290054263,10.393529018909376,-4.575942310113544,-2.859781160910462,14.290160634018434,769259.9979071988,32647.67815184771,0.010296592022345863,0.057281294280238974,1.607451613249421e6,-0.0114347827408154,-0.0053049401146644136,-0.0013676683106955462,0.0010469072707464159,0.00235833567287534,0.0028591170478463584,0.0027586245363642008,0.002208657969924519,0.0013208611308970558,0.00017856242043981656,-0.0011552667892140455
13.073578727250963,11.842030920447908,-3.442800256765855,-1.7482251011069252,14.436930863612018,476193.1019196516,138972.44019110643,0.03197502157518252,0.17408264850941238,1.8615701637090715e6,-0.008051888411155636,-0.003457913461885192,-0.0008073531866337359,0.0005360404188947164,0.0009536605112116624,0.0006977166069862949,-5.7707541421356785e-5,-0.0011893075717545904,-0.002608067799046157,-0.004248814119758616,-0.006063348760097903
14.839365836095578,11.612753869939748,-1.6383073477661325,-3.54234806432078,15.096442640486243,2.783906836833849e6,110498.12925081425,0.19430866108300787,0.028945281842611283,3.599993653421252e6,-0.010818371726483639,-0.0049905083908796674,-0.0012750414961380093,0.0009617667644967845,0.002114419302083252,0.0024574346762421587,0.002186869703467582,0.0014440343576178527,0.00033180702340472975,-0.0010740425649992571,-0.002717073580963038
13.336722061460698,12.463514438989108,-3.3256898971615563,-3.3444948495389686,15.719103781821834,619533.5043390736,258723.30236925324,0.035947709973585026,0.035278031371112434,6.709961571094382e6,-0.003976152520695795,-0.001289248341286639,-0.00016525642361859684,-3.631063250058787e-5,-0.000585230159056151,-0.001615730237501243,-0.0029987691795629306,-0.0046461236655807895,-0.006495852257024457,-0.008503617137581783,-0.010637158105726885
15.125035075244236,11.476327145936907,-4.589727341587887,-3.4062197292028626,15.34252930258933,3.70441190953914e6,96406.33034644907,0.010155627013041551,0.03316634144530861,4.604429360355417e6,-0.01196081756098898,-0.005617653634702279,-0.0014645918414344845,0.0011325766936856863,0.002576244887597586,0.0031544053139379814,0.003076809698282081,0.0024965676181431724,0.0015263809648523687,0.0002503119120926524,-0.0012680863978378882
12.505678588732199,10.463536403293578,-3.973788568797729,-2.6357538397116853,16.17398340158234,269865.39826527145,35015.1604812544,0.01880206511196612,0.07166492517427378,1.0574789757191498e7,-0.01172289785927995,-0.005375632992904607,-0.0013646603922043649,0.0010257371009734536,0.0022615670944491893,0.0026680519380416624,0.0024737080145551546,0.0018402806011706477,0.0008838282975823502,-0.00031110881760338066,-0.0016821419683602603
14.918254518392912,11.949606823429429,-3.5226075357291675,-1.4279499371007267,15.121109739666446,3.012420656650634e6,154756.28806633048,0.029522354122592763,0.23980002380926274,3.6898993516401923e6,-0.010122404181209547,-0.004615528561538549,-0.0011630379363301612,0.0008613547347848196,0.0018431298929101874,0.002047581706987811,0.001663399274753037,0.0008268691050289608,-0.0003621361128890433,-0.0018293708845949766,-0.003518966488218536
14.184442455262788,10.93292738358548,-4.066037998234644,-1.693197374518245,15.921943812402825,1.4461891109356526e6,55989.94407959776,0.01714518336388561,0.1839304881547645,8.218874310031184e6,-0.015927653143869975,-0.00780014593064237,-0.002124742190107304,0.0017260097291639984,0.004173052710743491,0.005548898613586084,0.006109563512174445,0.006045536668963092,0.0054973451415881065,0.00456956414153222,0.0033412513692855123
13.411471090130242,10.231778702579486,-2.5338242015882413,-1.0199295473957242,16.41081092177901,667617.771321549,27771.86404823675,0.07935496987957545,0.36062034592064224,1.340061181586215e7,-0.020154714832884023,-0.010165387794360638,-0.002853169276172966,0.002390976178338213,0.005988274886786974,0.008312945009361743,0.009669405053181777,0.010286006209614073,0.0103294735688744,0.009922013310424065,0.009154729739322525
12.960586963844195,11.430139323161038,-3.4003433852832767,-3.818481715688003,15.239598870112443,425315.68646010745,92054.79928991589,0.033361812037920435,0.02196111881699533,4.1540689016993335e6,-0.006044842851995215,-0.0024080260148969866,-0.0005054263892175156,0.00027735396001604825,0.0002914452438078908,-0.00024121461890271978,-0.0011722228984584842,-0.002398669164998216,-0.003847344804971844,-0.005465164150320071,-0.007213009237838562
14.166562672046354,10.320088682004469,-3.398440289899587,-2.8670907171317817,14.180397139073596,1.420561355234259e6,30335.94772959176,0.033425363201183396,0.05686411997623567,1.440350635913331e6,-0.012219175842995542,-0.005754228021350076,-0.0015084984482640037,0.0011775202535963673,0.0027186017074069205,0.0034083953974981085,0.0034595758177707286,0.003027213016500056,0.002225528811744709,0.0011397232056543066,-0.00016591355837420826
14.857191901130848,11.704440169052553,-3.649164266380939,-2.813611127963896,16.65811897220406,2.8339779002653426e6,121108.26408679227,0.02601285951816302,0.05998797653262746,1.7160468820692405e7,-0.013143915093804772,-0.006220263174293757,-0.0016300702590980964,0.0012660614890189056,0.0028962902586143684,0.003579752343650306,0.0035516086175632726,0.0029826849592996256,0.0019972954773962793,0.0006869644064925153,-0.0008799651660878849
12.218447108706311,11.70069999958646,-4.412271966099433,-3.872756742225537,14.31811098911617,202490.26872728884,120656.14468400905,0.0121275935245538,0.02080094746260434,1.6530142362147057e6,-0.0030706327256177345,-0.0008884074813736383,-7.246191460216115e-5,-9.366070881203335e-5,-0.0006636873674354484,-0.0016071295448228592,-0.0028098308973697654,-0.004194083468298927,-0.005705226898558997,-0.007303767795863434,-0.008960457612260277
14.479103154588527,10.236826244420373,-2.8108171461297538,-1.4876020638362166,15.14252186456435,1.9417557637179596e6,27912.39807132717,0.06015581621064791,0.225913733256126,3.7697598780257367e6,-0.01573668613924905,-0.007699265805763166,-0.0020979391885929738,0.0017072183613167213,0.004140764866480017,0.005532288428246952,0.0061331932859448905,0.006129912178916508,0.0056598753163944835,0.004825298606601355,0.0037032917545702904
13.652973390143158,11.55452394337297,-1.4034716935238465,-2.0677640899795118,16.776577797653896,849984.4975665297,104247.5818150145,0.24574233921482946,0.12646823741389784,1.931857831100048e7,-0.015705063174033786,-0.007576988484300036,-0.0020193232186270765,0.0015945367041802641,0.0037225534261144527,0.004738446932295864,0.004927971802692417,0.004499284297365839,0.0036017810992067323,0.0023430543685899682,0.0008013571426091559
12.31495822397557,10.671446867265919,-3.8379741504667084,-1.5509565576631328,16.940332082203373,223006.95180628457,43107.26689215257,0.021537188282725286,0.21204504347366032,2.2755833366402578e7,-0.0202120482899568,-0.010164334997928761,-0.002839360456467569,0.002362628196539691,0.005858448253959577,0.008022761714277194,0.009164602685300723,0.009520465065413146,0.009267497334381623,0.008539235405460704,0.007437911277970621
12.490817706697488,11.842999190782345,-2.4504230241026956,-2.0988233325798293,16.185589477432135,265884.61267035035,139107.06824990732,0.086257089952377,0.12260060354904972,1.0698236549931679e7,-0.00987685260337221,-0.0042948881506399,-0.0010166723861338228,0.0006925791910184359,0.0013075658143320498,0.0011479728523233535,0.00043029177131584113,-0.0006973744526479118,-0.002132206386211767,-0.003801733647381085,-0.005654153461112058
14.47677612775064,10.819578640600929,-1.4871322858172333,-3.879307109753466,16.6733362910925,1.937242499223598e6,49990.01880590724,0.22601988749470783,0.020665138895407487,1.742360216126307e7,-0.01335705124973236,-0.0063603722542831705,-0.00168291814510566,0.0013249853268814523,0.003088123450771402,0.003918442476193259,0.004044740194283112,0.0036330143566309448,0.002803759652343964,0.0016451482602105605,0.0002223841221596653
15.285417420994968,10.742817238716652,-2.6465803006329827,-1.1764958014256064,15.371333502286536,4.3488300853460245e6,46296.29608530081,0.07089323255010428,0.30835739312493143,4.738984841559389e6,-0.014862001195780796,-0.007221214993068578,-0.001953218108095623,0.001576269340453229,0.0037843692022399285,0.004989372737985296,0.005431858758726642,0.005289685757775515,0.00469384343112621,0.0037416802374431193,0.0025065327717172436
14.13660426059462,10.342069285507172,-3.0287589339386365,-2.819615989389086,14.349898097991797,1.3786347565445844e6,31010.132518810282,0.048375638249136134,0.05962883641884555,1.7064028187234674e6,-0.01257005177199556,-0.005942451514990511,-0.0015636578399684776,0.0012254356889255576,0.002842880462389569,0.003587358305490451,0.003676061800296192,0.003267345533130001,0.0024775729619148966,0.001393231114522695,7.930859883333842e-5
14.799684372077373,11.360835314666192,-3.865874923993542,-2.755274034227254,15.149032416694386,2.675600427697323e6,85891.08461768778,0.020944589494371956,0.0635915910083543,3.794383164849445e6,-0.011735459239132112,-0.005488113690185837,-0.0014240217926267949,0.0010950798516499167,0.002473271268935635,0.0029980753378088722,0.0028780293975418218,0.00226503405490352,0.0012707720492541668,-2.1561077363996596e-5,-0.0015492025070653122
13.766905581178898,11.913818283879515,-2.4802729789929963,-3.3928447350214923,16.344751971343694,952557.3376498079,149315.72217034886,0.08372036857068883,0.0336129209106512,1.2543986825938955e7,-0.007603682476624789,-0.0032119989008989637,-0.000732768747649144,0.0004682993282096187,0.0007683761639671269,0.00041374076307514886,-0.0004277487694393214,-0.0016385761210964036,-0.003134801805557376,-0.0048555232598899946,-0.0067559847040502595
13.203843575404074,10.595059283788107,-2.1714443692804934,-3.776940625217787,14.053765525489892,542445.8671724473,39937.03164243318,0.11401282130995201,0.02289262150832357,1.269032713710441e6,-0.009612699858207731,-0.004323681534166335,-0.001076794820564034,0.0007893881646856339,0.00167273387080289,0.0018374725125946962,0.0014658915935533135,0.0006864569200659503,-0.00040875000549174913,-0.0017527203868981588,-0.003295991442274685
13.979281894919113,10.55113355985107,-4.234790335698016,-1.5235972815271173,17.001581685758815,1.1779449318197547e6,38220.73926056053,0.014482846415339758,0.21792653213960295,2.4193188528869808e7,-0.020713639916102543,-0.010472332313545392,-0.002944409665322731,0.002469461852775692,0.006185400530242749,0.00858292915650435,0.009974723776496866,0.010596318995256225,0.01061998874427317,0.01017221493801721,0.009347512370830216
15.01715680549782,11.73797531329244,-3.456811980057914,-3.1078729886117484,16.807094115824466,3.325587158477312e6,125238.51439340797,0.0315301206140602,0.044695923043098676,1.99171975667663e7,-0.012834677833694826,-0.006060430538313979,-0.0015853206313454625,0.0012291089861198076,0.00280515331405577,0.0034543511541817178,0.0034054120961580833,0.002824485325264208,0.0018326613695194118,0.0005192464904993997,-0.0010489705459905449
14.701728711726389,10.02053292046098,-4.022438550151259,-3.1556002759452904,16.937317618145155,2.4259377574993363e6,22483.408596264468,0.017909239069665427,0.042612813866627915,2.268734001184907e7,-0.01820353850268356,-0.009022200044742497,-0.0024821787603491164,0.0020349889194464284,0.004974277591204633,0.006715355158546701,0.007557238248761588,0.007721202225120858,0.007368345508623836,0.0066170686300535695,0.005556094853217953
12.267740713673005,12.771212436265706,-2.1409319109879554,-3.682493940265121,16.07621944295184,212721.84806750613,351938.7508826749,0.11754525025406463,0.025160148617659906,9.589884883215297e6,-0.0006324174706077902,0.0004392627070520514,0.00033750733901406754,-0.00048040039882017987,-0.0017758670718700086,-0.0034090399945839373,-0.00529161971729806,-0.007364804997064368,-0.009587746116911893,-0.01193100781189706,-0.014372660795030462
14.03824386294605,12.555763056042055,-4.1242544583796645,-3.2586675797074767,14.842117523047314,1.2494872972588583e6,283725.65763919835,0.016175549639324223,0.038439581589510705,2.7915778261920228e6,-0.005340292967549809,-0.002016864745249183,-0.00038033515512392074,0.00015434846516155024,-7.760187001669446e-5,-0.000863448614799871,-0.002060272792282233,-0.003568476658695377,-0.0053169040827259675,-0.007253854367702726,-0.00934131484210033
15.031879011137487,10.309644971876763,-2.0071243827405847,-2.9549762780776954,15.347013459215484,3.3749093110828935e6,30020.77652805614,0.13437452933352392,0.05207989599655883,4.62512270420423e6,-0.015925065552713297,-0.007800383682556124,-0.002126785588349594,0.0017309526305256803,0.004197828921391047,0.005607076080108095,0.00621377222594794,0.0062068413980048654,0.0057249627508483315,0.004870598894402703,0.0037203612659755902
13.666359659866918,10.649785010896716,-3.5807637293619834,-2.5846909242239673,16.0441535003912,861439.1155673522,42183.52457577063,0.02785441689363848,0.0754193863045235,9.287254185260642e6,-0.014342543518171803,-0.006846035822709001,-0.0018108566246904188,0.0014232115993889239,0.0033115568751309753,0.004201206525582732,0.004349499137486571,0.003943221316465387,0.0031179731917415827,0.0019733487359287643,0.00058352009262317
12.283150226228473,12.101865458464676,-3.0284440881898718,-1.1573754670674319,16.20616666143295,216025.17401228467,180207.71890767178,0.0483908715111207,0.31431001630694444,1.0920656673762655e7,-0.0140147886978896,-0.00674164088479308,-0.00180318774056571,0.0014359866871871602,0.00338895054448117,0.004363431109148531,0.004588969221311667,0.0042348927285146745,0.003426497894379151,0.0022577416390007145,0.0008002557739351994
12.94350774663058,10.803611059436426,-3.7023474407712342,-3.1141792375624804,14.440347574728767,418113.30803623615,49198.138157465604,0.02466555752225005,0.04441494631109128,1.8679414894736172e6,-0.008807563439808921,-0.003869921523772918,-0.0009362712303550579,0.0006601541196887581,0.0013191754028086782,0.0013045459992754103,0.0007977518311343604,-7.297425313407561e-5,-0.0012151620704676134,-0.002561049627706558,-0.004060338809244345
13.527032492137211,11.731291104411033,-2.6904855934799805,-2.5308939664129095,16.266506718451836,749403.2425075528,124404.18552381369,0.06784798483208991,0.07958783961858056,1.1599896324016131e7,-0.010123913337963784,-0.004514804035005785,-0.0011042471212442042,0.0007861785706102763,0.0015898133708510686,0.0016044870816311705,0.0010377557930078393,3.569854227834715e-5,-0.0012975231545024064,-0.0028866440474917617,-0.004676664975637682
14.90256989978596,12.036850575051048,-3.3719770047588824,-3.655633525649193,16.365932026154557,2.965540596564382e6,168864.27674225922,0.03432171602929192,0.02584511874990512,1.2812502707174623e7,-0.010228651158911733,-0.004651434418515361,-0.0011668059512514864,0.0008585427052995117,0.0018198303981797502,0.0019907168559865503,0.001565702547683174,0.0006847181117407615,-0.0005502128895016907,-0.00206365034676724,-0.0037991270511668574
13.916817896575722,12.87858000253699,-2.1026191903436184,-2.574873611505968,16.275362934044328,1.106616695543532e6,391828.6878800235,0.1221361112273367,0.07616344837385682,1.1703083757353246e7,-0.006280218284524778,-0.0024586224577887073,-0.0004949309239698526,0.00024319904204649987,0.0001280315842518506,-0.0006019651561709381,-0.001787250888269213,-0.0033178651973289545,-0.005116246894530422,-0.007126647332944269,-0.009308326248250983
13.353127843847572,12.41583797570907,-1.5684663784765092,-3.866405661013086,13.890219478810181,629781.2676324093,246677.7173827473,0.20836448971227398,0.02093347637470101,1.0775704469363366e6,-0.004090043095805456,-0.0013672459438429693,-0.0001919553774196823,-1.0770115665562948e-5,-0.0005163058133176079,-0.0015191439680982393,-0.0028951117067798865,-0.004559282853201369,-0.006451654478808782,-0.008528652437989186,-0.01075783056439525
12.294702947431059,11.050614599546908,-3.561689616301826,-1.3568433602801755,15.324266419340772,218535.32423512454,62982.651821918305,0.028390814583114328,0.25747224263519725,4.521102415662487e6,-0.01403677834922381,-0.0067497068563359295,-0.0018060883254157878,0.0014405583821386922,0.0034107803398336738,0.004417007141463039,0.00469183600323439,0.004406674426131196,0.003688209975772386,0.002631218819609674,0.0013076364824958094
12.395768961212273,10.399169828319469,-3.523811388476246,-2.4418159252802645,14.074396516505198,241776.4846546776,32832.35786382366,0.029486834939704717,0.0870027174915544,1.2954860572833503e6,-0.010507323184892201,-0.004777381830752614,-0.0012050425101470304,0.0008995411338897711,0.0019629542115693183,0.0022745602727487196,0.002036557992613672,0.0013927331389200406,0.0004469712954589561,-0.000724588187934666,-0.002065459694437257
13.916150838425423,12.801004231387605,-3.8491983930676117,-1.823746225286789,16.623976245366524,1.105878764006499e6,362581.38244909013,0.021296801261351982,0.16141990150140428,1.6584452952850867e7,-0.010656996188004928,-0.004768607541121136,-0.001163036132178602,0.000819666964719149,0.0016233404747265528,0.0015667951642880425,0.0008770654868211036,-0.00028504864835622465,-0.0018049704966087896,-0.003600114901357882,-0.005610257744909586
15.373720741434312,12.827346667868616,-3.643218392240454,-2.9114996511699256,16.56940471749704,4.750311445971499e6,372259.5733963492,0.02616798944136068,0.0543940965032445,1.570366554854184e7,-0.009914214261852556,-0.00447064513285898,-0.0011080746205113512,0.0008009185810004081,0.001649504515015451,0.0017098700400580119,0.0011749673718231604,0.0001831210355633651,-0.0011651823237560626,-0.0027958522360188916,-0.004653499350330085
14.650131032629805,11.70189754857264,-2.9838897846864274,-2.107256015202443,16.769491677257538,2.303939478935557e6,120800.72288020937,0.050595644438386274,0.12157109841568402,1.9182168418459658e7,-0.015404960715403886,-0.007471252061206207,-0.0020078351138211785,0.0016026691624211453,0.0037896184624619843,0.0048971136344641356,0.005189849928497188,0.004863471157974698,0.0040609306934026815,0.0028873341353322403,0.0014209910112437535
14.150405214321019,10.249515986278222,-1.995996075329396,-3.3351567254514136,14.413325083862148,1.3977931288456318e6,28268.856094289767,0.13587824177314087,0.0356090049366463,1.8181409552632926e6,-0.01309306098163366,-0.006229371952048769,-0.001650287899741955,0.0013033633569030562,0.0030527532340952025,0.003901430191500603,0.004070661004983046,0.0037211888416641063,0.002970185278285747,0.0019037843697059748,0.0005859167077074644
14.12606863151165,12.923702935828242,-2.5593315890823227,-1.5105618199504507,15.390155612971968,1.3641862179784114e6,409914.112827696,0.07735642904848984,0.2207859011841745,4.829027274830587e6,-0.007873458181650245,-0.003365629826208057,-0.0007775803088934191,0.0005047760326163176,0.0008507254230939358,0.0005059278752797283,-0.0003592183641526043,-0.0016235916014064836,-0.0031994563473575484,-0.005022278928517921,-0.007044007842557232
14.026740788627139,12.357827218852712,-3.8572512984737117,-3.709922457225737,15.132973833040237,1.2351967024829718e6,232774.91110230912,0.021125988826619046,0.024479421400306373,3.7339373811823805e6,-0.005858217601101861,-0.002295965777161933,-0.0004644146809473685,0.00023083704396688134,0.00013268105542669928,-0.0005398511232797501,-0.0016389016822493843,-0.003061070670677432,-0.00473227749575118,-0.006598561103851479,-0.008620157750691467
12.270216523657067,12.330921584455742,-3.2012530197355873,-1.2494111753967059,13.88142631894694,213249.15943480164,226595.45827445525,0.040711160118475684,0.2866735476109644,1.0681367345871239e6,-0.005523713793606233,-0.0021169809538702264,-0.00041249279568457626,0.00018654622116032464,2.150404288435644e-5,-0.0006914642861887804,-0.0018075574399769986,-0.0032262531166929466,-0.004876071275463228,-0.006705317250328277,-0.008676107711843226
12.234967627294607,10.372403895135747,-3.9633155233782356,-2.2725972418906615,16.131140360488963,205863.29835940906,31965.22573554678,0.019000014752317485,0.10304420151439615,1.0131301629212951e7,-0.014217172037214428,-0.006693186444829141,-0.0017418503913962868,0.0013452871335004036,0.0030726929947183547,0.003818202318174325,0.003854405734397273,0.003374616716670688,0.0025166211431441204,0.0013800233214447885,3.7870832106511145e-5
14.843357591324427,10.738565887012992,-2.324179627455656,-2.006272803883078,15.637557674111612,2.795041720586263e6,46099.89203522886,0.09786369581781326,0.13448900857882598,6.184505901960288e6,-0.015674356885511415,-0.0076631737626171245,-0.0020846118107151973,0.0016916905325010132,0.0040867648644672076,0.005430120422730128,0.005974016416502779,0.005905547038349519,0.005362344931585129,0.004446417384576949,0.0032343805036869934
14.727416796548818,11.301972999174742,-1.5995991053921252,-3.9868860860633126,16.404227893310413,2.4890627614217997e6,80981.25597622384,0.20197747344628594,0.018557410421479785,1.3312684936890395e7,-0.012169708635999428,-0.005716078679811249,-0.0014898003119130324,0.0011518181609417417,0.0026206052046116673,0.0032118803297886012,0.0031397505002346577,0.0025591693343617185,0.0015828307779546706,0.0002934968090520277,-0.0012473882138619892
15.401084209361787,10.080927472310174,-3.4155156972664846,-3.6399851063124635,16.99653779607709,4.88209119381309e6,23883.126211324394,0.032859456799330396,0.026252734962807774,2.407146798543332e7,-0.01887022249884423,-0.009422467685386899,-0.0026144527529469892,0.0021633445890172852,0.005341924968329092,0.0072954184776286264,0.008322906550460984,0.008647297573314781,0.008431262474804196,0.007794341966218556,0.006826019876903024
13.585261503158005,10.98637890501857,-4.371943186033749,-3.885559412477593,15.609966796455048,794335.7447306257,59064.11956216948,0.012626680723925067,0.020536337264177057,6.016202452895339e6,-0.009220870233296385,-0.004101138284831457,-0.0010056188275318386,0.0007208082594348519,0.001474802273393824,0.0015219273050160566,0.0010473208648594315,0.00018325281681854394,-0.0009739143584711401,-0.002352874600353185,-0.0039002474130896527
12.211852499523237,12.128091217919922,-3.816863010364392,-1.3369508441650195,15.71326600781547,201159.31791533896,184996.32110057972,0.02199669618380504,0.26264529530225045,6.67090444610634e6,-0.011909953501095695,-0.0055430479274822695,-0.0014254069355052108,0.0010801645629671722,0.0023837128516189794,0.0027829132075353515,0.0024979063281912388,0.0016919451437388457,0.0004868181448681008,-0.0010259209742261312,-0.0027770441925304722
12.569503934462595,12.653920906202965,-4.4729378666761574,-1.3461153108250583,15.217132888426436,287651.2058805606,312988.2429018702,0.011413734515632932,0.26024928708826206,4.0617841807223023e6,-0.008268201144005095,-0.0035230730092006193,-0.0008078994112843404,0.0005175680711887707,0.0008499582968530349,0.0004591694613319267,-0.0004651974100540848,-0.001787760314634857,-0.0034106784306291936,-0.005262609029649801,-0.0072912305690954245
15.351629949920502,10.659070079012608,-2.5655197131178804,-2.49626640904824,15.49197636019036,4.646523901383196e6,42577.025489163585,0.07687921592042499,0.08239204326490714,5.346626505094662e6,-0.015453039654993466,-0.007546504896149871,-0.002051316683955988,0.0016638883279254126,0.0040182109893466544,0.005337071693949885,0.005868704890734904,0.005797092738461931,0.005257677562500498,0.004350993242786021,0.003152700223143224
12.775990971418612,12.235445535426404,-1.538368805793668,-3.2462639308539343,15.38428242863335,353624.5271381797,205961.7056166749,0.21473108400474666,0.038919341899904696,4.80074863159917e6,-0.004804091495385138,-0.0017201011755969395,-0.0002913521778229988,7.525953285256882e-5,-0.00028812488147820733,-0.0011767132488687748,-0.002456741547921715,-0.0040371891422777565,-0.005854065052431811,-0.007861090080758032,-0.010023914946210924
14.682820302233232,10.910676829958653,-3.379026616547369,-1.857341348979554,16.994533518789734,2.380498082785401e6,54757.89454893822,0.03408061209843888,0.15608706023365945,2.4023270405668687e7,-0.019358752122967546,-0.009706205003497972,-0.0027040265810583247,0.002245031229116003,0.005557875207792539,0.007604162933662236,0.008685054250572682,0.009027648931538986,0.008798773440364858,0.008121363692394874,0.007087433265811243
14.634799902740246,10.400871073836042,-3.464603136639641,-1.9747207540586684,16.77472884863337,2.268886868162147e6,32888.26130469394,0.03128541899943732,0.13880006618690188,1.928289224557864e7,-0.020207397111042042,-0.01017697676355708,-0.002847786275987113,0.002374957929716458,0.005909142429799822,0.008135178383543655,0.009366230971228812,0.0098386165692824,0.009725556484044854,0.009154426839781177,0.00822046722279538
12.979541502645153,10.809736408649858,-3.8556238842246113,-3.480764456545596,14.09448926309882,433454.2367120051,49500.41877637872,0.021160397552893312,0.030783869105270974,1.3217791964596943e6,-0.008092839084310856,-0.003502655726556422,-0.0008320861285063661,0.0005716389617167867,0.0010931402240338748,0.0009828433727712578,0.0004120068103653067,-0.000498560323223438,-0.0016616870155030077,-0.003013382008216422,-0.004506019587392655
12.865150179316773,10.984236848246228,-3.377685959773391,-3.399427902378611,16.26802364221899,386601.6753580828,58937.736273273666,0.03412633314317603,0.03339236819119368,1.1617505835212857e7,-0.008083177378383736,-0.003476438114973568,-0.000817991036334512,0.0005535473666101355,0.0010299247377296952,0.0008659015964073999,0.00023476663244001897,-0.0007421529450234465,-0.001978051566234172,-0.0034097622948680902,-0.004990671646779831
12.692013243094486,12.165400353797914,-1.661397427816408,-2.870869281590516,15.761707711283808,325140.6845200016,192028.74508685118,0.1898734601674231,0.05664966066284869,7.002009318177195e6,-0.005658103771207974,-0.002149493231490118,-0.0004129175578228824,0.00018010477392386412,-1.250155340239121e-5,-0.0007679608381636055,-0.0019403121445000864,-0.003430356204096697,-0.005168642720619447,-0.007105257677929001,-0.00920343385973117
15.028634956156687,12.706264012335396,-1.9765881689531266,-3.3309197199273566,16.29105433926917,3.3639786591265677e6,329807.36228268995,0.13854111073983538,0.035760200569443415,1.1888169920315368e7,-0.008688995574033784,-0.00381062881648339,-0.0009123563264311371,0.0006275612323614764,0.0011882117760847542,0.0010246669596260347,0.00031468098643757563,-0.0008153887838412376,-0.002274176938926931,-0.003994591554971159,-0.005926699708668996
14.245587089476286,12.186129370958817,-1.8022914220082313,-1.2478380284565005,16.73677484827522,1.5373751766929398e6,196050.85541474257,0.16492055234030317,0.28712488213991316,1.8564743854556605e7,-0.015028492049968166,-0.007314126871765122,-0.001979946703429058,0.0015975575967882027,0.0038306731306323315,0.0050373519969073,0.0054592110326781365,0.005274999267798435,0.0046161092189733275,0.0035799133006592047,0.002239620801599117
12.392014038230123,11.540188248503128,-2.8194209629910474,-2.724157164955847,16.615656521366326,240870.33490185428,102763.78135799311,0.059640466750105495,0.06560147064228619,1.6447047262873007e7,-0.006910260289280404,-0.002808122060942917,-0.0006085795405159955,0.00035779465704401326,0.0004812973770168028,9.22702748309074e-6,-0.0008945282064823749,-0.002117926271537256,-0.0035825081581903908,-0.005232235469363638,-0.007026362786854755
14.33121370784615,12.211344842003749,-4.594559822900751,-2.406709266266227,14.863752042921014,1.6748157343493318e6,201057.2237916015,0.010106668526044117,0.09011133962747608,2.8526303114594836e6,-0.00787138084551135,-0.0033755323510805857,-0.0007854493511944303,0.0005174248112215674,0.0009026811372780251,0.000614787516795699,-0.0001771434424370515,-0.0013528922445320318,-0.0028252149156411032,-0.004529798004755982,-0.006418710299382474
13.609331708364977,10.936176241238593,-3.567778200237588,-3.245008177381583,16.756751545661064,813687.5355786687,56172.14324723779,0.02821847989500968,0.038968245697767676,1.893933521650901e7,-0.010922517810284447,-0.004993888387374262,-0.0012629502122447377,0.0009422831235566263,0.002047420294521153,0.0023479510595255317,0.0020530821623037827,0.0013125371698986124,0.0002349150522987835,-0.0010999213725797965,-0.002632569701984666
15.105435678825202,13.049587458510384,-4.558868476804623,-1.1288003423202535,16.8509381230501,3.6325145460071373e6,464904.57967421785,0.010473903705840617,0.3234210182933818,2.0809873572980713e7,-0.012361130026953828,-0.0058458658451389835,-0.0015343612109438934,0.0011946434751145653,0.0027379897150807174,0.0033835716481077837,0.003342748467785908,0.0027700425245049142,0.0017789043401877467,0.00045361431468135755,-0.0011422807018232157
14.271978500622431,12.612242401753237,-3.0306117336391587,-2.52452443771263,14.898466245740241,1.5784888142239216e6,300211.46893131157,0.04828609086337734,0.08009639455548119,2.95339597959375e6,-0.006442635336058935,-0.0026013535919201173,-0.0005522750648756115,0.0003062177179135969,0.00032585085093921116,-0.00026620250077014014,-0.0013156156043306558,-0.002714140765909847,-0.004384096145685239,-0.006268798616237506,-0.008326370397496933
13.521563313064759,12.978845167721689,-2.6081098576253883,-2.3861001673303033,16.492014256062458,745315.8096165914,433152.51245202037,0.07367366595918101,0.09198772200281911,1.4534188447666643e7,-0.005083015231913886,-0.0017982152605532042,-0.00029446843372958587,6.134581374086299e-5,-0.00036692412348837016,-0.0013518482116024787,-0.0027441415942137492,-0.004442403835065134,-0.006375982288775402,-0.008494657021102052,-0.010762103151143778
14.40537994716756,10.406263869160068,-2.360511273274873,-1.1694454134051617,14.702693589566614,1.8037528104202712e6,33066.10005948026,0.09437196099821185,0.31053911434862086,2.4282796207075827e6,-0.013826930129417752,-0.006642628035248463,-0.0017772460577199915,0.0014185879487637677,0.003364229128102137,0.004368737037730957,0.004660997667424049,0.004408912773101212,0.003735821559456301,0.002733155691388609,0.0014694319481613023
12.575857538854446,10.253365573487024,-3.610317099511118,-3.02120500798981,14.804827961542207,289484.6461549212,28377.889252794193,0.027043270098850516,0.04874244792051151,2.6893980721588973e6,-0.010501248299520417,-0.004769701424530069,-0.0012024807392517682,0.0008978744513955508,0.0019621065094257125,0.002281175917827438,0.0020575808055547204,0.001434899662557122,0.0005166785531909814,-0.0006212581113626426,-0.0019226549606284186
12.86268414633002,9.941567817156855,-3.719301581520619,-2.2991461321085085,14.563365246357554,385649.4774322149,20776.29219185995,0.024250899208563388,0.1003444880895806,2.112463260023875e6,-0.013881196604881164,-0.00662324321640697,-0.0017584388333578816,0.0013923317904737153,0.0032753246286548786,0.004218964993529012,0.0044648667602315995,0.0041894916476413555,0.0035223431467018966,0.002559579185912557,0.0013734790757676239
12.880874003940812,11.973566917179348,-4.447666696846388,-1.9363209385581328,14.182231655170312,392728.5752168512,158509.04187135398,0.011705848423109594,0.14423361918407446,1.4429954075361495e6,-0.006310599635762257,-0.002516104105502541,-0.0005259450202170016,0.00028451510598685574,0.0002792525650784105,-0.00030825385975267105,-0.0013203723908681128,-0.002647103959878527,-0.004209910690699122,-0.005951821246812864,-0.007831034507101133
13.730853013750764,11.074577642624021,-2.17149241372117,-2.106743548951216,16.744748408210622,918826.8881140688,64510.13631607884,0.11400734375930621,0.12163341546707569,1.8713362675502237e7,-0.01693143185582512,-0.008274065023017033,-0.002236555612477157,0.0017943366506890104,0.004269779418758391,0.005571443556025085,0.005997793470858174,0.005768730773334823,0.005043276004794183,0.003936859018211237,0.002534262037200347
13.605039161425367,12.070704490459178,-3.678942744248866,-2.7672827819783987,13.880966490100155,810202.2294098604,174678.86158963866,0.025249656072392858,0.0628325026057393,1.067645687411731e6,-0.005319398857914409,-0.0020209468203114846,-0.0003873457372221903,0.0001667008497497205,-2.5748341047913958e-5,-0.000754303528528727,-0.0018779952290660681,-0.0032987547275969103,-0.004946621171993361,-0.006770816937923071,-0.008734009626089924
13.069769450202743,10.640458000481239,-2.084839532908126,-2.5935536874757696,15.814664954416322,474382.6010050646,41791.90754972617,0.12432706896837195,0.07475391545040223,7.382810527888053e6,-0.013418645985018634,-0.006321023337382035,-0.0016499507501501378,0.001278897515848283,0.002928134371615729,0.0036371994970493867,0.0036512608766356125,0.003145183558730948,0.002243912234376674,0.0010375256332031037,-0.0004083487343317265
12.954212616059115,11.716449403260604,-4.4840175495595735,-3.361492191032597,14.477739353179254,422613.19880494685,122571.44987996072,0.011287971947910563,0.03468346595495408,1.9391093994387807e6,-0.0051553285016197655,-0.0019324391742970351,-0.0003633449238947116,0.00014935303504851906,-5.6164681092915065e-5,-0.0007677416576222411,-0.0018440799408721564,-0.0031873462972825924,-0.004727982947818832,-0.006415585836113947,-0.00821306278533745
15.134028758986204,12.504134474675727,-3.7439232614686313,-2.260101231350937,16.174053848394536,3.7378784870283175e6,269449.0168633735,0.023661092146276826,0.10433992174888504,1.057553474366018e7,-0.011063093187201911,-0.005102534420130471,-0.0012996216436490108,0.0009741462476983864,0.0021194894169994983,0.0024210377707863783,0.0020841539842089674,0.0012574741082661794,4.95110694750053e-5,-0.0014594895242743295,-0.0032093966569272958
12.295640100450543,9.93908292432557,-1.4905937549842063,-2.1408596670541327,14.467519091590596,218740.22126903635,20724.729422841276,0.22523887912104615,0.11755374249209782,1.919392123614174e6,-0.015733081298360013,-0.007651849946627951,-0.0020737781513287816,0.0016804264448964203,0.004063453613202511,0.005418076485911239,0.005999666820336409,0.005994179511164899,0.0055362739321647625,0.004724010368197264,0.0036295287837034883
14.705291142544661,11.50708624169756,-3.0331428661154067,-2.776751409305162,15.568910235133556,2.4345954049087153e6,99417.77918570567,0.04816402691582112,0.06224037280669416,5.7741997603468085e6,-0.011996785979920058,-0.005616600144799667,-0.0014575587442885285,0.0011202932217461545,0.0025280364262390076,0.0030611529134834804,0.002934456430652185,0.0023040399343611565,0.0012841150120083725,-4.0751933870071914e-5,-0.001607185574039306
14.63275437007129,11.681190614224338,-2.7424093798644593,-2.023749431188787,15.896787031404308,2.26425052945891e6,118325.03069941213,0.06441495966811855,0.13215901382849277,8.014692930221182e6,-0.013212233914095645,-0.006287674274372628,-0.0016602946747503833,0.0013016742964046945,0.0030121124279078853,0.003778641179864593,0.003829690754008824,0.003332819496257403,0.002411015126042287,0.00115543529129247,-0.0003655091488037466
15.217830460045432,10.517092093495393,-4.218782397298742,-1.589339002850135,15.892724992500732,4.0646185545637016e6,36941.545592408824,0.014716552514363651,0.20406045054147842,7.982202968157462e6,-0.017234249976534614,-0.00853762967005301,-0.002354135188829728,0.0019379686338755733,0.004759344545160714,0.006453445441019501,0.007289256848056288,0.00746758236857349,0.007136197732157204,0.006404681456468306,0.0053556895001551814
14.753849352667393,12.81063133807091,-3.928655607286691,-2.680218179036329,15.456292122049947,2.5557322939483477e6,366088.84838404745,0.019670099123172143,0.06854819674313298,5.159200182489377e6,-0.007333690081165622,-0.003079478918863904,-0.0006939266006674004,0.00043180069227850143,0.0006601111983801332,0.00022924809812314254,-0.000696947269320969,-0.002002592848173422,-0.003603950466846748,-0.005439489883938847,-0.0074634309137301446
15.148636716446713,11.580739726126026,-3.437647263728529,-3.79550320343784,15.24525913740063,3.792882023511937e6,107016.65185255831,0.03214021389061964,0.0224715951872484,4.1776487130786404e6,-0.011499223486905462,-0.005367714364488367,-0.0013900119282978035,0.0010661294805662932,0.002398319898817677,0.002888078016406303,0.002739182026137734,0.002099984155403734,0.001079529521645214,-0.00024098313717453744,-0.001800327335211867
13.995625168808285,11.840750770438905,-4.280570034265607,-1.687920862508772,15.823648097772999,1.1973545850776741e6,138794.6484448777,0.013834773543346543,0.18490356455140358,7.449430152053411e6,-0.012572286437667881,-0.00593145711116415,-0.0015511193167566906,0.001201859821945493,0.0027379373394579077,0.003357820736515832,0.00328337610923703,0.002677362987933937,0.0016596562536385895,0.0003195262232478912,-0.0012757059510629162
14.801963041181805,12.194945008292937,-3.7283234752577163,-2.9639657216914275,15.19635753853467,2.6817041873108875e6,197786.8091820207,0.024033094157232565,0.05161382470747658,3.9782697180947713e6,-0.008937718173820842,-0.003960028336226243,-0.0009623233938685895,0.0006774397129389464,0.001337032086128277,0.0012712253636357942,0.0006585766369308188,-0.0003730636219760224,-0.0017305168717268351,-0.003344836237870628,-0.0051644050558785825
13.070810109443508,11.835376652579535,-2.3835628035032763,-2.1508805848167247,14.844126781075918,474876.5286030423,138050.7503343306,0.09222142469014656,0.11638162874215212,2.7971924650920024e6,-0.008586674107960436,-0.003712596959242616,-0.0008739892732112186,0.0005882422791265751,0.0010767810764383953,0.0008596172665296434,0.0001208529492211358,-0.00101055661562022,-0.0024428139858273996,-0.004109664832663286,-0.005962714621319437
14.010267905432652,11.885747662012706,-3.972584102209125,-3.2289004062446613,15.71562599027618,1.2150161239781654e6,145182.61778942397,0.018824725215119315,0.03960101989042413,6.686666255077113e6,-0.008284753653847596,-0.0035801632945900858,-0.0008424779028790544,0.0005661072841809408,0.0010306335794389673,0.000806826670816615,7.14439741579683e-5,-0.0010502607160080345,-0.00246777088528007,-0.004114669769388127,-0.0059416950517570035
13.534624342861653,12.571982219313345,-1.8940985702715238,-0.9480204476115279,15.850005581428565,755114.2511897411,288364.9715984541,0.1504538975532035,0.38750735581848383,7.648388893212862e6,-0.011250557992924626,-0.005231705277167003,-0.001348605916976507,0.001028136563548238,0.002292439927712483,0.002721169352923297,0.002513562439297571,0.0018140107352191965,0.0007282229799419668,-0.0006653713010308828,-0.002307781731701131
12.224356323805077,12.68905605680135,-4.3036734001310615,-3.854360674398374,15.77909211886892,203690.36961557608,324180.6032136931,0.013518807699930498,0.021187144464933604,7.124799325419304e6,7.838411612236127e-5,0.0007620415913445952,0.00041603089680652744,-0.0005333798395415625,-0.001865282464638662,-0.00345060616283506,-0.005208216619133505,-0.0070845060630551114,-0.009042631871711577,-0.011056329585166703,-0.01310615114250772
12.287738789855732,13.062192636318425,-3.0311512582681654,-2.7386854577506496,15.090871463875251,217018.69694671835,470801.8747058708,0.04826004635457683,0.06465528315613689,3.579993217690582e6,0.00013575672174588003,0.0008426961626085822,0.00045516353803727377,-0.0005830402435042271,-0.0020429865279271296,-0.0037919854100247844,-0.005747351350511394,-0.007854896557320837,-0.010077655443133058,-0.012389464674242751,-0.0147711019130997
13.743076095994798,10.659030609456218,-3.011922923178229,-2.3146032609139695,14.852443634291669,930126.7033350408,42575.34502601893,0.049196985721777636,0.09880537618172393,2.8205533139601303e6,-0.012864629902435283,-0.0060844181908254105,-0.0015988547340301813,0.0012493033719032972,0.0028852042705142444,0.003617480457422921,0.0036718976939211405,0.003213040486618658,0.0023615315073070853,0.0012067257210139485,-0.00018446138402250227
14.978133177540245,10.86178855430245,-3.9275272492072086,-3.8670163542874554,15.188955131389248,3.198310237562219e6,52145.25946097995,0.019692306565059037,0.02092069634420633,3.9489296733609233e6,-0.013360519372353186,-0.006385981807535608,-0.001697831346616093,0.0013442606420662959,0.003153830914816661,0.004035249859274982,0.0042139429702220225,0.003855614730529358,0.0030825412691720968,0.001986053830659496,0.0006353375929356947
14.037589755220846,11.438405467575004,-3.3123440476214987,-3.6055102872201283,16.947427146519242,1.2486702652077964e6,92818.89125128662,0.036430678345307735,0.027173574946526054,2.291786158831918e7,-0.009770788409911468,-0.004387445158993089,-0.0010854742628217313,0.0007855870861051852,0.0016277296618715925,0.001714746095123769,0.001238881381931999,0.0003374498233595828,-0.0008899229936652109,-0.002369942317379187,-0.004048101447925412
13.394966744335532,11.583574046637683,-3.6467058781536856,-3.941206038818635,16.97179937461847,656689.6059374106,107320.40160272189,0.026076887896818602,0.019424773581767262,2.348328324291112e7,-0.0067067129659065285,-0.002751246192823559,-0.0006031309131400967,0.0003600406219955564,0.0004998297411983308,4.835123957442266e-5,-0.0008373059071913936,-0.002047189847996156,-0.0035025148956925084,-0.005145874123077591,-0.006934906583037189
13.272457184912227,10.011579447680434,-1.87544792475795,-3.1477814619692035,16.515987507074875,580971.6183076634,22283.002513376945,0.15328629074053596,0.04294730147540259,1.4886830292378161e7,-0.014507504543999478,-0.006943957563937937,-0.0018472885007870426,0.0014652618553086109,0.003454817342817285,0.004464738451433338,0.004745928736560816,0.00447851606697594,0.0037916642525922585,0.002778728379592402,0.001507914771925457
15.030939696995775,11.600989507571889,-3.6395750827980096,-3.042157091065783,16.277625618854458,3.3717406994338376e6,109205.80580279321,0.02626350140855838,0.047731816490332514,1.1729594128198884e7,-0.012969516653708215,-0.00614546657502364,-0.001614768940901832,0.0012589889211601707,0.002894342121194995,0.003600417964056415,0.003604980781902174,0.00307410719638383,0.0021292421951685145,0.0008602358556523623,-0.0006655070912217068
13.650879220522935,11.362270814467577,-2.1838179142424874,-2.697039444173576,15.355289411033858,848206.3483769179,86014.46979110528,0.11261077059632547,0.06740477322741678,4.6635588252227865e6,-0.010625025130346822,-0.0048310657293566175,-0.0012123383318581018,0.0008941903317782516,0.0019077939111027764,0.0021187362090780986,0.0017316655101915635,0.0008920980903880897,-0.00029538242203219203,-0.0017547306910510564,-0.0034300551749742157
14.122391039478615,11.872152727959966,-2.9910274926083202,-2.4195443671389496,14.226072594874186,1.3591785114064624e6,143222.22557002178,0.05023579329023354,0.08896214230188246,1.507664910360127e6,-0.007406606125158472,-0.0031394166728802714,-0.0007202031340339701,0.00046421504626408124,0.0007742380736341474,0.00044491911992856155,-0.00036257534149886116,-0.0015343345405414255,-0.0029881056373848736,-0.004663566930773239,-0.006515977873926549
12.224777906917241,9.945395811240376,-1.9133319020590167,-3.309863937427428,16.105145467750148,203776.2601392415,20855.976132971162,0.14758781830081272,0.03652114257630954,9.87133309610009e6,-0.012075618895191598,-0.005622143532964601,-0.0014584752079245414,0.0011285814180634318,0.002587092442127138,0.00322307360564854,0.003249077176709675,0.0028141301096479094,0.0020240672612310035,0.0009552246674390566,-0.0003364043575673827
15.366356510041115,12.679633972441758,-3.968701909178355,-2.8463972535784405,15.517951373755942,4.715457546898444e6,321140.4908108669,0.01889794847360263,0.05805309514944287,5.487324607982707e6,-0.008823482368646973,-0.003906665915179503,-0.0009478903777873539,0.0006650523222365663,0.0013030308580277872,0.0012161152249434328,0.0005796924486608291,-0.0004805558824756983,-0.0018729402063420266,-0.003529494645240988,-0.0053991746687411715
14.05184098885553,12.998985475629894,-2.1582430550885037,-2.1087001761550956,15.066680562620375,1.266592762403638e6,441964.7804432274,0.11552791902291448,0.12139565689576899,3.4944290648896922e6,-0.00577170659609024,-0.002220288045863117,-0.00043228642189718357,0.00019296119370774162,4.612217222503362e-6,-0.0007741590661080445,-0.0019934141708367807,-0.003549094437120687,-0.005367242077806183,-0.0073943053451319025,-0.009590884425960107
12.399151769817525,12.744010477828853,-3.122230537322258,-4.013031383797568,16.344204299251928,242595.75316052334,342494.3628883597,0.044058783973368223,0.018078509188654175,1.2537118715342823e7,-0.00021450344333537167,0.0006350083398884104,0.0003876677027163739,-0.0005175190218216729,-0.001852177754240933,-0.0034826337411217965,-0.005324745968736828,-0.007322841383045042,-0.00943861500171073,-0.01164476403314283,-0.013921123181249375
12.582227145774246,12.560495172081328,-4.099153977642625,-1.2455203246336497,14.83406495124396,291334.43451851205,285071.46211456426,0.016586702188323532,0.2877911243547079,2.769188711262771e6,-0.00759714882281171,-0.0032031858956145815,-0.0007263769808531435,0.00045752849498222314,0.0007223877651517567,0.00031582763697731304,-0.0005905548618228427,-0.0018746057700460331,-0.0034477002710898404,-0.005244683599019437,-0.007217246951571319
12.584264268726308,10.882863729097883,-2.426184336375511,-3.457183111107321,16.173518707571798,291928.5234924887,53255.89220023754,0.08837339321481347,0.031518420978492084,1.0569876857314568e7,-0.00817240421648955,-0.003528208830052747,-0.0008351482153535284,0.0005705959560512618,0.0010797682783271144,0.0009442936830605072,0.000333843693354115,-0.0006340333553560462,-0.0018760794284677748,-0.003332194393820036,-0.0049582241866407304
12.306016861132457,10.062117203949512,-2.099095572193927,-0.9489785730047791,13.984037592887901,221021.85370023348,23438.07706734025,0.12256723135087466,0.38713625299071347,1.1835602238725987e6,-0.013432972300252538,-0.006422165824763626,-0.0017129739196877077,0.0013656423166213605,0.0032400785943485135,0.004215705920166906,0.004514262836663451,0.0042965556710285275,0.0036797529190705567,0.002750030134271386,0.0015714361286856854
13.738061449903093,12.723316271763563,-3.254460640411494,-3.38803920869937,14.667674636733729,925474.122370587,335479.5473254719,0.03860163521168977,0.03377483742228424,2.344715514520675e6,-0.003821312340244325,-0.0012130687200916377,-0.00014288483112924073,-5.730269505289667e-5,-0.0006472882047385841,-0.0017211859914352135,-0.0031525722659084938,-0.004854673205299839,-0.006766318301474235,-0.008843557665106245,-0.011054315585742413
13.278066805688004,11.501439748993112,-4.383086756366605,-1.1725536333608746,15.215805438084905,584239.80684679,98857.99930463052,0.012486755500471994,0.3095753889874544,4.0563959410259183e6,-0.012036009384171972,-0.005658446210580794,-0.0014776676624509019,0.0011455887261545672,0.002615524942919011,0.0032202497629327054,0.0031691467685408736,0.002614995095278304,0.0016703274935540174,0.0004191829028152044,-0.0010748058726311558
14.477830436176925,10.577471175820682,-3.0378280216225315,-3.7491205663221696,15.343260770865106,1.9392860273794713e6,39240.755853707495,0.047938898751909216,0.023538437250762666,4.607798586451344e6,-0.01333941102339266,-0.0063588056966505805,-0.0016857220003614242,0.0013307755009002564,0.0031130196259760586,0.0039707857952359015,0.004132308369843279,0.0037645784764666046,0.002990260812437162,0.0019004603555374054,0.000563663462412472
13.83687445931025,12.49044871739077,-4.171390354928121,-4.066137466664927,14.958395217298724,1.021593743342114e6,265786.52218973625,0.01543079092625649,0.01714347804422364,3.135801048581081e6,-0.004568629399915412,-0.0016157022977266815,-0.000264279954002099,5.333320381241005e-5,-0.00034231714119923614,-0.0012501507007179815,-0.002536119780399532,-0.004107314384229987,-0.005897657911046215,-0.007859340335815104,-0.009957330460991133
12.836199559740805,10.255219948743674,-4.060029851938675,-1.7846612734279743,16.985495115171908,375569.77797021286,28430.561330265475,0.017248504206370988,0.16785390795069727,2.3807116705229778e7,-0.02116199354177774,-0.010672073309291673,-0.002984255692772715,0.0024807961777154703,0.006138425706336549,0.00838710826132885,0.009565127735734,0.009932820416372468,0.009683727876905432,0.008961465866577437,0.007873842926332303
12.928680887506198,11.794497703526787,-3.60934570889115,-2.386059863605219,15.873864966996724,411959.73274781764,132521.17242459502,0.027069552440901395,0.09199142952539084,7.833069170766089e6,-0.008213267856746032,-0.003468808024386433,-0.0007911684614502966,0.0005075785341309782,0.0008479901499162592,0.0005064135078274402,-0.0003298395666199645,-0.0015308497153681076,-0.00300472187565956,-0.0046854329611926504,-0.0065249772798916
14.75936842521524,10.990362158612502,-3.9658468298961065,-1.3778452741934455,15.146385282936732,2.5698765616081594e6,59299.85611623699,0.018951980711224177,0.25212122030000356,3.7843522075846065e6,-0.013285495169315202,-0.006348464897873507,-0.001687603021374725,0.0013359785909321995,0.003133561913341173,0.004007033700824445,0.004179743125454412,0.003815836978288887,0.003036447688649728,0.0019320604571439657,0.0005712326834817025
12.605213866376133,10.790949344982144,-2.6942903376128964,-3.8263382222934332,14.965739589920295,298108.8199287177,48579.13248679998,0.06759033107399998,0.021789257142147026,3.1589163196281996e6,-0.007639059285033614,-0.0032630794828954314,-0.0007625138763026276,0.0005111746929795615,0.0009344577043632525,0.0007480240386604874,0.00011358297448443611,-0.0008566857053416189,-0.0020830674568106874,-0.0035077794571782162,-0.0050881726453022
12.429107135281736,11.723671641102499,-1.6372273861676332,-1.2223058278556618,14.353323409669292,249972.73609608717,123459.89446083347,0.1945186203287881,0.29455020122448705,1.7122578020717758e6,-0.00990658791358633,-0.004490227143039132,-0.001126018275444573,0.0008307306857859952,0.001771542779961178,0.0019604339522515356,0.0015819761480711022,0.0007676203110776473,-0.0003875762190158151,-0.001813897482975669,-0.0034595357875929016
13.887197086792337,10.957968558110867,-2.3513044453428513,-3.8930323459369833,15.328973817231807,1.0743185233882258e6,57409.70003061636,0.09524483945979452,0.02038344257973343,4.542435215233151e6,-0.010456471134050998,-0.004774380121318418,-0.0012071175141249878,0.0009003303986515127,0.0019528521672983296,0.0022276826413401506,0.0019202339260081832,0.001170154547958883,7.850918107174625e-5,-0.001280674663956764,-0.002852598608757235
15.343524651063705,10.516032117119385,-3.472099783176368,-4.051499921280373,16.10759663730679,4.609014653698417e6,36902.40917229236,0.031051760194476016,0.01739626203733654,9.895559086143758e6,-0.01615317338537136,-0.007925904608436425,-0.00216366264463426,0.0017623499514406124,0.004276522646632957,0.005715873134261077,0.0063399323699115575,0.0063413315420979945,0.005861754716485538,0.005006358494306493,0.0038544612542113976
15.22487922980484,11.756950603515714,-4.454333769054522,-1.0620011510126508,16.182539087068665,4.093370328186261e6,127637.64163327555,0.011628064270819515,0.3457631931812692,1.0665652474594265e7,-0.01426273731760002,-0.006895632402375892,-0.0018544182930538954,0.0014859659348729817,0.003534668137732921,0.004601296630676246,0.004918752292538719,0.0046588266670802726,0.003947864468141063,0.0028796876692766035,0.0015250177983703334
14.172008647336051,10.65862074099895,-4.286227889381663,-1.1717510265365876,16.359376608277028,1.4283188015298457e6,42557.89831070884,0.013756719416762448,0.3098239560447518,1.272878609635519e7,-0.018367838137667892,-0.009170178748082125,-0.002548020837379833,0.002113887582252102,0.005236109144486269,0.007173405346332281,0.008207828333958455,0.008550307766096917,0.008355475201570305,0.0077373353828731565,0.006781380169263262
15.12786251169456,11.606858971832649,-2.6994642695366595,-2.1058896167637764,15.894121585262635,3.714900720034103e6,109848.67016613469,0.06724152642618197,0.12173732651579146,7.993358643201108e6,-0.01358458294158752,-0.006506445770541372,-0.0017312493856856451,0.0013700558618299262,0.003208685166357983,0.004091886027945738,0.004248822771194874,0.003847973730841666,0.0030131449579725244,0.001836203682425761,0.000386221941300873
13.144343980357746,12.569017242092018,-3.522886728136944,-3.6784973516058503,16.29227360557152,511111.97807621903,287511.2422956384,0.02951411285596512,0.025260904588263328,1.1902673605426298e7,-0.002694976689012091,-0.0006292560284498004,2.5358962779686677e-5,-0.00020285686156187134,-0.0010250982892681408,-0.002265476937012403,-0.0038097078108460863,-0.005580375675902883,-0.00752353281646427,-0.009600767594526832,-0.011784189212875051
12.259919292972242,10.961764878568811,-2.676771653505752,-1.173095852482131,15.57799242370255,211064.55066035342,57628.05986903692,0.06878485744759796,0.3094075767916771,5.826880999758297e6,-0.015514279586970462,-0.007576853575391502,-0.0020610231450270394,0.0016743606500091769,0.004053305163476814,0.005401653801181992,0.005966230235468948,0.005929400031534478,0.005425320301160638,0.004553655311887573,0.0033895746578617497
13.208207796289807,11.90080279875472,-2.3198473263234423,-3.146264107040685,15.178316360047704,544818.3941054593,147384.8981722366,0.09828859053938441,0.04301251724018136,3.9071405998728094e6,-0.006298085790617749,-0.0025137012523030818,-0.0005265864087329801,0.00028601884977647697,0.00028406020537177394,-0.0003039514570218953,-0.00132552005953585,-0.002675510027036909,-0.004279679893300895,-0.006084587912908572,-0.008051100027829154
12.765673970109273,12.746877248642031,-3.1316219924170943,-1.3789183092462296,15.456572543192587,349994.9378618945,343477.6244509397,0.04364694479372412,0.25185083048788814,5.160647134168104e6,-0.008875814966351737,-0.003849988105282264,-0.0009043061412684681,0.0006020519376502534,0.0010710337453472814,0.0007799239224801899,-7.48202727223413e-5,-0.0013523858986962825,-0.002950909486050808,-0.004796132449619764,-0.006833605914741774
14.770107281409397,11.764511380543599,-2.859355850501701,-2.7809415898536702,15.46575065315622,2.597622811284648e6,128606.33881908961,0.057305661792434646,0.061980120041050475,5.20823014809293e6,-0.011021710843343344,-0.005087353903077407,-0.0012992224376384657,0.000978801884552886,0.0021479473292412084,0.0024904024841461737,0.0022088235142640757,0.0014497600618732964,0.0003202788408328275,-0.0011004071595100311,-0.0027530068568173533
13.972635134683715,13.098064716584485,-2.2016485214384134,-1.4483663334509518,14.548457861080337,1.1701413771954218e6,487997.08750230126,0.11062064745823172,0.234953810915762,2.0812055207692075e6,-0.004687501731136629,-0.0016680367702239858,-0.00027511937448142763,5.765870427945391e-5,-0.0003482992523777585,-0.0012908212363982427,-0.0026351162076870384,-0.004287860688228478,-0.0061826964038297315,-0.008271471560356876,-0.01051863302657635
14.368509825443617,10.018200681312434,-4.274880201891303,-1.9021552263238322,16.20739426194486,1.7384593109072465e6,22431.033010480027,0.013913715455896224,0.14924661212100174,1.0934071109585274e7,-0.019678335333316154,-0.009884509714578816,-0.002760994977792822,0.002300686078568494,0.005723364348696009,0.007880490265096563,0.009075410274373164,0.009536385613883237,0.009431013875482558,0.008883029467891133,0.007985471005578195
15.061498681288814,9.999469732953989,-2.1850100165320483,-1.8740530833163103,16.261315106536554,3.4763681832406563e6,22014.78898204375,0.11247660702310819,0.15350024999622483,1.1539830218910398e7,-0.0201062184391166,-0.010133753004414714,-0.0028411691937344345,0.002377101975404702,0.005940789088009628,0.008224778839450955,0.009535076278823969,0.010101767114355566,0.0100931985929458,0.009633014487915903,0.008813538563064549
12.464808802755007,12.25583760792791,-3.250321999876376,-1.1518646681529456,15.993203557342484,259058.40126038028,210204.80743468832,0.03876172455150882,0.3160468970081675,8.82592134772378e6,-0.012717428191774427,-0.006023642823843075,-0.0015841375481320313,0.0012367772025225886,0.0028456508431271704,0.0035371779452847757,0.003527899160105344,0.0029768465865509085,0.0020017391303732046,0.000690949806329859,-0.0008881761153665248
13.085479688945004,11.655981894432948,-2.3015651070129026,-3.3522031589372574,15.967523628621793,481894.114261903,115379.49078557781,0.10010205063437498,0.035007142778189025,8.602157730264058e6,-0.00675562563876535,-0.002760821298302996,-0.000601520971175052,0.0003548670090958033,0.0004756917448223415,-4.917153127755626e-6,-0.0009303467815767627,-0.0021924898838641092,-0.0037149502236853956,-0.005442698420631125,-0.007335406413144253
12.770911363374069,10.093096591410802,-4.032354925373742,-1.650204326954133,16.67049960690579,351832.80761439056,24175.53840957946,0.017732521979700776,0.1920106716566053,1.7374246940220073e7,-0.021028734227909306,-0.01062564323980592,-0.0029839177458920955,0.002497758790017234,0.006239493994755152,0.008627839567061174,0.00998320620649799,0.010548725134590686,0.010503921304953083,0.009982067780884382,0.009083920383910302
14.20700058960616,10.169279690618222,-2.1778317038361332,-2.3218734896145428,15.34607127032,1.4791831824068027e6,26089.27764279769,0.11328690408270653,0.0980896434230336,4.620767017214253e6,-0.016297448682688925,-0.007989226597282639,-0.002178748998557081,0.001772966256077684,0.004298895499124948,0.0057424808328468795,0.006367672936931342,0.006370029698921611,0.005892983955050346,0.00504239774147206,0.003897325263074866
12.83047773940108,12.81988208697478,-2.0265523165059873,-3.0813596445253246,13.835096509129043,373426.9713988979,369491.157085637,0.131789105915997,0.045896810859011566,1.0197790142879902e6,-0.0017322929377958738,-0.00011918307415933322,0.00017811178633540204,-0.00034250852112475207,-0.0014148541408123682,-0.0028800698018920656,-0.0046366233067543896,-0.006616434633064345,-0.008772124927391002,-0.011069652481093208,-0.013483824362923407
13.658377449247128,11.469660609144954,-3.739268452430517,-3.008026869006038,15.308818583240056,854590.297828334,95765.77152503842,0.023771486745411022,0.04938903371502242,4.4517978475614935e6,-0.009001310506328153,-0.003960824420564632,-0.000955643359215366,0.0006680174059719665,0.0013093840887364184,0.0012361124960878324,0.0006341053017350401,-0.0003646727987654535,-0.0016648345411545554,-0.003196412323964004,-0.004907526791769496
12.775549672965571,11.498229741547028,-4.375357588724608,-3.8203145051088203,16.722515287636178,353468.5076095168,98541.17316993534,0.012583641669429381,0.021920905573218862,1.8301897256131273e7,-0.00523841634154238,-0.0019875023194868857,-0.00038376096343158665,0.00017190579147945194,1.7855952352685087e-5,-0.0006339855334913252,-0.001642599661970157,-0.002910367110687718,-0.004367836432313746,-0.00596458389806063,-0.007663371216398388
13.751549134168265,12.620833327539177,-3.047125355501679,-2.9289803433021406,14.7024942138999,938041.1849008782,302801.67357833136,0.04749526032737758,0.05345151256066924,2.4277955290988833e6,-0.004677935096699781,-0.001657841278979171,-0.00027226367408611437,5.6581380640704055e-5,-0.00034395539040462866,-0.0012686791251478077,-0.002581306739812784,-0.004187871945987608,-0.006021906739538702,-0.008035524783974127,-0.010193713492856991
14.876028502184077,10.918909216056232,-2.69469545187766,-2.127563496856506,16.12607374560794,2.8878663556628176e6,55210.54331203449,0.06756295481235328,0.11912719432072923,1.0080100044500936e7,-0.016459325673673877,-0.008090819770998407,-0.002210956029236145,0.0018011803547627336,0.004368330754363926,0.0058317044727248715,0.006456418495717936,0.0064398069015198485,0.005926893823587196,0.005024972023380343,0.0038145803671973417
13.420857273842008,10.03479299460994,-1.916743714974118,-3.5953411503246344,15.548392500953248,673913.6553118468,22806.320572343517,0.14708513429573572,0.02745131655284003,5.656933398426409e6,-0.01317908196033178,-0.006244928751031167,-0.0016469668279259888,0.0012949808923574605,0.003020439967299034,0.00384454313961267,0.003994378517950618,0.0036329292419837573,0.0028776295273490056,0.001813876409539632,0.0005044567533424724
15.24997580323036,12.614766350150912,-3.1208664213717237,-2.744985926513854,16.540984200844594,4.19739982910245e6,300970.1442131654,0.04411892627455749,0.06424920514843899,1.5263641730258519e7,-0.010697638257527991,-0.004892437952523013,-0.0012332630758945665,0.0009120317156713606,0.001946273186593841,0.002153236474941401,0.0017359966893816684,0.0008406226417110836,-0.0004267475454553972,-0.0019879323996000744,-0.003784559330916807
13.559221948809185,10.39366620846534,-3.497417142676583,-3.436469670714721,15.96162191471017,773918.576570787,32652.157379561235,0.0302754797676816,0.032178084275533564,8.551539769598208e6,-0.012103517769373922,-0.005649590010980004,-0.0014646128697296782,0.0011279725362404918,0.0025615650810294262,0.003143040329395108,0.003092729409290956,0.002569626077737844,0.0016896760665845493,0.0005385414942998024,-0.0008197423861678297
13.680590946690543,10.628765185167678,-4.139283238864418,-1.7734520362699984,16.91536018101477,873786.1514204997,41306.08832554378,0.015934268476769986,0.16974600689436486,2.2194613472213745e7,-0.019911670975896717,-0.009998948544072524,-0.0027880752562208927,0.002315064056270665,0.005728322956086993,0.007830021623942885,0.00893196436044423,0.009270907378755291,0.009021783951186201,0.00831422331551135,0.007245762069605573
14.504257281309762,12.680761488407384,-1.9812235552413542,-1.4959185185163246,16.417591845643422,1.991218421222482e6,321502.78604991635,0.13790040528063208,0.22404272280248672,1.3491789128160622e7,-0.012160314609840127,-0.005715597944468999,-0.0014882209007040022,0.0011465343331796246,0.0025897454255468144,0.0031326667886064775,0.002989278657519313,0.0023162612073152388,0.0012288377446737955,-0.0001873481326561557,-0.001867834583966396
13.989331821026887,12.105890056152138,-4.542720336233767,-2.1608610946270987,16.99116714141742,1.1898428779413642e6,180934.4438833584,0.010644410755978287,0.11522585793956103,2.394253498096401e7,-0.012517170462048673,-0.005784998822941445,-0.0014690560952894186,0.00109553162322301,0.0023732146585677145,0.0027087602168112445,0.002351006752126084,0.0014768053322756958,0.000212327085827045,-0.0013512335547871477,-0.00314702350784439
14.16998518515005,12.310176214738165,-4.294135088214311,-2.0455726398607483,15.864545847075119,1.4254315745278478e6,221943.07626144003,0.013648371230901244,0.12930612293229402,7.760410941026546e6,-0.010301842174481513,-0.004651924276704551,-0.0011537764958962785,0.0008346460646697824,0.0017231032234199819,0.001798854179092286,0.001266604920331849,0.00027325802683809535,-0.0010745983381317042,-0.0026986158743189715,-0.004540537095468048
13.84805434041385,13.018556238912726,-2.4219357707317464,-3.7929365481682638,16.005415847982125,1.0330791228884361e6,450699.5629266697,0.08874965209135123,0.022529346107099016,8.934366900897235e6,-0.003300993632957375,-0.0009330619827763556,-5.791699269144698e-5,-0.00013575163377466695,-0.0008675889321109672,-0.0020694603887883288,-0.0036208585937875085,-0.005439536018571928,-0.007467707460483169,-0.009663848600017667,-0.011997509111991642
12.553447149166002,11.30483732531382,-4.41533512469712,-1.9720393488725945,14.985694247159861,283069.33572132484,81213.5452217553,0.012090501620374994,0.13917274483213435,3.2225845381255746e6,-0.010479958338852907,-0.004720916910560128,-0.001170308922854016,0.0008493972559903491,0.001771816618891319,0.0018984970030566143,0.0014424933241865524,0.0005557654203527394,-0.0006519378462734156,-0.002100337054226237,-0.0037301088516422604
13.313540921096083,12.964305126482754,-3.539086880300679,-2.198554254061066,16.5178486924068,605337.1903000886,426900.0229401983,0.02903983182185699,0.11096346743372883,1.4914563242631711e7,-0.004974057344051887,-0.0017162277393276027,-0.00026490326119148097,3.163750748048436e-5,-0.0004526896519672189,-0.0014853895044483587,-0.0029146824667302734,-0.0046379859070452886,-0.006584194261184077,-0.008703093151872527,-0.010958676095603505
13.308143362903612,12.676519397856746,-3.4397606423513123,-1.4299092174166814,15.091316684908517,602078.6495820421,320141.83080779907,0.03207236117414637,0.2393306483120864,3.581587460839002e6,-0.007718219104337529,-0.003264978190023804,-0.0007431637408414311,0.00047071826799516167,0.0007522195115128835,0.00035092617627202995,-0.0005602391414428772,-0.001858481897094073,-0.0034549955484703093,-0.005284666771874749,-0.0072992850852406236
13.876134108346044,13.103888172839357,-4.055114154235062,-3.549514990216187,16.090925426711767,1.062498861601278e6,490847.20791505964,0.017333501377933047,0.028738574764567492,9.73195565941775e6,-0.0030259492447478635,-0.0007840818509419995,-1.2995202138223584e-5,-0.00017639541114755904,-0.0009776917647418267,-0.0022344060154670465,-0.0038268812251596013,-0.005673370800613823,-0.007716492700055447,-0.009915197323667786,-0.01223965774323437
13.116546871921948,12.154562665172191,-3.9167334048237947,-2.4394931043590793,15.255892699241874,497100.18881809403,189958.83412581272,0.019906013542742577,0.08720504411723222,4.222309027305915e6,-0.006303743454002309,-0.0024783505827681894,-0.0005055097876002226,0.0002588316652515899,0.00019176256175920396,-0.00046589736078461735,-0.0015529825588682352,-0.0029581585279045124,-0.0046027311376205275,-0.006430155601479332,-0.008399299518283396
13.989556426734781,10.325505078724834,-3.96284751521537,-2.33335569046148,16.670517493118815,1.1901101534579264e6,30500.70505009359,0.019008908995442986,0.096969799873928,1.7374557702481188e7,-0.018567101671714725,-0.009198893212456436,-0.002524556591790465,0.0020601692170552216,0.005003477017747196,0.006700541302783547,0.007466506375544294,0.007534924743586184,0.007075215778548503,0.006211121970467053,0.005034657025203173
13.107731296752515,11.19437020525254,-1.4435165231439804,-2.9503632663103128,16.077336268152322,492737.2240143074,72719.88920397815,0.23609605993626986,0.052320696149588446,9.600601091274356e6,-0.010645673147492731,-0.004825234543022906,-0.0012078173205978516,0.0008895119977260314,0.001897039966585056,0.002108385916330493,0.0017272936252680352,0.0008965221610440051,-0.0002826175822290497,-0.00173713145707203,-0.003413552115449902
12.70925569327313,10.475881556379573,-1.6830072769285116,-1.6864703415470417,15.108302561804058,330795.51806795655,35450.10721582629,0.18581433979354275,0.18517196566134222,3.642943482256473e6,-0.015791448293107063,-0.007709129099810728,-0.002095695594144695,0.0017013340907171982,0.004116140810755043,0.005483602970450939,0.006057552589663422,0.006025324117607613,0.0055242590329913225,0.004655658625519849,0.0034950055328026386
13.324294802172128,10.427358645731442,-3.1792978169117934,-3.63126781095387,16.46168118495786,611882.0426637842,33771.031093262005,0.0416148661194455,0.026482588201165884,1.4099941197616061e7,-0.011036740515738039,-0.0050724364851798195,-0.0012938835200667742,0.0009780069457795886,0.002167448380830269,0.002566458329437398,0.0023811878761438626,0.001759099922541863,0.0008071180801846975,-0.00039619443039469476,-0.0017924530976261674
12.367612348784247,10.948427314214545,-2.33541844876682,-3.610565730635301,16.74107289043482,235063.82424514374,56864.5449451173,0.09676998077397694,0.02703654713600779,1.8644707627059706e7,-0.007340859623384761,-0.0030948194856947613,-0.0007100207870274949,0.00046203500329215004,0.0007956192788749424,0.0005278612434642444,-0.00018337596162387916,-0.0012294598967012038,-0.0025336801372155514,-0.004040652002725293,-0.005709551755008786
12.729298243798036,10.19817701517431,-2.387314975003133,-1.7464311700801343,14.983592532072562,337492.3909806435,26854.186650494285,0.09187604246064067,0.1743952210567683,3.2158186960084364e6,-0.015669077939129944,-0.0076378180561034285,-0.0020730969453565864,0.0016802966383040899,0.004058304617793067,0.0053964242235043135,0.005948807180123191,0.005903301293908377,0.005398086193705445,0.004535590903592955,0.0033926063558866425
13.542192186505027,11.477621290106175,-3.927842746633437,-3.4981232490333443,15.944215878989391,760850.5159757503,96531.17480268581,0.019686094672990772,0.03025410960465553,8.40397930973349e6,-0.007968996903314764,-0.003414839778672446,-0.0007965471134013822,0.0005294022850914692,0.0009466758435382741,0.0007071551708864047,-1.625300727308847e-5,-0.0011014526428884744,-0.002460392207831344,-0.004028571358206909,-0.005758206161276615
14.387014013516955,11.496574718996714,-2.0286540359951064,-3.37633523047946,15.236854753662373,1.7709275618292533e6,98378.22018882916,0.1315124130508845,0.03417245972629744,4.1426852790279584e6,-0.010427645314774428,-0.004761397463799628,-0.0012018750197164733,0.0008928680898035314,0.001921955136317489,0.0021607612123677863,0.0018044106243364922,0.000992773668313665,-0.00017271479044358025,-0.0016176077336313122,-0.003286669218844189
14.548882503090212,11.855731939908887,-1.5529737125267231,-3.402787216093597,16.094600819296744,2.0820894757334339e6,140889.60788417154,0.21161774688949475,0.033280380956194906,9.767790229803545e6,-0.010346390991367877,-0.004707133128012282,-0.0011816530834312389,0.0008707529492192946,0.001850960788307845,0.0020360355608279724,0.0016219582154848055,0.0007487440057713047,-0.00048244616531901074,-0.0019976043459216373,-0.0037419168480750283
12.729195973884902,10.37845039045081,-2.443563488626634,-3.2205752197406605,16.793988579253938,337457.8774280137,32159.088828706408,0.08685080750625356,0.03993208193125579,1.965787499803029e7,-0.011019299477885325,-0.0050413075747304855,-0.0012798075817135551,0.0009627234944754895,0.0021224815240768274,0.002496469351463232,0.0022912453370854766,0.0016522040277624592,0.000683032573946343,-0.0005413160082134598,-0.0019659412302692023
13.113739927823469,11.890658324191943,-4.525243508568625,-2.8562458186154744,15.692596961815651,495706.81285581517,145897.313959193,0.01083207641183611,0.0574841616541259,6.534438385159719e6,-0.006276076388568728,-0.0024853464509137584,-0.0005143755053510848,0.0002729209609597717,0.00024658803851159225,-0.00035728989052300544,-0.0013802768262759376,-0.002712395465332519,-0.004275458664745153,-0.006012933507125666,-0.00788343061048282
12.78988838443593,10.398845437356112,-2.4980606664078953,-3.4503560906283144,14.026029104887188,358573.30117375025,32821.709070906414,0.08224434328041909,0.03173433406690681,1.2343179458096821e6,-0.00959723785962426,-0.004309440380203015,-0.0010725700754928426,0.0007870685156796982,0.0016738588026237815,0.0018549404851018955,0.0015137240885953573,0.0007790294473959503,-0.0002570073234661891,-0.0015274230229728569,-0.0029828194951330655
12.897474869725741,11.249813063965158,-1.9317862191093509,-3.3539696225105264,14.317944030177864,399302.62607473467,76865.5494805218,0.1448891634133733,0.03494535852155243,1.6527382737506654e6,-0.007633870672179109,-0.0032447589154142426,-0.0007501948090327755,0.0004923376285949242,0.0008584410121454777,0.0005892708796007143,-0.00015304146761789932,-0.0012562063996816753,-0.0026406239423747754,-0.004248711274084298,-0.006038007601642295
14.282015916616636,11.978828995353632,-3.3772062959140907,-2.7290729811213748,16.645928882205155,1.594412545961902e6,159345.32721073763,0.03414270623831233,0.06527977721311673,1.695255100447049e7,-0.010665334359230146,-0.0048365363889637985,-0.0012066161098877968,0.0008812163769363687,0.0018500050501307735,0.0019962246584265438,0.0015299774661771568,0.0006010547512849383,-0.000682498572148382,-0.0022416615587448406,-0.00401793202264593
14.769667922016028,12.997362545679,-1.9914039041942053,-2.7446636747831734,15.682507209770764,2.5964817719836044e6,441248.0842949369,0.1365036528111129,0.06426991290236848,6.468839019286115e6,-0.007132521255022477,-0.002964438076780443,-0.0006574564646585665,0.0003971609579531852,0.0005611737544164797,7.137499242829101e-5,-0.0009102401759556493,-0.002269740440521156,-0.003925269611458388,-0.005816981782176457,-0.007900474490547163
12.214616352332433,10.982974171043011,-3.9677902040700186,-1.4821501559843169,14.584504519941406,201716.0616857638,58863.363901302844,0.01891518568619651,0.22714875767289272,2.157594539409887e6,-0.01167361692010557,-0.005442709035205035,-0.0014095118139123134,0.0010832388569186984,0.002448654966227029,0.002977171745229942,0.002878073700902081,0.0023036803514362904,0.0013662239065832102,0.00014953308769493894,-0.0012830462150020512
14.118169883939863,11.4356660527722,-3.606053603374629,-1.038770170522891,15.037038064405568,1.3534532995108957e6,92564.96976354803,0.027158815114272802,0.35388963835175,3.3923656383369253e6,-0.01158305987039348,-0.005413227945260684,-0.0014044784448392622,0.0010804233341828284,0.0024415563730731736,0.002961509397875478,0.0028445480447310077,0.0022393380019365486,0.0012552114540493708,-2.6339093660070256e-5,-0.0015437930738831
13.363356287519629,11.908808547933328,-3.514629371198826,-4.074525672830733,16.68541797808171,636256.0066563966,148569.56042687787,0.029758830390060435,0.017000276457866084,1.7635385442344997e7,-0.005379103324936612,-0.00204831685816001,-0.0003951763424706838,0.00017421530310977862,-2.3087691480454346e-6,-0.0007118429924632595,-0.0018121967604711189,-0.003204805146783985,-0.0048195943751528185,-0.0066058449674336935,-0.00852632297151545
13.893352341113355,11.061694642410135,-2.409016927539025,-0.9654127721443246,14.052957665349824,1.0809516203784973e6,63684.38272888642,0.0899036329293046,0.38082597293868337,1.2680079267625909e6,-0.009702082507683058,-0.004383817318802186,-0.0010957495566091882,0.0008053067955072213,0.0017086667222458976,0.0018764049735647975,0.0014918772621046285,0.000685982512851789,-0.0004463500988551927,-0.0018353573862622187,-0.003429204478002795
12.339762313168288,12.34111459251816,-2.896407234609229,-3.458933889746869,14.48780630344768,228607.60858051258,228916.95904580128,0.0552212611216317,0.0314632874776515,1.958728905933902e6,-0.0018246212425483677,-0.00019956805975024328,0.00014326821893662656,-0.0002998812254577812,-0.0012642479998749437,-0.002591997741840746,-0.004182367375801077,-0.005967930804569997,-0.007901914531670544,-0.009950841306566888,-0.012090013326287558
12.46658725251619,10.771125003553797,-3.3864904309500057,-3.6339863464487925,15.83716386507732,259519.53354098907,47625.566318185425,0.033827187667955665,0.02641069211545269,7.550798408296092e6,-0.007390625513089436,-0.0031295024592148477,-0.0007236530645000062,0.0004781942982602249,0.0008533296407527651,0.0006425736136792236,7.804870622301439e-6,-0.000938410996514569,-0.0021158124596002527,-0.0034660125803809673,-0.004945782880531238
14.848959179745115,11.9274118603275,-2.8884656969690194,-2.767261300905,15.695991302124366,2.8107423270371105e6,151359.31525523483,0.05566154881199811,0.0628338523298363,6.556656178809617e6,-0.011017342831436737,-0.005080693112187199,-0.0012954585399932242,0.0009735977706273241,0.0021286634048181007,0.0024532126144045326,0.002150881000350524,0.0013688208629272609,0.000214429233911632,-0.001232908359620627,-0.0029138039243568757
13.560127107636829,12.482173931408909,-4.196165878836584,-0.9788048216992129,14.55691616949023,774619.4129385097,263596.2700332533,0.015053182041051692,0.37575993069640434,2.09888365709741e6,-0.006735274109900825,-0.0027765924949128763,-0.0006102347071082829,0.00036330670588156076,0.0004937205988301739,7.458287363410071e-6,-0.0009407941694761314,-0.0022417631603284054,-0.0038164030682185084,-0.005606569499213426,-0.007569002648610878
12.659722441841057,10.152607833448606,-3.213126324049477,-1.0494959807237416,15.676133402453692,314809.3327985142,25657.92663462857,0.04023064243683137,0.3501141689379598,6.4277390067344075e6,-0.018034660348282373,-0.00897917234899977,-0.0024897561066313683,0.002062979351232644,0.005106906355569695,0.006995001007688838,0.008004653324041495,0.008342758368677506,0.008161242889569917,0.007572505172460725,0.006661147369413387
12.405404689785117,11.661118072035105,-1.999397869844517,-3.4830244379063986,16.314790516644727,244117.43751673555,115973.6248247514,0.13541679723030434,0.030714376690238826,1.217372521898367e7,-0.0053857102517853184,-0.0020472511257322067,-0.0003953740981486686,0.00017575733505285172,6.105216321045448e-6,-0.0006942528314145178,-0.0017878974910084896,-0.0031812950454254817,-0.004808765578841526,-0.006622935171543795,-0.008588777323395379
13.47565885152036,12.540762751227668,-2.4105628361721885,-1.7114401862125095,15.241922321469756,711875.8815415379,279501.4477160296,0.08976475749902715,0.18060549967642275,4.1637319001336903e6,-0.008360221764690791,-0.003596486275070211,-0.000838010133974398,0.0005524402687405472,0.0009653437318880456,0.0006630391832636766,-0.00017232021111786178,-0.0014118540094843592,-0.00296296089487548,-0.00475823689426893,-0.00674809028568921
13.124892431810814,10.934542904604116,-2.7429102269282146,-3.2817301732874515,14.194936424253477,501266.1275811535,56080.47011475822,0.06438270570253307,0.03756320969001388,1.4614452835166168e6,-0.00857181769220789,-0.0037523325271145453,-0.0009029533737291728,0.000630880594734676,0.0012387317311710504,0.0011760786271549988,0.0006178257018111057,-0.0003131317462666536,-0.00152874447280607,-0.0029649335758995753,-0.0045744386475559135
14.902983388795302,10.238874331971715,-2.354453584495809,-2.083029652140611,15.571088900494274,2.9667670685566925e6,27969.6236878781,0.09494537198659377,0.12455228988940696,5.786793523166508e6,-0.017054024203419723,-0.008428830246906485,-0.002318677232225538,0.0019042896275812452,0.00466504864838695,0.00630798257610587,0.007101544882961651,0.007245807812453443,0.00688789528124063,0.006136705846340708,0.005074000234315605
14.238705527324084,10.778092685974721,-1.9816845400935161,-3.6292494877929022,16.417748032811986,1.5268319523968685e6,47958.564906395055,0.1378368499328425,0.02653609259871398,1.349389653707424e7,-0.012931257951453827,-0.0061172703140438475,-0.0016070792312597054,0.0012550587060536891,0.002896283536914433,0.0036270827907921087,0.0036736593957744285,0.003199712804718185,0.0023240703888972284,0.0011337696867060507,-0.00030678603207443406
13.93534682003776,9.90389177686157,-4.403231525695437,-1.4685937019177895,16.56903102969172,1.127312252696078e6,20008.086120702086,0.012237729399350581,0.23024905642106988,1.569779837654109e7,-0.021382377576204772,-0.010846675320997637,-0.0030606222995943756,0.0025768551469876172,0.006483544360640478,0.00904706536028812,0.010588729752557003,0.011350383408017804,0.011508431542494963,0.011192057161913611,0.01049764680485923
12.578147863191518,12.64603983070536,-3.873357380975932,-3.2843133165375322,15.992383681162941,290148.4197234408,310531.25350639055,0.020788457358909006,0.0374663037532947,8.818688150616443e6,-0.001201117999282085,0.0001352711895256714,0.00024405147101941093,-0.0003913411885240265,-0.0015137541267093637,-0.0029700625778645113,-0.004662651162796015,-0.006526450849196277,-0.008516657325739987,-0.010601552627457432,-0.01275804373930119
13.769402511396628,12.3968554374431,-4.28667201842628,-1.7824136927147038,13.98515599886048,954938.7787591497,242039.31181030266,0.01375061101467061,0.16823159744166682,1.1848846651893689e6,-0.004874702246312412,-0.0017832213064173804,-0.0003154727930742118,0.00010050002489972935,-0.0002112094117653337,-0.0010464586586325449,-0.0022686310156983637,-0.0037826947677073296,-0.005520833024456712,-0.007433820849694337,-0.00948549508259328
12.930268603909967,10.621948037172873,-2.243543899168946,-2.9123146390803933,14.02980558247717,412614.3274910886,41025.456250365205,0.106081893902994,0.05434978403171054,1.2389881327486716e6,-0.0099658240764713,-0.004499704820527276,-0.0011252786217694044,0.0008295703425899723,0.0017737298631450306,0.0019807498190184784,0.0016398230560389073,0.0008842379886793709,-0.00019063157697802295,-0.0015155529255856165,-0.0030395783191546
13.165860554312209,12.779739176372628,-2.4772208683468153,-1.5858821471758713,13.995883887491791,522228.5228547044,354952.47149176814,0.08397628273942365,0.20476707871996475,1.19766440315575e6,-0.003988338557389282,-0.0012914317416003048,-0.000163542045718916,-4.0827194482239436e-5,-0.0006077436435769229,-0.0016687554778845634,-0.0030952823966939914,-0.004799435930098829,-0.006719480162435584,-0.008811119861012776,-0.011041962090897434
14.863758439171233,10.175996936864454,-2.9147590364794995,-3.4656559670001377,16.101206449866666,2.8526485576550923e6,26265.115657562088,0.05421709380087855,0.03125249809357938,9.832526219168693e6,-0.016688642943848246,-0.008204917082204432,-0.0022430200975358996,0.0018292842861123168,0.00444639980771574,0.00595864938271725,0.006636783479589549,0.006681373295670184,0.006239422243565723,0.005419595696368962,0.004303471596785314
14.487287260411494,12.616577982959846,-1.9024121075165654,-1.3968760714021862,15.438009291413657,1.957712505136196e6,301515.8857933466,0.14920827839708586,0.24736851976458468,5.065732430419235e6,-0.009226417124535652,-0.004120343368190234,-0.0010108723802169676,0.0007208226798882477,0.0014517691871915814,0.001437667901724595,0.0008584079383201756,-0.0001570490418486135,-0.0015147743968453409,-0.003145349603935885,-0.004996811232227757
13.538732462453668,12.190738115198181,-3.9887888025952876,-2.558286485213631,15.270168720152315,758222.7314719119,196956.48897898349,0.018522134500561685,0.07743731681245171,4.283019117447902e6,-0.0068918283323679596,-0.002806541327799972,-0.0006053781015054296,0.0003489029489011554,0.000433737210798143,-0.00010637176033193197,-0.0011057959979925939,-0.0024489617706446106,-0.004053440948576975,-0.005859512263568176,-0.007823421553695442
14.108449734024227,10.611040369436981,-3.863163110802604,-0.9707362127481556,15.936275557111628,1.3403612618992275e6,40580.39590273141,0.02100146439063403,0.37880405504618014,8.337513239173551e6,-0.017169005800000654,-0.008502501245740252,-0.0023440795273510936,0.0019298196954304265,0.004740566560926062,0.006430634009516744,0.007267466364427718,0.007450407765421636,0.007125990196431895,0.006402730469049334,0.005362352414733826
12.398471342841937,11.754049025653956,-3.547833903130772,-4.128539823966441,15.608059438296756,242430.74061177098,127267.82785917528,0.02878692744260146,0.016106379810409837,6.004738336628272e6,-0.0033400834907027356,-0.00101291673878113,-0.00010318449398347294,-7.258012289745084e-5,-0.0006269282334819869,-0.0015870732833789018,-0.002836469135594266,-0.004295873189794734,-0.005909627561772629,-0.007637573609858585,-0.009449990440016468
13.9676099237223,12.840227688340185,-4.214663451711179,-2.852895552925937,14.594574465037935,1.1642759198438588e6,377085.67239303794,0.014777294203385671,0.05767707183835342,2.179431160222615e6,-0.0042196166008307365,-0.0014194684511430276,-0.0002022834792144019,-5.951420977173137e-6,-0.000513772435521362,-0.0015277178631628698,-0.0029162216790466363,-0.004588386996106266,-0.006479758039679547,-0.008543816724105846,-0.01074654751750026
13.768925886114726,11.46566931987189,-3.256242571128687,-2.858905272541065,14.480489155960807,954483.7392448075,95384.30440764062,0.03853291102123004,0.05733148827864378,1.944448905789282e6,-0.008591498887393422,-0.0037614195220478,-0.0009023760517012519,0.0006254340611309199,0.0012066729849244165,0.001096945924456964,0.0004733350446704135,-0.000538403383864748,-0.0018472704638142156,-0.0033864583255151896,-0.005106393784290932
12.88900952421768,12.349673159297113,-1.5045191191246863,-1.2825752473840755,14.269953786274987,395936.65852287796,230884.56807281045,0.22212408337700915,0.2773222067892727,1.5752960585742851e6,-0.007408710937096235,-0.0031318959004738287,-0.0007154948406389018,0.0004577167240007972,0.0007497655032527464,0.00039547807505699084,-0.0004453224009904156,-0.0016605989557388525,-0.0031700514357597465,-0.004915042250058757,-0.006852010854928631
13.03667821537283,12.67895753798459,-2.0943894929237152,-3.4540816828145107,14.088382897317889,458941.58510295546,320923.3337718229,0.12314540184856898,0.031616324843490994,1.3137325221762175e6,-0.0024194521616171163,-0.0004828661358157224,7.005314236610767e-5,-0.0002452203079894614,-0.0011495938587157333,-0.002474749443091343,-0.004112231511432167,-0.0059889150195690695,-0.008053769459597276,-0.01027013008952778,-0.012610929306172459
13.674325418642207,12.222991292616264,-1.4882378275822088,-2.360221950200982,14.569351905283623,868328.5350587757,203412.51559103868,0.2257701511417877,0.09439926893427451,2.1251477881427086e6,-0.007262598898313382,-0.0030344165167213253,-0.0006805668756020953,0.00042132662617041285,0.0006385697300413678,0.0002095024402909177,-0.0007042010506496585,-0.0019897755105110705,-0.003566843821804503,-0.005377021026236023,-0.007377131021054749
14.174992033231444,11.431962258373467,-3.733732050213508,-3.082154154314782,16.45548078195931,1.4325863904634311e6,92222.7622713181,0.023903460249428646,0.0458603598757282,1.4012786356725482e7,-0.011221169642624785,-0.005159742076487348,-0.001310983994799675,0.000981850821543587,0.0021405000837650505,0.0024625283138305747,0.0021606054707809636,0.0013875510374735838,0.0002544065864529882,-0.0011570317945383147,-0.0027857806270311135
14.15013306716217,10.630539754391204,-2.8732160221701597,-1.8482085851436394,15.891089997404201,1.39741277517539e6,41379.45391553664,0.056516874473657344,0.1575190957602369,7.969162768681045e6,-0.016779062027347847,-0.008266890288603,-0.002265272891939273,0.001851487956369192,0.0045083859847408455,0.006049262104366835,0.006741942913970757,0.006786217285120584,0.006329273839248628,0.005480327622298611,0.004321637241777036
15.206264944507502,10.42906746901209,-3.684565495231931,-2.3323536246565895,16.13893484508396,4.0178799445582796e6,33828.78915250897,0.025108081934942555,0.09706701869618235,1.021057846335541e7,-0.01802614786396563,-0.008966182536711874,-0.002480043239453693,0.002046414951765395,0.005036718228945115,0.006847817110838174,0.007763068108915334,0.007994433379010547,0.007697537556374486,0.006987366245818542,0.005950335362488908
15.366309424153465,12.054523580610859,-2.1944984912562924,-3.2541776351904104,16.27132527002035,4.715235520621369e6,171875.14320766504,0.11141442280348804,0.0386125612219831,1.165592590494542e7,-0.01192928507032406,-0.005586849753275542,-0.0014496820999457085,0.0011133547330089428,0.0025076945709349412,0.003025214722843737,0.0028782413350763934,0.0022209245959995357,0.0011658254825634097,-0.00020391488881326593,-0.0018261040972750251
13.488129055214312,10.368862059578714,-4.091627615425283,-3.5520593534452822,15.115882614608394,720808.7000638486,31852.210421421336,0.016712010684028288,0.02866554633650097,3.6706621078184755e6,-0.011344943227507114,-0.005247098501636572,-0.0013480341103039308,0.001027768727762209,0.0023040377591389428,0.002775190204833278,0.002650992666884362,0.002082830019546323,0.001181526827569655,2.9396996750440853e-5,-0.0013116725633119941
12.250856925926383,10.960674281094684,-4.510030908718915,-1.429164442112214,15.950653527049068,209160.4471059799,57565.24511153887,0.010998120232746439,0.23950896226222224,8.458255689496512e6,-0.01618199921052914,-0.007931433735582093,-0.002162502647556966,0.001758567171266353,0.004256838085153325,0.005667512876031511,0.006248780725313997,0.006193420989111683,0.005644524971964426,0.004709418380337945,0.0034699418267537486
12.463337499399646,10.72502890797176,-3.666323675904434,-3.698697939674141,14.291696997657818,258677.52802411414,45480.0436657004,0.02557030208000107,0.02475573896002317,1.6099231415570455e6,-0.0071394660064244995,-0.003007461185521845,-0.0006911319829394136,0.00045257354505277777,0.00079402995025492,0.0005689511057214693,-6.422463106885021e-5,-0.0009951253043836593,-0.002144833615244682,-0.0034557539560270602,-0.004885100718597701
12.930407259300646,11.934414145658119,-4.1114647876442385,-1.7183588763635376,16.02212043377039,412671.5426583704,152422.895769429,0.01638375821458953,0.1793602588695331,9.084865306406746e6,-0.012219106912531164,-0.005647778798673948,-0.001434981259183852,0.0010694509817667176,0.0023094101341124586,0.00261659353938239,0.002235090422327282,0.0013416923694824917,6.427775162114287e-5,-0.001504015393810872,-0.003294784328460398
15.360416825985679,11.924555895115834,-3.509464574840428,-1.3028295542391022,16.114520328804083,4.687532234758688e6,150927.6550131261,0.02991292628329959,0.2717617395116256,9.96431061699639e6,-0.013495647921015983,-0.006471097184498954,-0.0017249580298950168,0.001368387058693263,0.003214442692909908,0.004114568720452524,0.004293185745665406,0.003915299592848365,0.003102258939444924,0.0019442414002427543,0.0005092333347699691
13.325433427605457,11.520283082568074,-3.173023551771301,-3.903771746590549,16.674791727362177,612579.1439130505,100738.47513720267,0.041876789652864226,0.02016570788592083,1.744897956691556e7,-0.006834044082255147,-0.002819049508164846,-0.0006234007663889727,0.000378367089822998,0.0005498088905051026,0.00012422026954217436,-0.0007407679408142904,-0.0019351073958968582,-0.0033801802553214614,-0.005018864698008421,-0.006809097465742252
12.79129210081953,10.463329213153127,-3.4420401814809614,-4.07805728119451,15.541624720715442,359076.98982663045,35007.906436745594,0.03199933423737209,0.01694034403056277,5.618777776434428e6,-0.008642498905061795,-0.003803378245552278,-0.0009246892078639154,0.0006581007031029526,0.0013376194014896483,0.0013699908460754568,0.0009303471076479104,0.00014202168444913565,-0.0009061975852393039,-0.002149258467827975,-0.0035387809135908337
13.11711786844033,9.940575287691841,-2.867692576028864,-2.152166157023564,16.32775918752729,497384.11234715546,20755.681339816765,0.056829906096699905,0.11623210788537612,1.2332630422269618e7,-0.019255972533080798,-0.009571546103364427,-0.0026358265065936698,0.002158600675429249,0.0052637267884721416,0.00708501292245224,0.007949085359594791,0.008099064285937868,0.007711494296000725,0.006915110559720784,0.005805186404978397
13.636205013061783,11.038524739680451,-4.571889257092286,-1.2407560251215748,16.10636418070437,835850.470526014,62225.78481431805,0.010338409342413172,0.28916551888190895,9.883370751353037e6,-0.016366171306885967,-0.008053776379673486,-0.0022060350826482223,0.0018037303095228584,0.00439560359810643,0.005903430245692181,0.006584907747749622,0.006631569404580127,0.006184322203376466,0.0053477044853327575,0.004200568003207585
13.762038468764406,11.123799902932694,-3.7318189902885313,-3.0871169803230503,16.6768480913176,947932.3981862847,67764.91776604176,0.023949232770127758,0.04563332671799695,1.748489793752005e7,-0.011132195085289056,-0.00510138272037475,-0.0012920730867042843,0.000964951678852968,0.0020981914692870408,0.0024077806205523742,0.002107018157755049,0.001348673617222739,0.00024353241400912424,-0.0011269421981987,-0.0027021422121254555
12.282543883597942,11.406695074799435,-2.6776145936042797,-2.675675528242308,16.109322653148176,215894.22844296542,89921.74533463691,0.06872690036369068,0.0688602956048705,9.912653726451859e6,-0.007513698469891832,-0.003125140843708238,-0.0007015116589827702,0.0004401501989889857,0.0007022913195156997,0.00034173414302895804,-0.0004707800253109013,-0.001618430896349721,-0.003019433109353034,-0.004615402080981409,-0.006363905976784911
13.005382202129747,12.492281074019992,-2.289307576981961,-1.8244163647533913,14.597301489507169,444800.96975901537,266273.9843515013,0.10133660536471463,0.16131176389239987,2.185382633543983e6,-0.0063718794862686725,-0.0025237353253286803,-0.0005195284931159718,0.00027013696854087313,0.00021477279031582638,-0.0004484571018957041,-0.0015603784709215304,-0.003011032632568706,-0.004722815229512645,-0.0066400081276202574,-0.008721989149280265
14.319182560454186,12.523843793614327,-2.750029453194711,-1.2668537558593833,14.422932687733965,1.654786508279954e6,274812.3537149163,0.06392597835469212,0.2817165780371176,1.8356931154315758e6,-0.006035158412400106,-0.0024036736645437697,-0.0004993866951394674,0.0002639068113051002,0.00022434669506093892,-0.0004015647903607707,-0.0014673085384932954,-0.0028702028168425073,-0.004536520542315779,-0.006412392746734869,-0.008457934152902446
12.56243190893469,11.646587669489628,-3.785606825158302,-2.5478334922514536,16.23862472095408,285624.1055107544,114300.66519441444,0.022695086647755547,0.07825101391610922,1.1280935341633663e7,-0.007081652960182384,-0.0028817828583122475,-0.0006248549626572069,0.00036753985284276565,0.0004959478647473745,1.6638985672073752e-5,-0.0008992281148772749,-0.002133815314653043,-0.0036040967345234137,-0.005250529713715951,-0.007029795035579948
13.43184822881845,10.809966269365482,-1.5362100073468685,-3.909152638430763,16.126877541410128,681361.4642465902,49511.79828586334,0.2151951458631587,0.020057489808901166,1.008820564378927e7,-0.010466589050815827,-0.004773699511447209,-0.0012062799556309461,0.0008998905764997381,0.0019538208689590373,0.0022327335217046064,0.001929816561919714,0.0011815978145040332,8.588904716791826e-5,-0.0012861990396199488,-0.0028821619199430287
13.69316970786613,13.031100392151695,-4.3369033737954785,-2.7771833606550276,14.385148510890824,884846.7170062419,456388.8161379289,0.013076960027102102,0.06221349379927388,1.7676269713992286e6,-0.00273593516731682,-0.0006356672595141259,2.929787032993343e-5,-0.0002125968015916418,-0.0010706062734925064,-0.00236652414076048,-0.003983829528992266,-0.00584312946983308,-0.007888851734659579,-0.01008136098086446,-0.01239194178464655
14.538992488653907,10.622793864561489,-4.281490014947687,-2.1928747222818323,16.68577422673798,2.0615990729679884e6,41060.171384328125,0.01382205167178103,0.1115954810451395,1.7641669143925313e7,-0.018688495724200546,-0.009307142963814845,-0.0025721681150799613,0.0021163562165563764,0.0051865424035134255,0.007014362983483266,0.007902845439557146,0.008079055569515253,0.007709147203687051,0.00691525055954033,0.005788627857520301
13.433512897740645,11.35728606906356,-2.6463457646511053,-3.1334311154770607,15.858790445118826,682496.6500930568,85586.77641502942,0.07090986151397785,0.043568053482962596,7.715874940942486e6,-0.009072984386189578,-0.003992981701203977,-0.0009641536688494279,0.0006753027780680293,0.0013293142251245246,0.0012674839875344997,0.0006758208468643413,-0.0003147313012672787,-0.0016104392052821053,-0.003143256290146332,-0.004863206806235491
14.788245579113731,12.838292151052523,-3.4153092644186023,-2.2900533395348077,14.951173387911364,2.645169168604271e6,376356.5148968762,0.03286624077077053,0.10126106049197084,3.1132364054879816e6,-0.006503127849841081,-0.002649885511775933,-0.0005705510332844583,0.00032515493676511396,0.00038173828931263793,-0.00017772732729829461,-0.001201022187244149,-0.002580799055818787,-0.004239544752405205,-0.006120307145838582,-0.008180702581298698
13.16596150876029,13.084067469115181,-3.780841412249939,-1.6603107620591437,14.233782052639457,522281.2468083155,481214.0541480809,0.022803496209628515,0.19007990130074104,1.519333109261766e6,-0.00301520644369137,-0.0007552260812589575,6.711543858342706e-7,-0.00019185319604157742,-0.0010250093208110712,-0.0023100470167587194,-0.0039239758988193225,-0.005783461983370738,-0.007830548127646489,-0.010024157133484129,-0.012334690500117014
12.947420009968097,11.629691389523096,-2.8438910183690336,-1.599531378194781,15.93259254212083,419752.2813593325,112385.63317259897,0.0581987723349147,0.2019911532777322,8.306862531083421e6,-0.013864091813482042,-0.006621023209174775,-0.0017525891393147018,0.00137617123822355,0.003187987301510588,0.004004002536090995,0.004066520012436464,0.0035552568618215136,0.002603155981457076,0.0013092243502776026,-0.0002521296908994538
13.444112666867369,11.67189810210288,-1.908721378236205,-2.888180637805695,16.85553429033249,689769.4338336809,117230.58685918708,0.1482698464985204,0.05567741790823998,2.0905739371910065e7,-0.009337947646007809,-0.0041097225353884746,-0.0009905430599227926,0.0006912955016177222,0.0013520369269568147,0.0012709327644753923,0.0006400329233715809,-0.0004064762297925842,-0.0017733911637513328,-0.003392160856548317,-0.005212724922983522
13.944959796209577,12.058337276726038,-1.8413885614297287,-3.5136203991596915,15.669395154302855,1.1382013328994703e6,172531.87426397795,0.1585970513919832,0.029788871370547487,6.384572901548427e6,-0.007508401731483061,-0.0031699453089912323,-0.0007221628653618138,0.00045979679474802846,0.000746101567702958,0.00037803271861060005,-0.00048010332456010536,-0.0017133551349593342,-0.0032396319270201735,-0.004999299659968518,-0.006948367063702113
14.546881705743031,12.001244153728823,-1.905596292838096,-1.6721399876892447,15.646137034632991,2.0779278013556513e6,162957.40941746454,0.14873392719901266,0.1878446499716037,6.237793266643359e6,-0.01179088863244655,-0.005518782267059637,-0.0014320639634892087,0.0011001610403343662,0.0024785500326656128,0.002989596951526858,0.0028416207401568555,0.002186270444079234,0.001134658073088739,-0.0002309105172507957,-0.0018487529843706876
14.74541020763339,11.93982856444418,-2.6113401706743185,-3.3766731951447095,16.2818494061219,2.5342548515443164e6,153250.41540702002,0.07343606093059851,0.034160912593756594,1.1779242216199104e7,-0.010488185631244252,-0.004784822176198478,-0.0012046430058390912,0.0008907669299957873,0.0019028328690468934,0.0021109058210671853,0.0017137380998647458,0.0008540962993075846,-0.0003642507866100279,-0.0018648847744674982,-0.0035908683089284476
12.214311731730364,10.211751129304316,-3.531122978756112,-2.7828192220263626,15.438658587267403,201654.62417564678,27221.19370752464,0.029272025540098084,0.06186385336078201,5.069022657532311e6,-0.011130405699466002,-0.0050813301284510105,-0.0012876559483860936,0.0009681025620781777,0.0021383792106498835,0.002531604641517096,0.0023622616275859615,0.0017815968990592878,0.0008979311592183062,-0.00020997250861066818,-0.0014840675981844394
12.929850727260158,9.988212014494716,-3.0919611930695785,-1.928090012662043,14.85289168527104,412441.94161877723,21768.34250109505,0.04541280373640213,0.1454256946275553,2.8218173487896924e6,-0.015409149269064362,-0.007486266468032175,-0.0020247782158331414,0.0016349065149202664,0.003932056946957068,0.005203148711805467,0.0057023174548372635,0.005617357050716964,0.005086676038174175,0.004213246009141928,0.003074644908942831
14.219848604485348,10.299387748492945,-2.7980285860292615,-1.5197588211129185,15.15815668345088,1.498310359962413e6,29714.420583717383,0.06093006267826459,0.2187646420031479,3.8291625559547246e6,-0.015608426984870988,-0.00762686931175599,-0.0020754876537784806,0.0016865618583582875,0.004083911390886123,0.0054450362867762715,0.006019979502286103,0.005994040081792828,0.005503803458806047,0.004650862968873043,0.0035118541076148303
12.607404880198521,11.774047582391344,-2.2756700700566626,-2.087816000243183,16.321657741877186,298762.6965385224,129838.62113286239,0.10272805037746417,0.12395756369171555,1.2257612639216151e7,-0.010999355546900453,-0.004900869575628971,-0.0011944478493563318,0.0008474241320278195,0.0017121148589652596,0.0017380606654079308,0.0011581220571684275,0.00013266987599041638,-0.0012266782759038058,-0.002841181888666262,-0.004654555935145192
12.945683667842237,10.717561131848711,-4.1371440788210805,-2.115641994932045,14.802959408917836,419024.08017693076,45141.673888915066,0.015968390910877078,0.1205558684472672,2.6843774824120374e6,-0.012170764212851005,-0.005679364463987005,-0.0014696632973871344,0.0011276860663597787,0.002545381340860633,0.0030933342555775583,0.0029958854921422677,0.0024157707366311526,0.0014721067594906405,0.0002531800983385163,-0.001174822437487352
14.417037446572099,10.101019516593993,-3.7894925377632616,-0.9187027483206367,16.312047762576814,1.8249030979440964e6,24367.840181998225,0.022607071175656097,0.3990363560511264,1.2140381432423694e7,-0.019988988165269485,-0.010074638726077261,-0.0028254590354270274,0.002365553303226607,0.005917849858150858,0.008203591349405133,0.009525603454212106,0.010111283563528866,0.010126908703366543,0.009694605528422464,0.008905683458854376
12.545248611788267,10.637972737338327,-4.531008194899764,-2.1372677522993997,16.05089175830481,280758.0686428549,41688.17261991322,0.010769812527316281,0.11797674475346862,9.350045413433738e6,-0.014574324872536192,-0.006908233150306347,-0.00180836077234841,0.0014027944750663569,0.0032141044738853686,0.004002857825535718,0.004046925451517209,0.0035455672777933173,0.0026416808273504143,0.0014390475106827011,1.4150428521610366e-5
12.502829971257718,12.154732980828332,-1.8114353527900589,-3.1232977674348814,14.09020090482612,269097.7488648621,189991.189844551,0.16341940388341542,0.04401178819450206,1.3161230701239726e6,-0.004075253378738326,-0.0013490826846330533,-0.00018601620647551903,-1.4891923790066441e-5,-0.000520706891894994,-0.0015114080157547962,-0.002862462106361714,-0.004489513957707327,-0.006333423589952164,-0.00835148709667335,-0.010512026946983794
13.724169382530253,11.313145492743761,-3.291643412285601,-1.3092299658180306,13.920971385062504,912706.2648173776,81891.09164024449,0.03719267624255634,0.2700279070668785,1.1112225738575163e6,-0.008328037090962317,-0.0036395546415501166,-0.0008725435396277997,0.0006047196458524684,0.0011668960373598404,0.0010607950194456226,0.0004569352653030069,-0.0005234864778619485,-0.0017925501632524092,-0.0032854996543566755,-0.004954108322478625
13.370306670366528,11.994376842188233,-2.8932152930784145,-3.185042028195178,14.14524751347847,640693.6332287773,161842.1638713605,0.05539780576859152,0.041376506784523856,1.390602290085652e6,-0.005387547153584165,-0.0020500464922242733,-0.00039447513499500463,0.00017214087172013357,-1.291946754529899e-5,-0.0007373671640016422,-0.0018597701990064974,-0.0032824034223546765,-0.004936018444121672,-0.006770624941715953,-0.008749572786286592
13.168449538603282,12.149635458955984,-3.661553276976462,-1.9724791247550129,16.444781904746606,523582.31601515017,189025.16984461763,0.02569257403275211,0.1391115534716957,1.3863664417193696e7,-0.01066541101823108,-0.004726228378141342,-0.0011407425997094387,0.000795595018640371,0.0015579582112957885,0.001480070131000733,0.0007939824517619891,-0.0003388873326410164,-0.0018049970581068939,-0.0035233501148400704,-0.005435465988687958
13.134901289124622,11.258753264572741,-4.352275200996255,-2.5466136759291897,14.913820394821979,506308.42042968114,77555.82391099614,0.012877480368630376,0.07834652402066716,2.999092781770599e6,-0.009251258685572987,-0.004079616911126719,-0.000987541749831531,0.0006945838843098131,0.0013789020439970428,0.001342525711796149,0.0007778860276186761,-0.00017857500551579614,-0.0014283432947216038,-0.0028992138038516574,-0.0045376673279083355
12.695805526777779,11.137015998210204,-3.5477965287186675,-3.6081579469932437,15.445007528202044,326376.05118257366,68666.44961899593,0.02878800335719664,0.027101723726015197,5.101307963281876e6,-0.006612395205528363,-0.0027098372257697944,-0.0005963407577677109,0.00036099707162143974,0.0005261725301261164,0.00013024975608166769,-0.0006718869379345935,-0.001772662092345082,-0.0030954296483864502,-0.00458449884752823,-0.0061987214050195525
12.254706006223426,12.069428901540238,-2.30745920494904,-3.549604417101929,16.485493718596388,209967.07385153696,174456.18522136938,0.09951377472531542,0.028736004878235813,1.4439726034896694e7,-0.003136037669882897,-0.0008756500636609962,-5.281291261367899e-5,-0.000127693472185182,-0.000807659076507139,-0.001916480933393654,-0.0033408399310848897,-0.005004433914753675,-0.006854010892022343,-0.008851247747685795,-0.010967770086039646
13.800339544735117,10.235715216132961,-1.4094466682115732,-1.6916695281647773,14.903338159990387,984943.4868334262,27881.403828428975,0.24427841277524664,0.18421172046555648,2.967819778779732e6,-0.015499537702946462,-0.0075613276612085225,-0.002054926658001403,0.0016682521163588118,0.004036578761892742,0.005377938543287724,0.00593988598247203,0.0059046669423034855,0.005405545933121763,0.004540515671392046,0.0033823640503559114
15.213072382145143,10.436647178787368,-3.4114442596083965,-2.7412483713698577,16.251607278450795,4.045324720029882e6,34086.175782029764,0.03299351474827294,0.06448978941405249,1.1428345543580357e7,-0.017835154193211092,-0.008850024411552589,-0.002440739295782834,0.0020072285166137086,0.004921665342816014,0.0066625435337786445,0.007514430037983478,0.007689484325883143,0.0073430926933104575,0.006589833313554191,0.0055156402549969554
15.007735648976,12.682401312491638,-1.6050529846183461,-1.8080958430267562,15.50969124967016,3.2944034054900426e6,322030.42656220926,0.2008789111358161,0.1639660568466135,5.442185310573593e6,-0.00908794813536354,-0.0040453822531346635,-0.0009881444501323574,0.000700047599753425,0.0013944687592300222,0.0013492347888644654,0.0007428041209872235,-0.00029711980394420714,-0.0016776952377252025,-0.0033304208157009314,-0.0052040761688133055
12.877145660568472,10.598275994065514,-1.9978387721951765,-1.6428525324261791,16.399155962083043,391267.07441769267,40065.70434301528,0.13562808991070738,0.19342749638245532,1.3245334856306076e7,-0.019165610119009694,-0.009584907860963898,-0.002664928640694917,0.002209658807611276,0.0054650473027800205,0.007469781401892246,0.00852083710420469,0.008842145270227116,0.008599046225980794,0.007914206124597414,0.006879964931408876
15.067532004662148,11.656343335792203,-3.2833115372949297,-1.404818091508147,16.27787957092876,3.4974056357164807e6,115421.20124304561,0.037503855524843956,0.24541169486404604,1.1732573261220964e7,-0.014897747204931271,-0.00724416944229604,-0.0019595128264962153,0.0015800165525653722,0.0037863706961734733,0.004976548241496178,0.005391243361307232,0.005208553897964512,0.004559496204274407,0.003541287978108341,0.00222714380228578
12.967559094203112,10.929893857177834,-1.6964931553353453,-3.119494571563731,14.1299406752149,428291.4043620851,55820.354463010866,0.18332529142592133,0.0441794923493765,1.369478646278308e6,-0.00930586382386222,-0.004143156349362514,-0.0010179300755548313,0.0007320285502186546,0.0015050382079430926,0.0015640405063437664,0.0010890393344738592,0.00020596867416281423,-0.0009954234389743326,-0.002450039721216662,-0.004109826739499627
14.185852726651957,10.08266777280984,-3.0718811050386248,-3.9893565042781,14.35159342043744,1.4482300688761617e6,23924.72621555832,0.04633391386958667,0.01851162243777663,1.7092981753113978e6,-0.013208848211122826,-0.006294265004972468,-0.001670909319720931,0.0013232418525526487,0.003111040150151429,0.00399816760972912,0.00420855776347131,0.003906046359620261,0.0032112308630385627,0.00221387271126639,0.0009815432116019593
12.429340628959816,12.052845479104539,-3.0231757718187815,-3.261906675527789,16.3791159840426,250031.10996435722,171586.96113795927,0.048646482660705696,0.03831527353298671,1.2982540626745926e7,-0.003391040074017637,-0.0010041527689579382,-9.012698238359561e-5,-9.382741220135911e-5,-0.0007114626114810777,-0.0017585882215524257,-0.003115903038128329,-0.00470287355527784,-0.006463390193205442,-0.00835731871985876,-0.010355228119255676
14.738378012267624,12.576741672546369,-4.242794348584137,-3.8162636428626575,15.59469094286215,2.5164959913925137e6,289740.702461205,0.014367388206892158,0.022009884240494628,5.924998209919601e6,-0.007333361208078114,-0.0030899360144960213,-0.0007005815805181032,0.0004410768296425013,0.0006942604249517137,0.0002946569042002174,-0.0005955753137765412,-0.0018615409586585593,-0.0034200300376986655,-0.005209773791806307,-0.007185119757154663
12.571873983449441,12.321966262094488,-2.100636853106344,-3.482502767957384,15.701043765404576,288333.76185567083,224575.28206572155,0.12237846632404052,0.030730403637585772,6.589867271658236e6,-0.0030507482195022617,-0.0008161427492658817,-3.017122209324514e-5,-0.00015302229623069563,-0.0008912486312650959,-0.002067741386107221,-0.003568451990515498,-0.0053165343238281895,-0.007258358367049749,-0.009355357033388058,-0.011579016662197454
15.04077193041351,12.167539912011982,-3.2930119770573905,-2.2556882584600375,16.82053569145149,3.405055954306364e6,192440.04160526156,0.03714181047057318,0.10480138846616216,2.018672345236738e7,-0.013778785340026148,-0.006572946645170805,-0.001735805539890182,0.0013586702024514252,0.0031356630774319904,0.003920509073281418,0.003956929397585767,0.0034231976381158247,0.002449201859139615,0.0011304247257810471,-0.0004619785140700698
13.619741502883297,10.917636697046111,-2.3436855421760954,-3.5706737311808956,14.233070913375784,822202.0961500875,55140.33152850002,0.09597327207389823,0.028136890592480025,1.5182530359199692e6,-0.009539026620733049,-0.004283172529698615,-0.0010627566261414206,0.0007739100121387708,0.00162098665571047,0.0017423364168824343,0.001321354711708094,0.00048812700523854347,-0.000663597331973879,-0.002065331638185924,-0.0036664488141694095
12.603500273830054,12.371665678396786,-2.5099544701005145,-1.14313582478542,15.577003072351138,297598.4203103531,236018.54900472748,0.08127193945989035,0.31881769621220324,5.821119017948904e6,-0.011181072830319676,-0.0051792259613552705,-0.0013287378474751274,0.0010067398810914283,0.002225227059177854,0.002605828116266429,0.0023494108528911736,0.0016019972855606348,0.0004710304904068806,-0.0009633310160518638,-0.002640526928534783
14.254053741260279,11.728181395379341,-4.40043549075347,-2.4037494888433053,16.404704168971158,1.5504468555660094e6,124017.92559377689,0.012271994399106706,0.09037844422614245,1.3319026954859516e7,-0.01261812874042155,-0.00590220932533588,-0.0015248564696739265,0.0011635782092396106,0.002600725170385388,0.0031098511771896096,0.0029269107908892144,0.002222190606993631,0.0011190632022953554,-0.00029198239844143884,-0.001943668047685585
14.951547349882373,11.03557766810512,-4.064006873413355,-1.6539354893379903,15.256468145501522,3.114400855226785e6,62042.67093003299,0.017180042761290936,0.19129558354574694,4.224739438461191e6,-0.013483565151861972,-0.006457827559471244,-0.0017205090579979377,0.0013652038910441928,0.0032108301818326935,0.004120331924081061,0.004319404392442378,0.003974115650344466,0.003207014592923447,0.002109614611721115,0.000751245274618405
13.404077887781316,10.937325817577591,-1.843279220636675,-3.455831153906169,16.812164650145533,662700.1389715166,56236.75454471956,0.15829748169791116,0.03156106135218823,2.001844487265283e7,-0.01051673740364145,-0.00478250205239027,-0.0012031344704898266,0.0008920780033179902,0.0019205882287580015,0.0021669447167921847,0.0018297041535762614,0.0010490818514524156,-7.466784872685343e-5,-0.0014689092277316229,-0.0030803075294110727
12.702048630781926,12.687716961812619,-1.6984548638167096,-2.808051436866543,14.196456138470916,328420.02454483,323746.7851191299,0.18296601316170907,0.060322419991389487,1.4636679511740291e6,-0.0029512361949597804,-0.0007409685087476749,-1.014105311613683e-6,-0.0001855573715570169,-0.0009975619450532968,-0.0022578646933499725,-0.0038512003561875334,-0.005699916503901163,-0.007749759949611749,-0.00996162127155838,-0.012306493414410034
14.067460266221232,11.02546431804793,-2.746780743516445,-3.2394401469793164,16.959341185471335,1.286531333754575e6,61418.37386886924,0.06413399300592013,0.03918582726278119,2.3192538892968483e7,-0.012307806325867969,-0.005753772998752128,-0.0014903594259030584,0.0011439206859514331,0.0025811889422644118,0.0031325779186197923,0.0030227920361598735,0.002413712668617673,0.0014227485032890406,0.00013603528303865787,-0.0013825258138654764
14.009766832985315,10.62065401375574,-3.216416013186791,-2.349062200510252,17.032713110649254,1.2144074653791317e6,40972.40268296113,0.04009851358001105,0.09545864131738326,2.495820317390475e7,-0.0181076861833564,-0.008920730946024405,-0.0024308247774297064,0.0019673038383015017,0.004732746871371038,0.0062671999006442694,0.006887158354163119,0.00682494695296928,0.006247803566565081,0.0052770019354123196,0.0040020085377091156
13.34057202942532,12.687020412853299,-4.31264742281651,-1.4475707167313687,15.73061687517966,621923.2858230392,323521.3581524459,0.013398032343876869,0.23514081847936377,6.787660403792135e6,-0.009645243874426968,-0.004292740018406576,-0.0010442773000655559,0.0007335522064809831,0.001439462629599495,0.0013513352643900044,0.0006678927289430506,-0.00046717646315808873,-0.0019488580996984944,-0.003699598441978527,-0.005661649219271577
14.83148004516015,10.879132035090755,-2.426629166096756,-4.092423110640124,16.194983607152782,2.762039862048287e6,53057.527854184555,0.08833409084502343,0.01669872164588269,1.079921071147291e7,-0.013567278832028306,-0.006487631475891721,-0.0017244975990930312,0.0013645991521844816,0.003199404326828777,0.004090914001259109,0.004269388215067015,0.0039033379129885717,0.0031162280378581333,0.0019993977598855082,0.0006212103207736496
13.63414505456289,12.825893184637728,-1.6494958819224688,-3.5623820625757996,14.936892759342681,834130.4254644121,371718.8933787369,0.19214674885888453,0.028371162274210455,3.069093378019081e6,-0.0037543996539365467,-0.0011736150088239952,-0.00012960485802990007,-7.11394633843905e-5,-0.0006919233464829074,-0.0018033073304104363,-0.003281760805735665,-0.005042953061736955,-0.007027471759280593,-0.009192340503976522,-0.011505707789600155
13.767891776593288,12.229070859092404,-1.7617301430560124,-4.064217231757881,16.890728085233825,953497.2087002264,204652.9423093712,0.17174745894726234,0.017176429176024022,2.165459186346328e7,-0.006047008380718127,-0.0023953215918489337,-0.0004938548631542345,0.00025716534680468415,0.00020312004099238426,-0.00043651956660645095,-0.0015147957695049886,-0.002929916673023894,-0.004609577220214167,-0.006501340741261188,-0.008566451446230774
12.610220699642529,12.375753863285432,-3.0826191443458315,-3.4089577803562037,15.730525447372607,299605.14388174884,236985.41147987096,0.045839040222662844,0.03307565451524499,6.787039851254706e6,-0.0023514855085387722,-0.0004606309284324674,7.061013494328786e-5,-0.00023861899805838755,-0.0011078852591992017,-0.0023684011464867273,-0.003911657355057266,-0.005664760189660404,-0.007577136039709323,-0.009612738152799342,-0.01174519826498462
12.654227908677475,11.851243302205157,-3.9600361246183176,-3.7753722261386096,15.916707510414636,313084.3458180956,140258.62266958813,0.019062425656322324,0.02292855444604452,8.175950281805338e6,-0.003768346758574498,-0.001218048862664021,-0.00015771252677684937,-2.9261506152995943e-5,-0.0005243761153559716,-0.001453579241199665,-0.002692727135622788,-0.004156996989432022,-0.005786700642080458,-0.007538860825011682,-0.009381879104492511
13.239490826403031,12.718774425067673,-1.5656871360423907,-2.4619563779796887,15.012874342744366,562131.3533581679,333959.3056176435,0.2089443906131695,0.08526797130148199,3.3113759066350334e6,-0.005198472858920618,-0.0018951102278178173,-0.00033264300592734524,0.00010282975660888375,-0.00023808708749975757,-0.0011363991878949465,-0.002448148120166434,-0.004075255607217944,-0.005948975051551448,-0.008019909490634174,-0.010251724753851783
14.968719546506257,10.677636078601193,-2.1425975563259216,-1.4668306553287929,16.256426066680703,3.168343792873432e6,43374.894223773386,0.11734962452275081,0.23065535429040662,1.14835492211666e7,-0.018021081263227934,-0.008976702864744059,-0.0024884672919349483,0.0020594169010387615,0.00508681394342799,0.006944804277025993,0.007911454526865543,0.008194635326423158,0.007946820539760875,0.00728042509652429,0.006279609602638874
14.592761827448046,12.077985449538502,-3.7326138592910194,-1.3719016159757085,14.648598974489069,2.175484219644138e6,175955.33256029026,0.02393020383112419,0.253624204851478,2.300412412226618e6,-0.008137475746981603,-0.0035362828037441853,-0.0008387730502351801,0.0005698503074420453,0.001055925718176653,0.000862159383883279,0.00015697038780946134,-0.0009395284555284125,-0.0023399038980457926,-0.003979504844468535,-0.005809988478516595
14.017697636477708,11.835642931642935,-2.199291090672012,-1.3219847502166275,14.251488818743423,1.2240769851950628e6,138087.51525347814,0.1108817356036464,0.2666056309236375,1.5464751752185733e6,-0.007889340190788461,-0.0034014921518729386,-0.0007991496659198044,0.0005355459236131837,0.0009678015743880285,0.0007370682001019812,7.9056312875698e-6,-0.0011034183826812236,-0.0025130948282541766,-0.004159763151609598,-0.005997922247954911
14.316737427985354,10.606087772487522,-3.9559156714910895,-1.0910454799185771,15.758874781898967,1.650745278743782e6,40379.914419554276,0.019141133532428217,0.33586516979731523,6.98220119098708e6,-0.016575978686676495,-0.00817164920115534,-0.002242793419834108,0.0018380199900392647,0.004492032529950307,0.006055764407585678,0.006789774978193383,0.006887961323571628,0.0064930564597646375,0.00571102150485719,0.004621844017351981
12.887672697920205,11.860160311673482,-3.0856822003689195,-1.5489128738157865,15.845549369388653,395407.71361813275,141514.90294328195,0.04569884749311954,0.21247883962402575,7.614381878051628e6,-0.012830792383735783,-0.006047075955029397,-0.0015770877996237876,0.0012164394178365945,0.002752446802756999,0.003342120249617241,0.003217295467999788,0.00254915028472989,0.0014641807761453054,5.654825499061635e-5,-0.0016030769471531941
13.584068855472053,12.48991089089051,-3.7628392793262213,-1.2514376265363625,15.818800111463993,793388.9467532395,265643.613588152,0.023217725094472466,0.2860932058893683,7.413402817241742e6,-0.010909839819742357,-0.005031114082969705,-0.0012828607824321245,0.0009634875235521382,0.002101582484727326,0.0024079080968002326,0.002081695450614016,0.0012678660856681634,7.30732519976178e-5,-0.001423097436505121,-0.0031604812564983843
15.212536426917763,12.437700749127675,-3.7595048390566657,-2.001010404849329,16.22016773683359,4.0431571880016816e6,252130.1620276099,0.023295272428621068,0.13519860886999427,1.1074633013120124e7,-0.011822256920964707,-0.005529524187713842,-0.0014319240336830687,0.0010961463219039975,0.0024559744408706357,0.002937062238210974,0.0027507648858564144,0.0020510994525096958,0.000950943531687575,-0.00046599360766708147,-0.002136796542327755
12.743682242506715,10.358848174509033,-4.470917241589772,-2.8735382713748003,14.521105635414841,342381.96258870995,31534.837765812077,0.011436820710341715,0.05649866488997894,2.0250513888584727e6,-0.010456291383333738,-0.004747675050208695,-0.0011955352405091945,0.0008905641918971652,0.001938041213381112,0.0022371709546632405,0.0019912502313339433,0.0013454244029010587,0.00040516911505341155,-0.0007516616717772045,-0.0020668741247169063
13.699214428834006,10.57795298852268,-2.9819895078157854,-1.5936019065058336,16.395312950814272,890211.5666842008,39259.66710378825,0.05069188158091601,0.2031924119977468,1.3194530568446267e7,-0.018743679592770613,-0.009365997257762833,-0.002603249579353422,0.002159032590426285,0.005343448221558864,0.007311039078229602,0.008350801941646896,0.008679681213864554,0.00845723904976453,0.007801512365252509,0.006801298956278132
14.277099059666469,12.24044266260507,-1.6396247124848884,-0.9273957246251623,16.379750124700106,1.5865922888514854e6,206993.49830612406,0.1940528542407978,0.39558257602681574,1.2990775994509866e7,-0.013763099175304837,-0.006618865600317833,-0.0017701754921220154,0.001409797878155416,0.0033284458902370227,0.004289692039300017,0.0045201352124962894,0.0041862052274698296,0.0034099884769164955,0.0022818897645120228,0.0008697838009508335
13.298829718031552,13.115268197304719,-1.861173465114201,-3.9480523821539597,15.245798604032801,596497.1353224552,496464.96563286387,0.15549006110730387,0.01929223911851894,4.1799030231681424e6,-0.0015631464742469107,-2.5556282526338808e-5,0.00020820967207211264,-0.0003723535202591446,-0.0015051255810172265,-0.0030332112372263,-0.004855988880676259,-0.006905769818904771,-0.00913531722313674,-0.011510617710667437,-0.014006459242710805
13.632714382336696,12.038389882181454,-3.9836281197689063,-1.017424934464449,16.347096969127286,832937.9114833982,169124.41088932817,0.01861796843356025,0.36152469234844115,1.2573436964001868e7,-0.01410558518767912,-0.0068057667598915685,-0.0018265295207604182,0.001460501640130199,0.0034653713757405195,0.004496111434592548,0.004783319223837813,0.004496712549816612,0.003761015928989339,0.0026688379173440096,0.0012899992931029297
14.23952803738314,10.41887638670001,-3.2119921343946656,-1.1230191030989878,16.151367907854855,1.5280883036461438e6,33485.78792323597,0.04027629750114628,0.32529620780607427,1.033831968812364e7,-0.018493551767356023,-0.009239320887197904,-0.002569200151743601,0.002133327255579684,0.005289937004603932,0.007257142760242239,0.008318701495367406,0.008686891364445809,0.00851736466142412,0.007924909484247782,0.006995623842069616
13.402460475120664,11.287502121978529,-3.685631830869096,-3.530332076031887,13.856474954093583,661629.1457290219,79817.82440590646,0.02508132256216649,0.029295186022478343,1.0418150122381713e6,-0.007221476665521521,-0.003040342721996435,-0.0006936136046047641,0.0004452127154326182,0.0007412593986833399,0.0004303859628619466,-0.0003267624886785616,-0.0014170762802020313,-0.0027590463164340186,-0.0042929446648859474,-0.005974446087131123
12.959667378101072,10.50054140625932,-4.5590903650939145,-2.408571884107446,15.166157129655076,424924.75199494156,36335.16943807894,0.010471579927084302,0.0899436528552569,3.859920439326228e6,-0.01276650916873302,-0.0059800433319470965,-0.0015528712884516746,0.0011968063157671756,0.0027201442985002825,0.00334435473272862,0.003306468451223431,0.0027776955336100456,0.0018827361438477864,0.0007136544949956651,-0.0006606966761686042
14.954759274490419,11.95514695864351,-2.102475551183893,-3.198780184157548,15.334730476241143,3.1244201579819005e6,155616.03819439543,0.1221536560157547,0.040811956698961545,4.568659876634091e6,-0.010251113816666884,-0.004677382525654566,-0.0011789613655091768,0.0008732673859581622,0.001869031817535802,0.002077485820495123,0.0016899718581055512,0.0008442217619096239,-0.0003593922553454048,-0.0018467806087826989,-0.003562619999372817
13.922049330357012,9.980682967200954,-2.3278753313662053,-3.2117569011704274,16.954468002637537,1.1124210568356507e6,21605.063061520486,0.09750268807423712,0.040285772938893044,2.3079792350944143e7,-0.016016846796433042,-0.007788870809363832,-0.0021037689922109716,0.001694047296009934,0.00406163342823782,0.005358728781617039,0.005856923594625802,0.005754321313308946,0.005194429085022644,0.004282026718734148,0.003094529867660524
13.948316086678831,10.339576718557455,-1.7472288015165907,-1.914462740354697,15.232060062167216,1.1420278851034443e6,30932.933938671096,0.17425617340784566,0.14742101467564148,4.12286992337347e6,-0.015888704377348812,-0.007771866239420808,-0.002116150004654462,0.0017200041443958098,0.004165278643604469,0.005554053386403916,0.006141503480755467,0.0061164108410180894,0.0056172436857501885,0.004746150728227866,0.0035792914478505666
12.742226501858946,10.604884913390592,-1.3900161596173128,-3.465253327355742,16.024873809453634,341883.90585737705,40331.372272695786,0.249071279702584,0.0312650841219452,9.109913821788978e6,-0.010904546776671555,-0.004994212648452689,-0.0012694829728433373,0.0009558658513976536,0.0021067778453309704,0.0024702354957053937,0.002244725031933507,0.0015694482385917663,0.0005435440857416031,-0.0007611421487056665,-0.0022915671116485346
13.384622696350668,11.248821489116022,-3.7622435194714567,-2.620283406294843,16.56237797376309,649931.7889905339,76789.36931030412,0.02323156140415239,0.07278223296128276,1.559370669383093e7,-0.011253464204641198,-0.005125876281231084,-0.0012869085292110901,0.0009500290615586154,0.0020337665657681413,0.0022797656231781844,0.0019108125035345682,0.0010850028418887229,-8.410706552476226e-5,-0.0015137861021109816,-0.0031430318650604357
13.24449222392656,12.945108649102796,-2.800021499188597,-4.047828264628279,15.070361669304715,564949.8380227386,418783.20273970906,0.06080875527226654,0.017460252542260708,3.507316135867734e6,-0.0015178193386266791,-1.2101802521244376e-5,0.0002084750917156482,-0.0003685751817036357,-0.0014818454188899489,-0.0029745482682205287,-0.004746057214853278,-0.006728859520026918,-0.008876193756230628,-0.011154811094174665,-0.01354046699878375
12.255975936414417,10.673859944681682,-3.9336072685975707,-3.302893134419625,13.8698998731547,210233.88675876035,43211.41367092848,0.01957294020191793,0.03677661365161023,1.0558955983422988e6,-0.007171335961797761,-0.003024220341132997,-0.0006968968103482704,0.0004591696894556082,0.000817614621386037,0.0006160569420128694,1.4090567491100213e-5,-0.0008771654852754488,-0.0019782804937283766,-0.0032312929509369006,-0.00459315929356565
13.842258964399532,11.044209360407711,-2.0921386269985573,-1.5875833091384055,15.832088295372909,1.0271093561488066e6,62580.52211868523,0.12342289782338811,0.2044190328795752,7.512570899908718e6,-0.01560795692248375,-0.007622925558274308,-0.0020712863745523725,0.0016785745314363875,0.004047795669790421,0.005364886495556193,0.005880984251054615,0.005782379591557657,0.005206223720192012,0.004254254617896662,0.0030029384336198906
14.136488983698404,12.412831941656409,-1.5177692559649008,-2.0645607873648673,15.858343792877045,1.3784758409686587e6,245937.30916795722,0.21920032177342416,0.12687400299748436,7.712429397639916e6,-0.010381407471595851,-0.004695652229906649,-0.0011672268005420588,0.0008470940798141962,0.0017575951779583185,0.0018514922360657363,0.001332900821640098,0.00034763432997662674,-0.0009992085606979546,-0.0026310003295351952,-0.004491206593413513
12.951523065228702,10.870297132684701,-1.5346389103954974,-2.986785514405126,14.819481172805117,421478.0862808273,52590.834404887326,0.215533504027916,0.05044934505112084,2.7290965349372183e6,-0.010661609441976467,-0.004856635652246407,-0.0012250639074922302,0.0009122416918455296,0.0019775863531876557,0.0022576191078719256,0.001951348856628157,0.0011986326314689375,9.909201045410857e-5,-0.0012752196230166955,-0.0028713249797843753
13.866943410422643,11.679408693939733,-2.5095671766903305,-2.9630137216893235,15.794136744892024,1.052778492431051e6,118114.37267068039,0.08130342164250345,0.05166298446503854,7.232799641880428e6,-0.00948249872134601,-0.00421361604751685,-0.0010278969711012328,0.0007290798616925312,0.001462588148950439,0.0014472694557139142,0.0008744937485444527,-0.00012023011126985148,-0.001439515320527572,-0.0030124310830201982,-0.0047867421660574404
13.917905683393577,10.252779668492694,-1.4752052988001765,-3.7872310681183565,16.515871117707004,1.1078211135536167e6,28361.26737564838,0.22873176386796107,0.022658254233532356,1.4885097724439021e7,-0.013916570487695637,-0.006657438818337236,-0.001771595033348176,0.0014054444039642703,0.00331053386590381,0.004265221169335942,0.004504936147868658,0.004199831495256202,0.0034728210680030607,0.0024133833832746697,0.001087377202211242
12.543758360023315,9.961532089372833,-1.8252466267598186,-1.2452120611994149,13.864278872021858,280339.9800415493,21195.243862300176,0.16117788844718856,0.28787985351031825,1.049977057633207e6,-0.013517033539156264,-0.006465316959952386,-0.0017256863980481638,0.0013771675872743395,0.003271927015880673,0.004264882805877008,0.0045778335939483435,0.004371141296924693,0.0037612556672549004,0.002833528402423438,0.001651215676020916
13.660197612902849,10.252951565079831,-3.423996841860924,-1.372439523314016,14.923112423343456,856147.2085152598,28366.142999756696,0.03258194944832451,0.25348781521629743,3.0270903129202216e6,-0.014979282206457745,-0.007276278013201036,-0.001968940291637602,0.001591068101781677,0.0038291851796252744,0.005067965667920892,0.005550307631756709,0.005455763751580665,0.004916928551774657,0.004032804955846381,0.0028784165687939524
14.45968409751875,11.860291783586934,-3.1916443393221012,-1.0550685583776063,16.08270847886806,1.904412457132967e6,141533.50940144042,0.04110422604354079,0.3481685566165639,9.652316331540499e6,-0.01369844858229632,-0.00658204920067398,-0.001758755494240857,0.0013993311982510353,0.003299917723662403,0.0042467652270348705,0.004466321205316475,0.004125085648135252,0.0033454623875414937,0.0022183777052600436,0.0008123633463007823
12.541532207399099,12.026004098379985,-1.399196592698567,-1.128167956327955,16.214808603337286,279716.5945923295,167042.59159618896,0.2467951613489097,0.3236256098985799,1.1015441326123368e7,-0.015186531447366649,-0.007394676476172098,-0.0020044274680046732,0.0016213164745289394,0.0039026079893571463,0.0051605820617195595,0.005637683269126861,0.005512641210418985,0.004916622646309616,0.003946756750351631,0.0026760057131044557
12.594032405646354,12.887513557834929,-2.61740881611107,-0.9985140742271899,16.79906179956823,294794.0941388539,395344.7934075651,0.07299175305162713,0.3684264890499811,1.9757857130056426e7,-0.013837154141333668,-0.006647530180915256,-0.0017757030491900477,0.0014119752329471557,0.003325443240586744,0.004268080050923967,0.004464820426685634,0.004080665163338221,0.003237096074552248,0.00202489673094716,0.0005132577752404091
13.056574994396787,11.005334940820621,-1.8018900738194064,-1.4686233976098957,16.94036200495822,468164.4932259678,60194.42029192414,0.16498675618979383,0.23024221911750237,2.2756514293813325e7,-0.01979306890947148,-0.009949501325795,-0.0027815705989613,0.0023199879356286955,0.005775994478853339,0.007956429681612363,0.00916133298033608,0.009616522474354815,0.009487985534618364,0.008898389036106891,0.007939941454624374
13.899723064865173,11.959724234297862,-4.585214514232769,-3.0375746612371053,14.815233747016888,1.0878600470143328e6,156329.96837858576,0.010201561172944643,0.047951046108538405,2.7175294824244617e6,-0.007268022318289748,-0.003043868610362353,-0.0006858419688133447,0.0004287662744920143,0.0006678759841131147,0.00027154246886285907,-0.0005958523835073239,-0.0018182446461661834,-0.00331185019021429,-0.005015224378763754,-0.006882822411049303
12.640309038847633,10.14729201511779,-2.569992721176474,-2.9227436589486144,16.69089679974697,308756.75303017226,25521.895636260146,0.07653610251466758,0.053785914468387694,1.7732271743207034e7,-0.012771031356169875,-0.005967868163486667,-0.001548756102933213,0.0011959179851936752,0.002731592807728783,0.003388228490496735,0.0033996814828249856,0.002931541295458358,0.0021019628706687842,0.0009962380955078397,-0.00032332596372914224
13.217164337256705,12.981855969200556,-1.8021527390741614,-3.4639870445994263,14.77417316988245,549720.0003231895,434458.61389652366,0.16494342559241837,0.03130469963577108,2.608205956294488e6,-0.002131367747640554,-0.0003196233991575218,0.00012217602719450402,-0.0002957249470147849,-0.0012978114424451422,-0.002718311417224849,-0.004450569156017217,-0.00642269111913398,-0.008584443760823504,-0.010899636379017539,-0.013341448766762574
12.97319240368965,10.918110860707053,-3.355853781361575,-2.91307486319549,14.667163055748661,430710.9109094563,55166.48326957576,0.034879577905016806,0.05430848171673645,2.3435163094194713e6,-0.0091425620129676,-0.004037949711599444,-0.0009819607914785323,0.0006966890170588763,0.0014051400893197912,0.00141406630584785,0.000910177482026123,2.5259144223930253e-5,-0.0011459365547342568,-0.002534250564009779,-0.0040885868525083555
14.53702141790909,11.626944648128003,-3.6360861527849244,-3.4690257505973636,16.97907165496243,2.0575395174975528e6,112077.36246552067,0.026355292960910326,0.0311473611819411,2.3654682739257913e7,-0.010989250642935938,-0.005050539828015526,-0.0012828458996573615,0.0009600735906353121,0.0020889420326064413,0.002392343733374875,0.0020766476585407975,0.001290490573405194,0.00014216350548409268,-0.001288348865158842,-0.0029412468598919235
13.919228360745297,11.523750810106513,-2.882674715389066,-3.1573544458507548,14.129487441341285,1.1092873729305402e6,101088.4151191996,0.05598481893813558,0.04253812927483865,1.3688580928051712e6,-0.007988205538651889,-0.0034510204686698624,-0.0008138408836087167,0.0005494464066286357,0.0010094563800960336,0.0008094519331783126,0.00011683383149931954,-0.0009499163766339745,-0.0023052366892763404,-0.0038864059458167005,-0.00564692548609586
13.244663004849784,11.623339823521283,-3.0945873807428113,-2.1322238029003593,15.938191557467269,565046.3289168186,111674.07056645279,0.04529369765693634,0.11857331675896995,8.353503231028323e6,-0.011593156154322725,-0.005299044896597937,-0.0013323680444300068,0.0009831510581561932,0.0020997799464473484,0.00234218343254079,0.0019419330975551654,0.0010635759325725088,-0.00017514208944374666,-0.0016889933890328395,-0.003415627557331414
12.720750108465918,12.375229857716116,-3.242183336117426,-3.813282084480673,14.875131537408008,334619.7556787228,236861.26233467137,0.03907848043071413,0.022075605923168196,2.885277202626919e6,-0.002164795893991571,-0.00037193967841594344,9.457257721364957e-5,-0.00025838716741513547,-0.0011574115475553937,-0.0024378309415128852,-0.003993612571467666,-0.005753402033649254,-0.007667623921060416,-0.009700911720539064,-0.011827384027232315
14.607706849586693,11.653051741219953,-3.0509441593954283,-1.8887952199460125,15.568078267904426,2.208241045518726e6,115041.90602900444,0.047314231119825766,0.15125392682240663,5.769397813180068e6,-0.01240699757889646,-0.005854010102647892,-0.0015327190165471416,0.0011904820649183351,0.002722422531857701,0.003358273028200262,0.003314546909464333,0.0027495534143208537,0.0017796332960170684,0.000491257980552567,-0.0010504945343380485
14.347338898822393,11.953270975850671,-4.195650777015095,-1.035907951259388,14.99885175315292,1.7020413773261602e6,155324.378843951,0.01506093795991272,0.35490399906067965,3.2652658878085227e6,-0.009751991177652786,-0.004413003264623016,-0.0011021869401723933,0.0008069025034845564,0.0016972367225607235,0.0018301347107663275,0.001390472308242122,0.0005114946089135844,-0.0007091821284043475,-0.0021989544034936794,-0.003903159665678209
13.106413720377267,11.885548891654626,-3.7832721438035066,-2.8228076382733076,16.557646603149834,492088.4325987204,145153.76265636645,0.022748134344035487,0.05943882549499589,1.5520101352612102e7,-0.006685955918732936,-0.0026917145456372767,-0.000572153869878409,0.0003216618022344461,0.00037059733295681426,-0.0001812976058148768,-0.0011701880128802556,-0.002482575768338077,-0.004038010925283066,-0.005778508760474016,-0.007661743047984342
14.276651092090143,10.970251990224485,-3.7305172056759757,-1.494418420960974,14.920925965040189,1.5858817061201262e6,58119.23703704813,0.02398042981434082,0.2243790609502018,3.020478936554035e6,-0.012613257064392501,-0.005974586112850099,-0.0015736552418757193,0.0012329402018899057,0.0028551299307255835,0.003588601873451092,0.0036498740945991757,0.0031974831673484195,0.0023483552445729334,0.001189830767804294,-0.00021198600945613485
12.696890634575933,10.301002018874861,-3.9679845825415283,-3.015842734079942,17.029252789861427,326730.3965975602,29762.426429564282,0.01891150933862749,0.0490045203012753,2.4871989034949925e7,-0.011233195363298296,-0.005142470106869905,-0.0013057585472299976,0.0009827121522644271,0.0021704037202901526,0.0025653809654756195,0.0023838223029797215,0.001779411390921772,0.0008630935498879261,-0.00028381424181496786,-0.0016009376868855345
13.511487967667351,12.33978744389652,-1.435312397455618,-1.5775715405277344,14.425193478309254,737844.1981428021,228613.3537283853,0.23804098899871307,0.20647590823547754,1.8398479279368785e6,-0.007351897917118236,-0.003097408942771545,-0.0007033570103052302,0.0004447946634852627,0.0007086941949900268,0.00032352530035031386,-0.000550430509087999,-0.0018007659589543545,-0.0033469214726045415,-0.005130087100517372,-0.007106587981263278
14.677703856383642,10.852415580049806,-2.6830105974499388,-2.662737320582263,16.94762204429552,2.3683494985386455e6,51658.78669649093,0.06835704850346791,0.06975701285698568,2.2922328663877208e7,-0.016976815334472147,-0.00832701953186056,-0.0022637228029220597,0.001830648462431992,0.00440197654508659,0.0058217633955922835,0.0063784314983221235,0.0062840516318993745,0.005692292500958868,0.004715350341499627,0.0034364367695676546
14.243351338457277,11.126194463515183,-3.8372722820302867,-2.3357999307540656,15.847692083289793,1.5339418280615557e6,67927.37940148568,0.021552309861448845,0.09673307180990566,7.630714812103727e6,-0.014056785587132857,-0.00672844269564086,-0.0017863740529141406,0.0014092197866465302,0.0032890517311914536,0.004180686653734534,0.004329231030645434,0.003914419136864179,0.003067868488606294,0.0018869715126366682,0.0004447971332736736
14.194910246953654,10.996535311539457,-3.212182519851523,-3.198355386106001,15.552155558364486,1.4614070273259794e6,59667.05541921869,0.04026863020973955,0.040829297221496426,5.678260866652446e6,-0.012030357549200678,-0.005622128533173061,-0.0014570859885659876,0.0011194566651688887,0.0025283423140223006,0.0030704125581828353,0.0029632326479726544,0.0023643900173209616,0.001388990574290164,0.00012214618039033064,-0.0013724809343975697
14.78290651803527,11.509161871902968,-4.180056108121883,-3.4688371956421786,16.732919940890064,2.631084082875337e6,99624.34803724957,0.015297649220278655,0.03115323472495831,1.8493316248224705e7,-0.012129705358526834,-0.005680200618286791,-0.0014738011494347405,0.00113243059561184,0.0025550230179238816,0.0030946131041753927,0.0029697604819777456,0.002339072222612428,0.0013185033285152193,-6.048920614036869e-6,-0.0015700873161204473
13.344530548724816,10.588535429295021,-4.3482482282692265,-1.8338572962340094,15.918129055716163,624390.0603188297,39677.336287533006,0.01292944218505657,0.1597959969668087,8.187581030373339e6,-0.01672731654213009,-0.00821602675932989,-0.0022418785125654277,0.0018225307970513218,0.00440832469823656,0.005866212930197051,0.006470033160814558,0.00642457647895285,0.00588118661253755,0.004952562787632539,0.003723913997647271
12.992957062739878,13.064876954765227,-2.882512388616668,-3.0830539947343314,15.029682681519732,439308.4490397488,472067.354578541,0.05599390751073647,0.045819111431548876,3.367505031900994e6,-0.0010619209909714109,0.0002377938823511369,0.0002843920766102299,-0.0004377788599875296,-0.0016713764270542455,-0.003263526241494708,-0.0051170353829311154,-0.007167272083784556,-0.009369817616564146,-0.011693278005120513,-0.014114843801551131
14.80754404382604,11.982087768576514,-3.54417552884778,-2.4418777122927455,16.85314277086374,2.696712627587383e6,159865.44450811754,0.028892433670607485,0.08699734201963175,2.0855802625344913e7,-0.0134870391618863,-0.00639273679689808,-0.0016755719380653431,0.0013001605016001244,0.0029691278218612733,0.0036609683811846703,0.0036200538756026106,0.003023772509482955,0.002000726154340864,0.000645137645218684,-0.0009729729271162947
12.882056344114275,11.325275906151102,-4.011597090685226,-3.1202803357652718,16.776142262756938,393193.1886000062,82890.51388357973,0.018104457674283553,0.044144791321044465,1.9310166227997247e7,-0.007376466888025682,-0.0030832486777905128,-0.0006963769472243982,0.0004405830302440251,0.0007143429316290147,0.0003745491218203955,-0.0004098788563642069,-0.0015210185562112926,-0.0028746326554683664,-0.004409501284594048,-0.0060805279135148285
13.271404968173497,12.374651653786072,-3.98888526713444,-3.88902863968442,14.51891871198579,580360.6317476677,236724.34780798753,0.0185203478575682,0.02046521548435078,2.0206275955428856e6,-0.0033445935869253064,-0.0009783579460026733,-7.973629696309716e-5,-0.00010715182206493692,-0.000761415116061907,-0.0018584003043581457,-0.0032772671720582543,-0.0049353846665818124,-0.006774687569267532,-0.008753567486090985,-0.010841708141151483
13.991645455180247,10.51757381687557,-3.0776970375245383,-1.417116345786536,14.6060079165432,1.192598926075042e6,36959.345485588725,0.046065221061707066,0.24241204248883402,2.204492576938688e6,-0.013088053097202538,-0.006233256470159322,-0.0016526765361067441,0.0013059236967681318,0.003059344571720622,0.0039095323858101974,0.004078054555865929,0.0037271719312379874,0.0029764169420051613,0.0019148660039410162,0.0006097008183231613
14.672501057139517,11.304315365070002,-3.7535532825519136,-1.2242155382233726,15.402199796136873,2.356059450607253e6,81171.16604097596,0.0234343289496847,0.2939882324210139,4.887540629277572e6,-0.013154358986523635,-0.006278356279916879,-0.001666361624496382,0.0013163421525382393,0.0030781076739295676,0.003918386636141534,0.004058529782659764,0.003661038578770519,0.002845653959385124,0.0017016600449747594,0.0002965777798839655
13.209994142825526,12.177611867568526,-2.061389461313606,-2.2231496214602595,16.69782873968425,545792.4983411955,194388.08297655478,0.12727700050891555,0.10826756938733686,1.7855617805714693e7,-0.009722971854841717,-0.004233704329880641,-0.001002378412034623,0.0006810087626768372,0.001274091008205206,0.0010868694094685754,0.00033088276867413493,-0.0008481014338566004,-0.0023481919946241516,-0.0040970825389855985,-0.006042720761771531
13.942701361205811,11.36653393684725,-1.6784584355407661,-2.830933956587761,15.832649243390684,1.1356336796982165e6,86381.94273677275,0.1866615051023498,0.05895776395570567,7.516786243847292e6,-0.011671257103726457,-0.0054025015482902575,-0.001383302670363006,0.001046321223930208,0.0023132308629328947,0.00272037675181169,0.0024842655273648066,0.0017595911026925372,0.0006576000578457236,-0.0007408644387115847,-0.0023763854738603142
14.73817489283834,11.528683179385268,-3.7644041946012767,-3.5810908795532326,15.816764966112894,2.515984894071599e6,101588.2521895296,0.023181419736633808,0.027845305806252843,7.398330807030288e6,-0.011276512080701935,-0.0052256102528406845,-0.0013411142024710985,0.0010171345172406633,0.0022542761679453767,0.0026563218859583476,0.0024291693931135522,0.0017219949907039283,0.000644037411712226,-0.0007236267248975478,-0.002320073596908979
15.271477373779916,10.766727707851599,-2.951467555777085,-3.069235370023635,16.943648543364656,4.288627775047658e6,47416.602394894704,0.05226295084556991,0.046456663437705166,2.2831427487149864e7,-0.017326365685825205,-0.008551156423223768,-0.002342971199268029,0.0019124826346858116,0.004649264759758126,0.006229849691245353,0.006937922036923321,0.006983470490506378,0.006519465166339858,0.005658148662277615,0.004483248712334059
13.552208637107544,11.784509644293653,-3.7214868921214546,-3.476368744821426,13.969122645503456,768509.8331331903,131204.13139580638,0.024197961325369215,0.030919483963157083,1.166038478181166e6,-0.006018912513421375,-0.002395161728440387,-0.0004996566242962737,0.0002687817669091845,0.00025531319734230636,-0.0003202326940739517,-0.0013096446669986041,-0.002609319721356365,-0.004145040226521834,-0.0058627276632198,-0.007722477996054693
15.094020588308368,10.405415076185749,-2.826983787860531,-3.762403924794973,15.868059456642108,3.591284831820214e6,33038.04569392016,0.05919111766093102,0.023227835236886093,7.787725954197157e6,-0.015922018018906383,-0.007792789049372392,-0.0021219434989642218,0.00172395747363267,0.004171790776534038,0.005557797963499914,0.006139593473304581,0.006107988020492596,0.005603192518796264,0.004729130113923609,0.003563962365917246
14.566347121060836,11.623832296752438,-4.103112414971141,-2.8646189841496095,14.73442412978568,2.1187717616869397e6,111729.08060119387,0.016521174546320294,0.057004846744933876,2.506565706502826e6,-0.009655660527859234,-0.004355245194113376,-0.0010838705457436612,0.0007901224376760662,0.0016525377411164299,0.0017659996474275296,0.0013159975053693002,0.000436123773883452,-0.0007757851451336808,-0.0022470147909189188,-0.003922906846512651
13.973040807750596,12.384460055486889,-1.6956619392345464,-2.701573535099931,14.236929366220798,1.1706161683350706e6,239057.65962718448,0.1834777377089633,0.06709984566377415,1.5241224598317319e6,-0.005879476461755339,-0.0023143797849468,-0.00047149908921642744,0.00023804193029936964,0.00015244215642928408,-0.0005133688443020834,-0.0016152026911709868,-0.0030529101937813163,-0.004755134375017001,-0.0066699674009842716,-0.008758934682863945
14.054228776117025,11.748354341024939,-4.267131192147279,-2.4203323827638283,16.193827634750775,1.2696207300998848e6,126545.13741621155,0.014021951793149112,0.08889206635782157,1.0786734334490046e7,-0.011660670189187311,-0.0053736667427495225,-0.0013655195076949075,0.001021218639505812,0.0022204771120551384,0.002544417349477829,0.0022175211469645907,0.0014008600599604095,0.0002109486849672582,-0.0012668101677342605,-0.0029690202953174425
14.294317059911823,12.611848632544522,-3.184612069378741,-3.5157532215673166,15.49230532579014,1.6141467710820634e6,300093.27817021165,0.04139430080348277,0.029725404703813785,5.348385650623024e6,-0.006102472859033442,-0.0024207298894465957,-0.0004990748409002522,0.0002591576333661522,0.0002005226890762368,-0.0004524978014456963,-0.0015493717640502316,-0.002984768855178147,-0.004683220207651281,-0.006589726987765256,-0.008663702637261244
13.087117780923334,11.396185983976485,-2.9934588463061917,-1.9534409664693149,14.544803078873258,482684.14804221806,88981.69772046781,0.05011380067214978,0.1417853525917812,2.0736130507261609e6,-0.009713242560304546,-0.004353041855872408,-0.001074698480452494,0.0007757719278890489,0.001601459368209287,0.001676475757951673,0.0011932216361694751,0.00028906044773594706,-0.0009365031993017734,-0.0024104842045693828,-0.004078827994396002
14.383874184761053,12.302110182474818,-3.864111799090006,-2.230931561545409,16.82127860603294,1.7653758727834115e6,220160.07678030754,0.02098154999511883,0.1074283074277152,2.0201726035700805e7,-0.012023901299131848,-0.005553419843701965,-0.0014114130024076767,0.0010537945075301091,0.0022836506203931127,0.0026018032574681433,0.0022423164779333433,0.0013727347203862177,0.00011352810831796659,-0.0014476077005066387,-0.0032459693768191623
12.540051455804104,11.402320753386702,-2.5766433498839545,-2.5175365876674096,16.693755984622374,279302.71030427463,89529.25777775513,0.07602877819690868,0.08065805626821454,1.778304413562159e7,-0.009198367231472453,-0.003991866315078503,-0.0009467263474770005,0.0006478681539872188,0.0012320106309821784,0.0010965627904700645,0.0004383252093096378,-0.0006070901259771553,-0.0019445840692747613,-0.003506395498307666,-0.005243540148728278
14.467335524560095,12.701388689597154,-2.1563894596769715,-2.3825118300761376,15.633901311689153,1.919039818838436e6,328203.3581461327,0.1157422596325349,0.0923183979061194,6.161934396926799e6,-0.008149064256019304,-0.0034994359919339147,-0.0008138110824374011,0.0005347434663562463,0.0009271204515903271,0.0006173402186519642,-0.00021900515351424725,-0.0014578906555809867,-0.0030101328328420575,-0.004810605828866302,-0.006811127507292165
12.427231206895808,11.48522731633196,-2.681325170995536,-3.2616629714891623,16.747297337526508,249504.2447102703,97268.1927857571,0.0684723564255758,0.03832461225778404,1.8761122556647055e7,-0.005789270781459798,-0.0022577050937397022,-0.00045790100125538385,0.00023303963468260345,0.00016806661560478717,-0.0004328791476341481,-0.0014250445481697592,-0.002709579721062721,-0.004217084685426637,-0.005897706565716333,-0.007714870966914512
13.22183641221448,10.87997216018829,-3.3250928536902373,-3.312331276153271,14.653855295609555,552294.3424473852,53102.12154446429,0.03596917872738554,0.03643114362152987,2.3125359532739227e6,-0.009090424643974953,-0.004024664802335556,-0.000982023997825859,0.0006998243496160218,0.0014203659757636383,0.0014450164007092717,0.0009572713389445136,8.708298305432579e-5,-0.001071774356050367,-0.0024506085363411477,-0.0039984952307089375
12.454874781421111,11.515430843744893,-4.264585816928871,-4.112635461328031,14.98131810839675,256497.64991368641,100250.85198587207,0.014057688383978875,0.016364589402407276,3.2085128732466646e6,-0.004112537453228122,-0.0014209007125977739,-0.00022494500021547962,3.8170460841845115e-5,-0.0003200835906307593,-0.0011077844709980777,-0.0021987487186171193,-0.0035063825932161335,-0.004969420044504177,-0.006543459859762275,-0.008195620740380424
12.523244784578242,11.963073253378877,-1.588084087227489,-2.9766771888874772,14.518540440514352,274647.7879249315,156854.39809802474,0.20431668993460844,0.05096188957224647,2.0198633943159636e6,-0.005683449386728805,-0.0021836410188283513,-0.00042892702188889007,0.00019934759920985212,5.176958249896182e-5,-0.0006537495272969657,-0.001774273283549286,-0.0032123809155056916,-0.004899581685951156,-0.0067863943762754885,-0.008836158797556323
13.898012438756306,12.247388537044403,-4.236974263698902,-3.0267915018916143,16.26838434865554,1.0860007159786285e6,208436.25395441175,0.014451251434660067,0.048470907717494544,1.162169710020699e7,-0.007157995196102758,-0.0029583728213800364,-0.0006524781334215778,0.00039208293727839257,0.0005513249710174344,7.026559109717981e-5,-0.0008842232290203615,-0.00219513792376405,-0.00377863225635457,-0.005573656339001654,-0.00753526440738477
14.709275502841713,11.443514830095456,-3.20321322428354,-3.0841159078953884,15.42632182938691,2.4443150606261953e6,93294.35022722757,0.04063143608049758,0.04577048133912921,5.006871512389296e6,-0.011627667870986595,-0.00541932280552262,-0.001400033922579432,0.0010705890362448043,0.002399704907303535,0.002876842786523207,0.0027113906446256802,0.002055330417049006,0.0010199645583504502,-0.00031216998970421485,-0.0018791325439656437
12.878150785465312,11.749877263461325,-4.581617244963772,-3.6385949708006193,13.857670457916221,391660.5444056183,126738.00266733146,0.0102383250205327,0.026289255200120796,1.0430612508608721e6,-0.004371667287812061,-0.001535315871684047,-0.00025088835834697845,5.329420907860907e-5,-0.00030353437302367813,-0.0011230510376932909,-0.0022739864435298547,-0.003665813563448746,-0.00523433204808068,-0.006933065995789677,-0.00872777626978024
13.522572024126417,12.826068957101343,-2.4463527486432817,-1.7228886901627471,16.349352410949958,746067.9972243814,371784.23706704075,0.08660889555596703,0.17854962768416657,1.2601827624291195e7,-0.010181239316378977,-0.004497581459013611,-0.0010786856911212802,0.0007418296661390361,0.0014089378113505996,0.0012389900479692463,0.0004555747083601332,-0.0007838932638995762,-0.002367958869891639,-0.004216906565439176,-0.006273118456018932
13.966837797411841,10.340606131357864,-3.3138666080257773,-1.3468001435930117,15.050806556326439,1.1633772987426566e6,30964.793092118576,0.036375252642155936,0.2600711208626255,3.439396425757438e6,-0.015110388530920059,-0.007351226952178165,-0.001991932466683889,0.0016115986245925135,0.003883173481187925,0.005146016647135226,0.005644339359213997,0.00555881466732735,0.005022797972926964,0.004135761239022913,0.0029730099571503134
13.518871970999006,13.078446195510221,-4.479149377020858,-3.1664429446814553,16.32672903247862,743312.6066872088,478516.6069345588,0.011343057717690798,0.042153273068371244,1.2319932442343779e7,-0.0023546748534806934,-0.0004258529411265563,9.314824591241318e-5,-0.00027078759090017003,-0.001229681745377511,-0.0026082765781744056,-0.00429278386842318,-0.006206215593343803,-0.00829505652892345,-0.01052138525380495,-0.012857874790675823
12.276845610461871,12.465067713218698,-3.0138930389351195,-1.6092331781698124,15.403484446132962,214667.5025896301,259125.4828748648,0.04910015737785746,0.20004095104475555,4.89382344307216e6,-0.008506795823953382,-0.003559263452783148,-0.0007948217419741489,0.0004895204921361418,0.0007441976111600781,0.0002726064388555632,-0.0007190616753540712,-0.0020893663176573397,-0.003740091879069698,-0.005602203790069659,-0.007626636749575734
12.424018006605111,12.893128108885467,-1.4181924446130232,-1.4406203930364478,14.87165245221646,248703.82424294838,397570.71987425303,0.24215132347925467,0.23678081593633532,2.8752565189514e6,-0.008050714262175383,-0.003417267102458413,-0.0007819529562144884,0.000500548214323801,0.0008217928835744241,0.0004420537819103319,-0.0004595166716929782,-0.0017571575105705829,-0.003361187110374182,-0.005206700234356074,-0.007246003453437579
14.05149484118844,9.919707137625641,-4.159919008894102,-2.576174219029789,14.37722444923395,1.2661544101454623e6,20327.036732277582,0.015608822044549874,0.07606445401022344,1.7536755353130698e6,-0.013903941986392922,-0.006671738218621475,-0.001783808759013338,0.0014239189057959354,0.003380717352567389,0.004402236944349816,0.0047221680234083374,0.004512545665433185,0.003900727479125254,0.0029822332020277755,0.0018297215229467697
15.378180685845383,10.489583352904289,-1.869182278489765,-1.1767746126409588,16.3555200416509,4.771544885739949e6,35939.18031019613,0.15424974359149857,0.3082714316094655,1.2679791221430114e7,-0.018947932195067133,-0.009495556629771293,-0.0026480779434034122,0.0022046804058356625,0.005481723252776033,0.007543554813721523,0.008679541654512677,0.009106468979299715,0.008983003019580878,0.00842573029404836,0.007521644072925719
13.976361465582055,12.85785440606651,-4.342218312217662,-2.5592201788593716,14.163045756003063,1.1745098452886308e6,383791.38129620807,0.013007641165728364,0.07736504782559787,1.4155741351711336e6,-0.0036967297517450782,-0.0011541683665743608,-0.00012676773593557104,-7.107105700435965e-5,-0.000683840850707385,-0.0017766432822504136,-0.00322471186509923,-0.004942011358961441,-0.00686761351141516,-0.008957590564553442,-0.011179838412546439
12.947514046394321,12.726783745461454,-1.8704968560783226,-2.0378293709986597,14.699275342658204,419791.7552197324,336644.83296309743,0.15404710355773799,0.13031126151462866,2.4199933317604978e6,-0.005304029258776036,-0.0019369296788124166,-0.00034151430520340753,0.00010831641292780244,-0.0002279306564456234,-0.001125230307040155,-0.0024357363119359857,-0.004058980408463761,-0.005924855614403986,-0.007983305106840857,-0.010197797800409414
12.577725966618491,10.302781430584599,-3.6313235699383752,-2.7583553753463192,15.769521766760686,290026.03291859245,29815.43318609858,0.02648111160010799,0.06339594520468252,7.056937734795053e6,-0.011851792009490023,-0.005465081333861837,-0.0013975731642887346,0.0010604133033818108,0.0023675933785789107,0.0028443601983895515,0.0027166590142024038,0.0021449746296582843,0.0012447520331112082,0.0001002234376581367,-0.0012263746695577154
12.658695603646635,10.816436153147745,-3.5847189402963435,-1.2365428281630448,15.603218755859476,314486.240461801,49833.17237207493,0.02774446438539055,0.29038640026745294,5.975741543975707e6,-0.015633184775609574,-0.007642073382205913,-0.002080282427319535,0.001690872234661118,0.004094865070730875,0.005459102563382928,0.0060325651943370475,0.005999607747918058,0.0054960838749761,0.004623145566735914,0.0034573432752094567
14.818581626940114,12.632998111560834,-4.190450333193475,-3.5601798098208586,16.497149897366487,2.726642691271949e6,306507.6862589196,0.01513946553381348,0.02843371159391562,1.46090228229549e7,-0.00795885996501124,-0.003415209770217223,-0.0007941565404994698,0.0005218695455988344,0.0009044351767187767,0.0006002470219365768,-0.00022000517927665603,-0.0014352106160738225,-0.002957687746931953,-0.004722910429437719,-0.006682803006752662
13.46350534194455,12.13007106058862,-2.389634351373329,-1.009301388826644,15.373548079614398,703276.4536629205,185362.94752220548,0.0916631942717184,0.3644735159208168,4.749491319356396e6,-0.010864254440777925,-0.005019125734531007,-0.001284594829722768,0.0009709851556337758,0.002140271008198611,0.0024966795880663915,0.002235901584657743,0.0014995006228638952,0.00039111358994495243,-0.0010123538550345396,-0.002653107666184568
13.56377770203481,12.133429528817071,-3.958612374590983,-2.3369923592747623,16.30065416786157,777452.4021289531,185986.5296464359,0.01908958511492371,0.09661779328054744,1.2002843858238716e7,-0.009115054271578627,-0.003949951342134827,-0.0009298216877478713,0.0006252522727181606,0.0011441136055136357,0.0009164344024383182,0.0001417706037579559,-0.0010402224262175865,-0.0025301501837408005,-0.0042561936007430475,-0.006165857755825121
15.255897097255765,10.365693934156656,-4.546171695376397,-4.080840213411296,16.93150455684826,4.222327597120504e6,31751.458305776858,0.010607736396196246,0.016893265739626934,2.2555839693702877e7,-0.01677208592914924,-0.0082609390145242,-0.0022627293204253367,0.0018490041545431001,0.004503455970566321,0.006048284185711534,0.006753263271377758,0.006818726270811887,0.006391790600662428,0.005581524132268435,0.004470242980680565
13.761127564633352,10.607977115921232,-4.366501247459075,-3.4844835255959685,16.46173381376669,947069.3158011504,40456.27806157369,0.012695581652096197,0.03066959439990644,1.410068328025312e7,-0.011911078666928053,-0.005545757443563234,-0.0014327512387052304,0.0010980816172614482,0.0024760712997130216,0.0030054177662687336,0.0029048401305578715,0.002332539794579202,0.001404299866067005,0.00020608826331110715,-0.0011974413919359863
13.312892733799425,12.298570285787992,-2.227665171877149,-1.1327766234074512,14.024398684851443,604944.9455609033,219382.11062622967,0.10777978385816565,0.32213755880403067,1.2323071287839785e6,-0.005961748073893802,-0.0023638179653109044,-0.0004885103762278781,0.0002558221810063599,0.0002085478339878411,-0.0004145775615412496,-0.0014685662955510968,-0.002852504731178582,-0.004494398356020749,-0.006341911685278066,-0.008356392734969674
13.606012994942532,10.003062612893569,-3.421711119934371,-3.582565777049065,15.074805265322068,810991.6157996189,22094.02773818044,0.03265650790207361,0.02780426710582613,3.522935910162359e6,-0.012932324712946298,-0.006115889862969109,-0.0016098991900787968,0.0012631886816454174,0.002938984785749506,0.003730037740960309,0.003863141774550184,0.003503044270793644,0.0027704180890805673,0.001754748433079722,0.0005231860214128619
13.492411532746027,10.33642035681674,-2.7522230216524055,-2.255823680651179,16.475821846716602,723902.166248506,30835.45233399374,0.06378590603022838,0.10478719699344326,1.4300740065406052e7,-0.017940544660016825,-0.008831558170966213,-0.002406988266110229,0.0019499560220883156,0.004697941710315996,0.0062324227261859235,0.006864487451829612,0.006823311210085594,0.006274572816931844,0.005338767392915727,0.00410481507253419
14.165085353674252,11.923056561792302,-3.724331122815859,-1.5159437983891975,15.291073114667437,1.4184642832483598e6,150701.53370848612,0.024129234524794745,0.21960082810384243,4.3734954201842435e6,-0.010761060518717716,-0.00495444568042208,-0.0012621065446486435,0.0009477681809272549,0.0020692966898582855,0.0023777283625736985,0.0020705621535452544,0.0012910357090247485,0.00014430750867085933,-0.0012913587889060605,-0.002957001503538198
13.825260816353016,12.834288806599051,-3.37355138395755,-4.077503429328066,14.76860568959852,1.0097979470242214e6,374852.8419989646,0.034267723147300505,0.016949729070443325,2.5937251692095464e6,-0.003363579901042308,-0.0009774206813860239,-7.448649497714567e-5,-0.00011768031721019959,-0.0008092094246172751,-0.001965211793319167,-0.003464700737926658,-0.0052247442317586825,-0.007186926624170992,-0.009309297540609406,-0.011561243173409569
12.584853145362175,11.505666601880172,-3.43649182610827,-2.9326688612422216,14.931313904498486,292100.48400611157,99276.74188258985,0.032177371365310216,0.053254718859331196,3.0520190235171164e6,-0.006126433494166581,-0.0024262500172239853,-0.0005047875385792771,0.0002725829641049695,0.00027008386219843744,-0.0002825837142366378,-0.0012326666340067916,-0.0024749411023856998,-0.00393505912047702,-0.005559450005462409,-0.00730885640953933
14.447351875719026,9.968310114802753,-4.105430289798206,-2.119364346552316,14.921530071538081,1.8810710418883758e6,21339.39373808117,0.016482924877822547,0.12010795128479826,3.0223041787711866e6,-0.015675971543931598,-0.007657731748506175,-0.002083490330119945,0.0016930497465228978,0.0041008573302332455,0.005471969086210737,0.00605932601154923,0.006050743664778202,0.005585194169581029,0.004766673569785264,0.003674286283081189
13.116050170158275,10.900367525520805,-4.425270466744751,-3.7673204974446275,16.87976867883209,496853.33958788496,54196.27865240312,0.011970973112782961,0.023113914177513517,2.1418566104264718e7,-0.008347083222541572,-0.0036284052622806377,-0.0008658274795128322,0.0005982632090775201,0.0011550063658624893,0.00106103386801065,0.000492736409177283,-0.00042499739008650534,-0.0016017628982470137,-0.0029710085561544418,-0.004483109535726983
12.477002614121549,9.962544643209664,-2.353715095535612,-1.2458488670312384,16.901024952823917,262236.6486319493,21216.716056837457,0.09501551399198821,0.2876965882991092,2.1878718248196878e7,-0.02294353316806769,-0.011718732807426746,-0.003329568158412457,0.002822497009252709,0.007154474080080383,0.01007081365826662,0.011912021630662796,0.012934074021761539,0.013322517340140547,0.013212220445886531,0.012703016576789714
13.818999653896224,12.65601612862802,-4.258518346057515,-2.174572533606327,14.092324698515966,1.0034951899125943e6,313644.71036970144,0.014143242284199635,0.11365672771965232,1.3189212142840673e6,-0.004184568417045272,-0.001411541676417736,-0.00020327666791105511,-1.9461577328798916e-6,-0.0004941619123965086,-0.0014841464683519948,-0.0028417844838793936,-0.00447710621242001,-0.006326259716660612,-0.008343132817173565,-0.010493992446176582
12.74058073316596,11.32858790497197,-3.223866562157533,-3.6110696699593947,14.698415458016415,341321.7067801968,83165.50229710396,0.03980086782992291,0.027022925789172664,2.417913311078368e6,-0.006024834021389051,-0.002399632040424982,-0.0005043025765460754,0.0002780494576748097,0.0002988719679996265,-0.00022059361252446132,-0.0011330127248915473,-0.002336597009818714,-0.0037591524968940727,-0.005348419683081282,-0.007065888069766478
14.26516776925287,11.24745268526574,-2.287362487726124,-3.8903669008916864,14.514524246470314,1.5677746779080532e6,76684.33163032195,0.10153390592843074,0.020437845998215267,2.0117674992069055e6,-0.00996463815746266,-0.004522618944105002,-0.0011351118605422625,0.000837823800645072,0.0017872618628322076,0.001979209285566016,0.0016009848482707748,0.0007867487203331061,-0.0003660589738884165,-0.001785776211479241,-0.003419139671918324
14.684026167149021,12.451565356106313,-4.036944954320599,-1.4616692182382862,16.812970979948357,2.383370373354696e6,255650.19316874453,0.01765131570266788,0.23184894506319448,2.003459285078294e7,-0.01405621711978384,-0.006769033951267228,-0.0018105078678211936,0.0014400242720005738,0.0033903705578168792,0.004349867970700021,0.00455173309131956,0.004168435264179118,0.0033271377861195457,0.0021224575349899307,0.0006258016610015918
12.571230374875997,10.684337224148564,-4.208545922478715,-3.773370600609657,16.710014890967372,288148.2474802522,43666.53176453286,0.01486797181131594,0.022974494788308295,1.8074540267467406e7,-0.007578912269031933,-0.0032331486466304986,-0.0007555554388425635,0.0005079848667054731,0.0009382181351660146,0.0007798362633350043,0.000198595873183436,-0.0006892978877017817,-0.0018003230459333506,-0.003073293431361845,-0.004462680108785532
13.699301562461601,12.58050295097383,-2.6424946868671135,-2.420693362938408,16.549576795395534,890289.137426794,290832.5499990083,0.07118346740695883,0.08885998387510743,1.5395361110198688e7,-0.007490397224007445,-0.0030802118189686384,-0.0006727889668396178,0.00039722664339578184,0.00053331806586557,-1.078292827187188e-6,-0.0010281966879128433,-0.00242517771374756,-0.004105381510899091,-0.0060066925000219935,-0.008083969387494378
13.535597536287623,12.507660325179398,-3.3770975197557274,-1.369359950701313,16.039702506198886,755849.4811172932,270400.7306294804,0.03414642035273295,0.254269652594283,9.246008530997606e6,-0.011518186726590683,-0.005350704637274448,-0.0013742460576554722,0.0010405124987409842,0.0022941727443371767,0.0026736687234626927,0.00238842995951512,0.0015918594006022729,0.0003972362010484133,-0.001110805207026558,-0.0028683010192667373
13.531274278207631,10.7143293683626,-4.280497227723744,-3.1654859575636447,15.2839322349208,752588.8021976957,44996.02215828042,0.013835780842034212,0.042193632516326934,4.342376057366929e6,-0.011032616429911137,-0.0050650337007635046,-0.0012884172150948003,0.0009691197611634888,0.002130920795566267,0.0024909852752418374,0.00225822324090958,0.0015829374406797117,0.0005748363645018375,-0.0006848240916484745,-0.0021351323402631016
13.655395919089255,12.504198970889622,-2.0499529057869377,-2.3567244552732864,14.139222387549674,852046.105760143,269466.3958652328,0.12874096639954288,0.09473000794040226,1.3822489264752562e6,-0.004987990680808527,-0.0018314174696333785,-0.00032609081263065555,0.00010648782339285932,-0.0002056561067480364,-0.0010567502109912375,-0.002310160565687076,-0.0038717372681161353,-0.005674847534637412,-0.007671321322115525,-0.009825666476342095
12.807930660446939,12.683033963853385,-1.9515018589743671,-1.1537731317059836,13.840414941603548,365101.49428551004,322234.2240096665,0.14206055637028683,0.3154443082164473,1.0252170883108233e6,-0.004686266129916275,-0.0016767155687289889,-0.0002820522638656532,6.877402663164839e-5,-0.00030301838527890124,-0.0011971825087972192,-0.002481290288843806,-0.004064297664515912,-0.0058818182868349235,-0.007887267819510964,-0.010046237736518448
13.611925125972768,11.63938669063197,-2.5117619613886393,-1.5367829161146536,14.997483732361685,815800.5058835881,113480.54489926617,0.0811251738161161,0.21507189398672044,3.260801990233612e6,-0.010919655212324176,-0.005036307015181179,-0.0012863349181427809,0.0009699207498097031,0.0021316783769444255,0.0024774824990008355,0.0022068728727864455,0.001464249469948454,0.00035527746468608825,-0.001041783349536792,-0.0026683542296695732
13.925206441607449,12.492460212795756,-2.7306569743077027,-3.6623960957873574,15.733543052403284,1.115938643654117e6,266321.6886197902,0.0651764563421869,0.025670928970770966,6.807551389148497e6,-0.005427703412346678,-0.0020602206201861756,-0.00039254107575759035,0.0001648316325719312,-5.035838198186456e-5,-0.0008242149053640829,-0.0020135870103256525,-0.0035192066598243783,-0.005270515651503388,-0.0072164518522216566,-0.009319523907327877
12.97281137209501,11.965725622087971,-3.3355092888286624,-3.3978980646446475,16.382256542367543,430546.82770667074,157270.98602358627,0.03559645271846161,0.03344349219182071,1.3023377143957648e7,-0.004781598114705812,-0.001722311157381794,-0.0002970469428818684,8.594513965941441e-5,-0.00024020812087202875,-0.0010681699536970331,-0.0022611096384831707,-0.0037252056918121767,-0.005394394838469283,-0.007221224597750545,-0.00917102212789904
14.452708929207745,11.659750369568373,-2.9795102300559906,-3.531900789842484,14.825297430278615,1.8911750798479395e6,115815.11583328109,0.05081771676124657,0.029249266286459755,2.7450159137796946e6,-0.009326360571380695,-0.004172786518839916,-0.0010280978860261038,0.0007392152023537231,0.0015131322984402082,0.0015531540637023105,0.0010414168876426955,0.0001083910946740515,-0.0011509041310598985,-0.0026662958469058427,-0.004385403755958171
13.44459802925791,11.195780107817722,-2.6538446772869566,-3.037814162429638,14.069900842643655,690104.3032349418,72822.48947350227,0.07038010344472258,0.04793956315095812,1.2896750464695725e6,-0.00836623898346775,-0.0036458404735423898,-0.0008709481871812343,0.0006008774952481452,0.0011516200953793833,0.0010321643425778336,0.00041471164260488495,-0.0005794070705808682,-0.0018630444276324255,-0.0033726564575906025,-0.005061333170704284
12.866308525464277,9.943373149024177,-2.057216009821878,-2.8863935447098736,15.02250499321316,387049.75338397856,20813.834171908708,0.12780929487630135,0.05577700759889628,3.3434206688372823e6,-0.013817738232004481,-0.006569153444354878,-0.00173736164979239,0.0013705299509347863,0.003212098521167923,0.004119914037398799,0.00433422544994688,0.004026959160492766,0.0033214138739813904,0.002306799943498704,0.0010483762947286843
13.607696682264715,11.678243149256895,-4.543490049554407,-2.607483656824427,15.639367187421085,812358.2222476746,117976.7852893437,0.010636220763606513,0.0737198149155631,6.195706978894953e6,-0.009357444251832126,-0.004126872307481258,-0.0009966249349219287,0.0006969409621996768,0.001367088128866441,0.0012939731425093356,0.0006727100896955041,-0.0003583843195672546,-0.001699571303204875,-0.003277850123481989,-0.005039194344604573
12.674762956657101,11.194726891705006,-3.5129641154757927,-3.0479323845193855,16.540117795875158,319580.01404992654,72745.83202973426,0.02980842773735004,0.047456945736662634,1.5250422962441692e7,-0.0075908147525852055,-0.0031957783307825565,-0.0007300196792772369,0.0004714319273023661,0.0008007590637084637,0.000510857360461889,-0.00022764459927179383,-0.0012960976809108316,-0.0026101074306478663,-0.004108577423644549,-0.005746625547917444
14.176296184254854,11.471533924855594,-3.6240486806709367,-3.1164847771093296,15.528439552078174,1.4344559182790085e6,95945.33919032883,0.026674461200407843,0.04431266384933711,5.545179512918351e6,-0.01035818248802533,-0.004707209854380283,-0.0011808439901146357,0.0008701661963059071,0.00185218778368601,0.0020461181226960616,0.0016510797721918022,0.0008100571456256137,-0.00037283939783106646,-0.0018207491935867612,-0.0034762903638835864
14.141344007658239,12.064625169236493,-1.7904995944186295,-3.7027292158716882,14.160126077734423,1.3851846467330675e6,173620.1540514786,0.16687677813084914,0.024656142623850484,1.4114471418091625e6,-0.00688006413140935,-0.002858842419299805,-0.0006365476599418262,0.00038869327362231715,0.0005671356935277736,0.00012467724113923132,-0.0007853504458074344,-0.0020555510479287383,-0.003608969929676124,-0.005389448054490985,-0.007355332811701349
12.992497533947068,12.995489175952413,-3.259250049190014,-3.197475396707689,16.415515099938762,439106.6205350466,440422.2372918183,0.03841719822575929,0.04086524238355301,1.3463799187095236e7,-0.001212883540450713,0.00015672003968536817,0.00025959061785796935,-0.000414480876102256,-0.0016043003116703197,-0.003154185109512589,-0.004964889351930662,-0.006970317150264682,-0.009125056701945971,-0.011397089915183078,-0.0137632569054707
12.504297300049805,12.261723151203757,-3.2108451052158493,-1.2953763218055316,16.89580951671702,269492.8935723631,211445.62478596068,0.040322522095005704,0.27379480998462424,2.1764908233479217e7,-0.015533296933177083,-0.007560529041018388,-0.0020422489796533046,0.0016392407474721193,0.0038937961467269046,0.005042373800652918,0.005333882252919169,0.004958030748842593,0.004059935511195992,0.0027520213500815405,0.0011223082052161364
12.744761272088535,11.158432437211426,-2.3668138172735254,-1.8534422406034095,14.33404344117907,342751.6022448222,70152.90088038715,0.09377904795469631,0.15669684864061367,1.6795617280406735e6,-0.01038011570747526,-0.00472334938763242,-0.001189216983582826,0.0008821537224937365,0.0018987187073645027,0.002139502601304901,0.0018010198507256345,0.0010236275952555185,-9.117761835270344e-5,-0.0014691498152584156,-0.0030554298173085387
13.826081494879588,10.580690743971507,-2.1560437480486354,-3.498906533320428,16.088637989028143,1.0106270066647117e6,39367.29773727039,0.1157822799949335,0.030230421314526343,9.709719858507005e6,-0.012521253592031368,-0.005883834966340838,-0.001535478274659473,0.0011907812464821955,0.0027257295699231908,0.0033777681267780474,0.003369266016777718,0.0028602541019351036,0.001966517889458513,0.0007726408231221454,-0.000658960548507446
15.181898333344694,12.606933342660955,-2.436892206064859,-3.6415676005153186,16.454606732113525,3.9211609684713767e6,298621.85192165175,0.08743215078036536,0.02621122301679016,1.4000543834038319e7,-0.009184865581714665,-0.004086547343678506,-0.0009971575686756704,0.0007054688158387641,0.0014030515379385516,0.0013549101791288168,0.0007431388766893958,-0.0003021213355908557,-0.001686370253337546,-0.003339950771047665,-0.0052108491437651405
13.331865149371529,11.69035179508905,-3.698485960416064,-1.9026635594281043,14.493450929152349,616531.7800285362,119414.00825039425,0.024760987219442483,0.1491707644069454,1.9698164605736705e6,-0.008557635707696009,-0.0037339322188377805,-0.0008907794397592498,0.0006116535358473504,0.0011598643088556512,0.0010116745546043563,0.0003461789564074689,-0.0007091856115063079,-0.00206205109642312,-0.0036445129327653714,-0.005406147553487178
14.755013223270035,11.043497601247378,-3.535344340014334,-4.033065345027076,16.887307957598235,2.558708567296055e6,62535.99570672935,0.02914871819107668,0.017719928921290953,2.1580656900967643e7,-0.012922482640695105,-0.006127154048331572,-0.0016134412488945408,0.0012627516834721377,0.002919797594982276,0.0036636348405848346,0.0037189976886174403,0.003249999329543781,0.0023770867235481685,0.0011897436940192028,-0.0002446600160655616
12.468320812123437,12.339863281168691,-3.698633889241721,-3.6867723128673267,15.571785489336508,259969.81630486617,228630.6917989415,0.0247573246265892,0.0250527340707212,5.790825943273424e6,-0.0017202631177700054,-0.00015257823695729293,0.00015442705453836382,-0.0003068468995173254,-0.0012728443487449032,-0.002585727191790237,-0.004144284188893771,-0.005880601206456451,-0.007747554604062931,-0.009711497501006318,-0.011747714667939843
13.615033188849502,10.918548081891865,-2.0244074489982813,-3.7738598648979087,15.722784643926598,818340.0095750084,55190.608498399066,0.13207207944903016,0.022963256937831383,6.734705525971301e6,-0.010262707115771517,-0.004661712842549671,-0.0011717644227127353,0.0008677676049161974,0.001863888783324432,0.0020930505577673886,0.0017485361397277068,0.0009674533996225063,-0.00015165371938877876,-0.0015370463327602512,-0.0031358595084525196
14.944376452353902,12.874133777763332,-3.146672306849281,-1.9638115846746906,16.744189523485772,3.092147688777537e6,390090.3967411802,0.04299496312191431,0.1403225490318714,1.8702906984987337e7,-0.011617134438732524,-0.005379824307590395,-0.0013734917410790429,0.0010308645895292584,0.002245446671137038,0.0025701568734087387,0.0022237273014539195,0.0013647379395983173,0.00010860496565086868,-0.0014597630041312836,-0.0032771023860218157
14.13594193506937,12.358545088360623,-1.867115775469617,-3.502967340741526,15.733520867270325,1.3777219538749512e6,232942.07310627017,0.15456883073620817,0.030107910310458733,6.807400364391061e6,-0.006963689006238174,-0.0028778840960099177,-0.0006345095604233915,0.00038022232468321493,0.0005273343509156328,4.070344785044098e-5,-0.0009209402771189444,-0.002246675122508561,-0.0038572771933670807,-0.005695151356236396,-0.007717768776995982
13.377431377547413,12.835352219208335,-3.0498259907560046,-2.9327165006800904,16.9774252119073,645274.6877156909,375251.6772634117,0.047367165998807824,0.053252181894891136,2.3615768694810282e7,-0.0035077980979911004,-0.0010180669200361154,-7.828160788399883e-5,-0.0001200004182837339,-0.0008274149775451367,-0.002006623101594712,-0.003531222213900907,-0.005315499937504239,-0.007299726172978431,-0.009441410514342649,-0.01170977008731659
13.729203474894678,12.969320557119175,-2.5432089578741284,-3.8753543336983602,16.620947478935694,917312.4968271295,429046.4886193597,0.07861372646191983,0.020746985215128216,1.6534298509860896e7,-0.003069182959893266,-0.0008127507110604461,-2.3135189896135957e-5,-0.00016600069826205744,-0.0009466904241475241,-0.0021845361426360583,-0.003761522672113647,-0.00559729813343957,-0.007635538439238826,-0.00983585828849593,-0.012168701652205871
13.669427784829804,11.482147587665432,-3.089506711767946,-1.6379709604483073,15.795285501302287,864086.1771031332,96969.0939521254,0.04552440552024513,0.1943740350472096,7.24111314101166e6,-0.013806288168975294,-0.006614028238432717,-0.0017595310072755423,0.0013916406098910998,0.003256266513872989,0.004147378590619736,0.0042994135651612565,0.0038853975020720494,0.0030329917099875064,0.0018372993733943702,0.00037006665999594755
14.972692775749728,11.189435157047384,-2.4871590908461445,-3.335827983853818,16.23231542456074,3.1809573908490543e6,72361.89712592962,0.08314584114863874,0.03558511011357892,1.1209984636844484e7,-0.013824200273525333,-0.006620367533492501,-0.0017605930714642225,0.0013926459653603974,0.0032621124185795727,0.004165309209352786,0.004338484158364605,0.003954497898251073,0.00313974714349981,0.0019875597961129658,0.0005677268708977912
13.421740909392852,12.700452896363812,-2.7098090760022293,-3.8287404403087977,15.79693699499849,674509.412553254,327896.37132491695,0.06654951140092989,0.02173697741489075,7.253081673975624e6,-0.003068962858278035,-0.000819427491456004,-2.7850749516831855e-5,-0.00015878155344317043,-0.0009177238767781306,-0.002124556466632483,-0.003661896173108643,-0.005450010207004913,-0.007433144591992251,-0.009571419949690749,-0.011835717503067562
14.544289398935176,10.2106438039939,-2.1799741758734377,-3.0763569974055,14.937907671087498,2.0725481508349278e6,27191.067673490852,0.11304444987693713,0.04612699168433487,3.072209818122695e6,-0.014752373100343554,-0.007143934178844028,-0.001926059488728797,0.001549720342497432,0.0037103074384283613,0.00487850853481324,0.0052963938367813325,0.00514199960501798,0.004545858608893316,0.0036043970584929406,0.002389601018615014
14.720550543360268,12.104207957881133,-1.6357778849574967,-3.1542758237565893,15.05956136669465,2.4720307662104135e6,180630.35019757022,0.19480077975015747,0.04266928989286283,3.4696398839451675e6,-0.009053621937475527,-0.0040254421336058,-0.000982959901654793,0.0006969944158678039,0.0013924943894487434,0.0013580963459099505,0.0007716797374981741,-0.0002399982770536418,-0.0015851624107705538,-0.0031964054729295855,-0.005023573465287974
15.245528205944101,11.928771231429105,-4.00198378467041,-2.0849997447772335,16.838735775185704,4.1787729381730226e6,151565.2086454082,0.018279340620955563,0.12430715189179053,2.055748724116666e7,-0.01528649027759483,-0.007432067014794998,-0.002005353555211639,0.0016093988388164336,0.0038312345292042024,0.004992045581446466,0.005346791535212419,0.005084423118486159,0.0043435385603249384,0.0032264882282705253,0.0018099215119732573
13.232819672044572,9.99978371477859,-1.5935465786850829,-3.962970768782864,15.321034112562463,558393.7691921726,22021.702310929577,0.20320365450210445,0.019006566223975566,4.506512418055783e6,-0.012553599566082046,-0.005913217009424408,-0.0015514300720097338,0.001213687838442191,0.00281365298122321,0.003550755781644195,0.003639900504612292,0.0032343273182742715,0.0024441460593953492,0.0013494176064153015,9.176832496002085e-6
12.445768207830149,10.419141862489287,-1.441879968529995,-1.3627625820276315,15.131727735394602,254172.43861182008,33494.67876931443,0.23648276037438679,0.2559527090021674,3.7292874283520635e6,-0.016656448961512894,-0.008201142072099406,-0.002250334217303675,0.0018461349198449343,0.004522447514895026,0.006118941133806971,0.0068957164720189635,0.007044919035951757,0.006707136741614947,0.005985843953742783,0.004958085263925052
12.570515714369435,10.929619138522664,-2.545776046612725,-1.1445591180794135,16.615789183833336,287942.39287458296,55805.021676499346,0.07841217685856224,0.31836424789470097,1.6449229313472835e7,-0.018911483140381376,-0.009469623996844749,-0.0026395009231877944,0.002197392352220213,0.0054651901848842685,0.007524546639169012,0.008662841380364094,0.009094733776875452,0.0089772225191311,0.008425740727403413,0.007526588083592321
13.507845693125883,12.081385327737861,-1.4113835974198499,-3.2278452624143825,14.7498350571402,735161.6552487686,176554.5773619605,0.24380572071590195,0.03964282671446176,2.545493393966864e6,-0.006658194975334693,-0.0027140232325297835,-0.0005869700424526622,0.0003395404146054001,0.0004237911567940726,-0.00010533465481439816,-0.0010943403259354978,-0.0024369394034975257,-0.004057657115101543,-0.005901700123426486,-0.007928448689323422
14.269671113794624,10.241057210805817,-3.7968371932735234,-3.885644385969873,14.787432070908247,1.5748508286601882e6,28030.74467300662,0.022441638293215525,0.020534592294020236,2.6430181768240766e6,-0.01329589546210439,-0.006337542955832903,-0.001681685219681675,0.001330324579371934,0.0031223507969724935,0.0040030647647258215,0.004199471819150648,0.003878037467347025,0.003161631272881527,0.0021421045893134615,0.000889034030593011
12.65537025329887,11.227486084833899,-3.1509572933644368,-2.8845526667350976,14.362487942225503,313442.2003942936,75168.39067731876,0.04281112443914569,0.0558797808311504,1.7280219697232023e6,-0.007238477314465704,-0.0030224083955366758,-0.0006824314573863571,0.0004317965220494692,0.0007000262176009511,0.00036563832796531186,-0.00040768447525685287,-0.001506346724419847,-0.002849670735395337,-0.004379311505877921,-0.00605241520934155
13.692459446073467,9.980371590764003,-3.7041291982993085,-1.3623856693074479,16.915135533990505,884218.4673280725,21598.33680121812,0.024621648608585688,0.2560491990169704,2.2189628078340422e7,-0.022318513549816982,-0.011372068709854116,-0.003222730550456251,0.002724284804672048,0.006883086566271747,0.009650720579415174,0.01136049901015977,0.012263376729472078,0.012541730468872801,0.012328479871108093,0.011722286605784385
15.13585174469431,12.800997641216071,-4.354358957777824,-3.658913624222475,15.448801573736535,3.7446988008673177e6,362578.99298345833,0.012850674769456508,0.02576048309529545,5.120699320565092e6,-0.007641534167000983,-0.0032635783987052264,-0.00075407310134606,0.0004899306774497495,0.0008270954569986007,0.0004942386817614543,-0.0003448676641588913,-0.0015737641757113403,-0.003107852024668875,-0.004884627142654398,-0.006857313226081633
13.07582009474008,11.990018301636345,-1.7607358289238921,-3.316968567872958,13.925282338401457,477261.6226833565,161138.30325390634,0.17191831480096775,0.0362625928923748,1.1160233430336455e6,-0.005234244512527613,-0.0019695949701837947,-0.0003707639981143344,0.00015065928844515078,-7.351474338302194e-5,-0.0008366196679636654,-0.0020023756073756353,-0.003477376491614581,-0.005195675941445127,-0.007109528120229204,-0.009183551951262338
15.379062560788384,12.204430699383552,-1.8410660944370023,-2.5977642870751305,15.774565284743598,4.775754647583003e6,199671.88022189558,0.1586482019529414,0.07443981837651885,7.092619432169503e6,-0.011183957726950909,-0.00518926788072172,-0.0013330904165158295,0.0010112951550269212,0.002238916049425574,0.0026289181129444212,0.002382615525578606,0.0016458739558711881,0.0005252810933175956,-0.0009003406308629217,-0.0025719784468924045
14.319992431562428,12.507764758216727,-4.08428799077128,-1.7168075580757143,15.247026024178876,1.6561272148898127e6,270428.97087365756,0.01683512181172998,0.17963871965403483,4.1850366702738446e6,-0.008526074932704693,-0.003726965880823594,-0.0008888626784877212,0.0006078549816663766,0.001138640303459882,0.0009556779272753908,0.00023518730813192585,-0.0008968824183369449,-0.0023488564905653968,-0.004052986532196159,-0.00595862486890702
13.76314449733316,12.913236493052192,-2.413648314262862,-2.4394670027064898,14.624157268627098,948981.4185162149,405646.14440795954,0.08948821715542762,0.08720732034270431,2.244867974239311e6,-0.004263955189363175,-0.0014292351733948517,-0.0002014771279133259,-9.7727079420681e-6,-0.0005323393694588077,-0.0015687176120514107,-0.002986584336390807,-0.004695207212421527,-0.006630673773750665,-0.00874702140916231,-0.011010588762941396
12.578747197961487,10.161489435857291,-2.85793717770922,-2.554964270477572,13.95069791090217,290322.36788121535,25886.82512564445,0.05738701747057331,0.077695008023242,1.1447512367689102e6,-0.0113134348725546,-0.005225195205089849,-0.001342333389376814,0.0010251053324343599,0.002306665490670083,0.002796963843477222,0.002703269758528542,0.0021732607542498455,0.0013135006933910653,0.00020187123233020795,-0.0011040347396090418
12.458436051063948,10.168943662791717,-2.7113456828087115,-2.160854486461653,16.88151476147092,257412.73567421106,26080.512392302822,0.06644732949555447,0.11522661937360978,2.1455997360211074e7,-0.018537407381139744,-0.009074038138084,-0.00244969819127088,0.001961614604050578,0.004669193003651947,0.00612058269037592,0.006660770723119829,0.006537123408142992,0.0059240687243490575,0.004945677802016636,0.003691594677853308
14.447250847058582,10.791291125875278,-3.1840608372141563,-2.956102700402738,17.00920222530045,1.8808810094003398e6,48595.738743778005,0.0414171249636438,0.05202126506681588,2.4378257947482154e7,-0.015356681111935354,-0.0074253952929149835,-0.0019907689047870335,0.0015876119773788901,0.0037580038682350535,0.004873007734900075,0.005198732923199067,0.004929444993635359,0.004206221769215589,0.003132600333455054,0.0017857366995879642
14.598619231098333,10.785048126082492,-2.9780356365173617,-4.03375791328527,14.984491157036347,2.188264301362592e6,48293.30059979984,0.05089270751488247,0.017707660909690687,3.218709809786629e6,-0.01251498763903338,-0.005915726605621312,-0.0015547089692596841,0.0012151990618442235,0.0028064393138802993,0.00351563564513318,0.0035592975741516007,0.0030954867990583856,0.0022403830800200816,0.001080366785484415,-0.0003195970424861372
12.632195043865304,10.075988479220275,-3.6451851448055876,-1.1164190067099864,14.440674327985962,306261.6386473209,23765.458435363133,0.026116574058244194,0.32745029490425126,1.8685519451683136e6,-0.014097096491489219,-0.006788065469066898,-0.0018223609595582663,0.0014618434342530573,0.0034915735547560935,0.004580724502678027,0.0049615572211204875,0.004804804613990579,0.004236573012944758,0.003351188757998159,0.0022202113514769566
14.335543319172737,11.39699870781125,-2.100561047452716,-2.1808281653607247,16.620516410922757,1.6820827558600267e6,89054.04466212275,0.12238774365530285,0.11294795231496244,1.6527172638634872e7,-0.015738971487905908,-0.007643720100068527,-0.0020564999756866277,0.0016435918538948,0.003893908676141497,0.005047906358749922,0.005377617783466825,0.00508352331372177,0.004311512697569342,0.003168332634127614,0.00173303864634157
14.606559288743373,10.9848450048934,-3.905185162788314,-0.9570315741718542,14.90313928813784,2.205708408018025e6,58973.59055076101,0.020137225481243252,0.3840311637179469,2.9672296216470674e6,-0.012512452325907242,-0.005922401045409843,-0.0015588061892062208,0.0012203863954451276,0.002823409873240878,0.0035440487439500064,0.0035971670786516,0.0031400296043180603,0.002288631028249139,0.0011296439476255473,-0.0002712976945185584
12.526269580661697,11.669645450779528,-2.614119918892483,-1.1175522223626793,14.510825140300396,275479.799175997,116966.80443901606,0.07323221062859712,0.3270794332773748,2.0043395045785361e6,-0.00974819655481148,-0.004406508179522717,-0.0011009352351446938,0.0008078534703359559,0.001708388753373871,0.0018633479322749278,0.001457173648523238,0.0006220188622019165,-0.0005458614010430586,-0.001975368048560285,-0.0036133994499042686
12.418631434663894,12.793664294382001,-3.4400281915982833,-2.9862207748950427,16.261851466278458,247367.7648221979,359929.8010670768,0.03206378138587477,0.0504778438359665,1.1546021379464444e7,-0.0007337938284116403,0.0003847218272227968,0.00031882973739906154,-0.00045936221741983197,-0.0017015489652538718,-0.0032614534418496355,-0.005046722090352016,-0.006996269776711067,-0.00906824148837041,-0.01123304414275126,-0.013469072439133858
14.331478907957731,11.604949021396079,-1.626124010856239,-1.854708048199142,15.043423124063164,1.6752599545699817e6,109639.06488216453,0.1966904686860976,0.15649862606166723,3.4140953943874883e6,-0.01119539193601893,-0.005191782152925468,-0.001334378403107247,0.0010140541057836409,0.002252869214915647,0.002662186446667602,0.0024430564798104517,0.001740738682891025,0.0006610956271128295,-0.0007178765277190375,-0.002338078574706804
13.04441009271793,11.782603319035863,-1.544699046332814,-1.6690225554930893,15.090373227369497,462503.8187780478,130954.25189767288,0.21337607787394297,0.18843115665371643,3.5782099786534593e6,-0.011370060448340187,-0.0052621543503747256,-0.0013482288133318452,0.0010202129976746852,0.0022535976696214785,0.0026412714702836334,0.002391116011898441,0.0016531537926195209,0.0005364356457426542,-0.0008789978268842505,-0.0025337987776756837
13.041201012663509,12.852095825529716,-1.8073394922253176,-3.171610691079503,13.967853517168917,461021.98592991516,381587.6390212734,0.1640901196166916,0.04193599753926199,1.1645595643735589e6,-0.0021714180144679096,-0.0003455240109041064,0.00011292635846616365,-0.00028592013400429464,-0.001266954850472006,-0.0026648376236340352,-0.004373273763872751,-0.006320631984475303,-0.008456844880335079,-0.010745809266765063,-0.013160736439505943
14.18582958211655,13.048002758687728,-3.0592187127060866,-1.7925137575499233,14.655066241467987,1.4481965506519394e6,464168.42891230335,0.04692434229458748,0.16654099934700933,2.3153380053332746e6,-0.004827954758518403,-0.0017419744417442335,-0.00029687235362764615,7.705354924766876e-5,-0.0002957011997034968,-0.0012102497839977873,-0.002529508906515206,-0.004158262211933921,-0.006028643731426828,-0.008091380457421294,-0.010310178976223508
13.994466227458894,12.070297225605456,-2.0635823437387657,-1.5559625535445112,15.928500561182542,1.195967725139038e6,174607.7355131837,0.1269982028083833,0.2109861993552305,8.272940459517823e6,-0.012577013738608376,-0.005941752971913864,-0.0015568097340604096,0.0012093217698277918,0.0027638824677543093,0.003404213748935123,0.003349357541382513,0.0027598182117269995,0.0017536058293117212,0.0004183560937098818,-0.0011800934393965538
14.871620003827658,12.011031207817005,-3.967810764774235,-3.4013093613389165,15.469080132035401,2.8751632230236256e6,164560.11247518024,0.018914796780656513,0.033329600886424296,5.225599740168115e6,-0.009808340967483875,-0.004431501258054307,-0.001103579933342441,0.0008042643120628021,0.0016797447180849135,0.0017887325338530819,0.001319486783156109,0.0004074843086411172,-0.0008482851160720982,-0.0023744252826686596,-0.0041158586032970235
13.43562257175591,12.799652184828263,-3.0749723157079902,-1.993265178195562,13.98468106647582,683938.015412151,362091.4867939645,0.046190907126540545,0.13624981841200995,1.1843220587003806e6,-0.003360411189959344,-0.000966407246066967,-6.92596309572289e-5,-0.00012352730555081437,-0.0008268767185620419,-0.0019931405523404655,-0.003500314658388168,-0.005265165736456698,-0.007229339130014877,-0.009351088136505412,-0.01160001771281911
12.317310668012798,11.560096799152968,-3.5208277512723103,-2.975041135133033,15.761204795201568,223532.18072392175,104830.16035923923,0.029574944335329388,0.05104533420435372,6.998488780424817e6,-0.0053355745444808415,-0.0020147699597183387,-0.0003862881647687584,0.00017033046479831296,5.328057823535062e-6,-0.0006635808554763373,-0.0016931399872728203,-0.0029854068989036775,-0.004471525495223882,-0.006102002235762495,-0.007840542591432693
14.443470307943528,11.847681045945158,-2.819273025684327,-1.0841348977138163,15.929870102650757,1.8737836894745233e6,139759.87437499437,0.05964929045278936,0.33819423198184645,8.284278356629176e6,-0.013260806099083158,-0.006339791080110604,-0.0016850502159824813,0.0013326663451814617,0.003119387353277294,0.003974318168567402,0.004119112575178782,0.003716401034201337,0.0028857252772202073,0.0017159122331093085,0.0002738989028940022
13.110280210563934,11.314612007440994,-3.729996896569868,-3.725725300524242,13.960852310657902,493994.7707382514,82011.27423293726,0.023992910296914405,0.02409561752338213,1.1564347174225575e6,-0.006453893753041138,-0.002631886520831457,-0.000573463676253989,0.00033948666163822946,0.000462377476802533,2.1643633507862826e-5,-0.0008301109824764743,-0.001986273709092308,-0.0033704782887540074,-0.004927016602599466,-0.006614651373853673
13.679569993190176,12.680297454887228,-3.4225594556325927,-3.9481986829497675,16.390502949343926,872894.5116294672,321353.63258914463,0.03262881596832976,0.019289416855037714,1.3131217247663176e7,-0.003719213121213531,-0.001160554449617543,-0.00012796334778371123,-6.99456724762911e-5,-0.0006791664082883778,-0.0017653085201393536,-0.003202957231843461,-0.004906097683743176,-0.006814141560680247,-0.008883597252979781,-0.011082757971795887
13.128505953858076,10.450284453639279,-3.261004178366023,-1.264620050653126,15.248940490163687,503080.74038186343,34554.20238007254,0.03834986856721447,0.2823465531515794,4.193056454977284e6,-0.015558140520199697,-0.00759904405023015,-0.0020673437376977134,0.0016797892808974118,0.004067686663074931,0.0054240144777036115,0.005997532411247508,0.0059724005574966,0.00548439513354435,0.004634651567720588,0.0034996779196850595
13.11969301274888,10.726567913170097,-2.1883292670032017,-1.2742735139027843,14.646500897681491,498666.598798352,45550.091577546824,0.11210388790850168,0.2796340446921364,2.2955910298805167e6,-0.013035513684920659,-0.006204121515122901,-0.001644005710102866,0.001298409737666422,0.0030399439128066504,0.0038811458386187677,0.004041547448398296,0.0036811599389119337,0.0029171736657283846,0.001836272010292711,0.000503255750265434
12.900450659143914,11.51460042514262,-3.5530822575880237,-2.9456601043135953,13.831910307555908,400492.6363358675,100167.63637016898,0.02863623922213918,0.05256734842751426,1.0165349636325011e6,-0.005923935817266882,-0.002340355054979048,-0.0004842936097994296,0.00025751391194511747,0.0002354884822051673,-0.0003289618112917278,-0.0012878231757127748,-0.002538467296460652,-0.004007899653740043,-0.005643213280974656,-0.00740545491404989
13.631506124499317,12.848456998567196,-1.4555122773206612,-2.048028573954847,14.290460306983809,831932.1154766154,380201.63088308135,0.23328082880826337,0.12898894525956342,1.60793339522597e6,-0.004735815687004226,-0.00168683709159662,-0.0002796247854873524,6.134707188078307e-5,-0.0003382509782328145,-0.0012748509157037805,-0.002613775113046091,-0.004262452203509803,-0.006155374856861978,-0.008245035566752459,-0.010496190885335105
15.412413091439896,12.36065800874442,-1.8775415868205907,-3.0704090469206284,16.141008481214357,4.937714308189689e6,233434.7815042836,0.15296569677371072,0.04640217031003485,1.0231773455525244e7,-0.011021594115839344,-0.005091741535805423,-0.0013006964046008004,0.0009793909483490652,0.0021455411620797168,0.0024779471327744766,0.002178111583993332,0.0013916374140147821,0.00022467552774799865,-0.00124442095255217,-0.002957077201468432
13.059663052898022,12.131382758426168,-3.614453327219183,-3.7629017854035833,13.97788888726434,469612.44710173557,185606.2472325999,0.026931643990397432,0.02321627389090653,1.1763051878659246e6,-0.003595775863431244,-0.001118605077823843,-0.00012412863481380283,-6.438490309423191e-5,-0.0006364952966093164,-0.0016540887640561458,-0.00299491659469637,-0.004575416377211759,-0.006336840391736165,-0.008237007016382454,-0.010245060849244331
14.459649167270191,10.258364167137115,-3.970606951519119,-2.7948048739946234,16.341925809291055,1.9043459366942758e6,28520.093905359936,0.018861981351929288,0.06112680059741033,1.2508585534838522e7,-0.017237651985438293,-0.008482903976122651,-0.002317086968059622,0.0018854386125221113,0.004569104810574469,0.00610261214512632,0.00677299193987323,0.0067923839832659235,0.00631556047390024,0.005456517230451318,0.004300733211246021
13.002375492081809,12.451581767111177,-2.0755609154098877,-2.484126680791886,14.266875837923058,443465.59076864185,255654.38867973437,0.12548602070617773,0.08339835610425249,1.570454833010171e6,-0.004503324976702943,-0.001553329706347238,-0.00023947585457815133,2.668564847387052e-5,-0.00042448622971356465,-0.001388728327436188,-0.002732396404872747,-0.00436463191013911,-0.006221853165360044,-0.008258478359123047,-0.010441086088287956
13.164567818458835,11.04382738817879,-3.626635005184185,-2.059291072157641,15.958128901339055,521553.8554968536,62556.622661919515,0.026605561524394302,0.1275443575980925,8.521721235427009e6,-0.014293665450864206,-0.00680574815277394,-0.0017919833830870218,0.001398284826687145,0.003219750974201494,0.004024078798029259,0.004074335074932659,0.0035620896277734687,0.002626326831127754,0.001368790730199666,-0.00013513273743352935
12.72272646739704,11.494058242915358,-3.9078595780627325,-1.4878883840598731,16.29877101244806,335281.73836360907,98130.96498717985,0.020083442129397746,0.2258490588447308,1.198026190718474e7,-0.015515339238039438,-0.007548108286565173,-0.0020387411293556704,0.001638030431108568,0.003902601570324787,0.005086094400326384,0.0054443309733596046,0.005169504397267305,0.004405141199935664,0.003259265532845382,0.0018141814882973602
14.51607865167762,10.861137306254093,-2.428176217223051,-3.1991556739392855,16.56623870392122,2.0148970327350437e6,52111.31101815337,0.08819753914375786,0.04079663510297976,1.5654026151191903e7,-0.014326708527263062,-0.006875744053914296,-0.001831538007146865,0.0014514434965131966,0.003409626558967654,0.004374759960995125,0.0045940657096059205,0.004247861709388123,0.0034674013724647606,0.0023491228016087966,0.0009647589604976876
13.74989662254109,12.996078871702387,-3.2871359779781857,-3.718958165945013,16.54317707047796,936492.3410297785,440682.02900484984,0.03736069817687766,0.02425922877524366,1.5297149632506639e7,-0.002989486482018982,-0.0007688319938587883,-9.796454601681253e-6,-0.00017802041539730857,-0.000978681224771713,-0.00223080744350742,-0.003816009540085517,-0.005653591642769041,-0.007687008118028193,-0.009875828790505425,-0.012190637983755472
13.704232036205754,11.273105368427826,-1.9129614349366393,-2.2162897593453796,13.954705468545107,894689.523723844,78676.93908690706,0.147642504864318,0.10901282323166098,1.149348098278494e6,-0.008834951130505359,-0.003909093679219575,-0.0009516782084816545,0.000674115968320302,0.001348810350071257,0.0013242640397382642,0.0007742842572616306,-0.00017834548128387552,-0.00144533618414872,-0.0029622349083048534,-0.004681335680401248
15.027942004357575,11.800989544906288,-2.3224279417545097,-2.483703631064974,15.105082091015873,3.3616483915373585e6,133384.27739445734,0.09803527248476353,0.08343364522002639,3.631230360196063e6,-0.010557767522570555,-0.004852450277590846,-0.0012343317424233528,0.0009255729516398878,0.0020170480209742757,0.002310499436339999,0.001999046632007253,0.0012222280537776198,8.206860336877211e-5,-0.00134588457525236,-0.003005050937575203
12.900070481348216,12.360159707204456,-3.482919448901198,-1.5123562217629503,13.851407857903704,400340.4068671575,233318.4895698104,0.030717601531376364,0.22039007780222084,1.0365493873394727e6,-0.004788042031845869,-0.0017252914290115382,-0.00029592662675968366,8.181657548874222e-5,-0.00026270845436018224,-0.0011229045808498351,-0.002361348064934421,-0.0038831400584685514,-0.005621084523163097,-0.007526759547199945,-0.009564784570881456
13.46692188365545,12.387521451027016,-2.3679617759746394,-3.571061200074393,14.951458043836872,705683.3362673132,239790.63106548728,0.09367145524842174,0.028125990534468782,3.114122732821491e6,-0.0045126214949618325,-0.0015793360325732863,-0.00025218808250071425,4.167145266939422e-5,-0.00037591636653083336,-0.00130481512080816,-0.002613049522539875,-0.0042101838364384,-0.006032527009686411,-0.008034250454829089,-0.010181740073098213
13.81988975539853,11.35594136246286,-2.1103533567812645,-4.074398196573702,13.921628817754378,1.0043888001315916e6,85471.76465771672,0.12119513374385205,0.01700244372761221,1.1119533681032106e6,-0.00818679356094017,-0.0035626652149490447,-0.0008489075212240211,0.0005825198831911055,0.0011028617859872127,0.0009553295985460791,0.00030675207182879826,-0.0007253308895132222,-0.002056475076334506,-0.003625051047057368,-0.005385458351833956
12.999328927635906,10.95702004736056,-4.059611974518448,-2.477177060345266,14.377053231946935,442116.60020356555,57355.27212977056,0.017255713473001495,0.08397996165313035,1.7533753014489564e6,-0.009513853418707238,-0.004239820706115865,-0.0010417183993807028,0.0007490433707900908,0.0015419238633311285,0.0016125136082522056,0.0011528870518726577,0.00029979899020907066,-0.0008476219148880183,-0.002216447905109924,-0.0037524137202208513
12.41405733937778,12.71039684813747,-1.4752358279618467,-3.7644536020237394,15.330942840566516,246238.86491133776,331173.2224511106,0.22872478098555415,0.023180274430729137,4.551388187581489e6,-0.0018816739469552448,-0.00019888053169832254,0.0001543418353137044,-0.0003213463095033784,-0.0013590213251504816,-0.002799645979013974,-0.004541421510278471,-0.006515708424842354,-0.008674284625818556,-0.010982085284306005,-0.013412839448188883
14.065927986402121,11.909575906341685,-4.3155731231473355,-1.4661178890992255,16.187240721498107,1.2845615172956206e6,148683.6102812583,0.01335889100205425,0.23081981624211362,1.0715916542525345e7,-0.013757116053090766,-0.006600063349811992,-0.0017589431502148124,0.0013939777790596916,0.0032689193443646352,0.004173521242601266,0.004338181730793323,0.0039329552849977625,0.0030833271145008384,0.0018828621178202034,0.00040232911494770445
13.895186920391543,12.021300388451866,-4.475876430775017,-3.7936469010302103,16.156567654600597,1.082936532004122e6,166258.7167049947,0.011380243756622247,0.02251334800443578,1.0392216335301055e7,-0.00677777006769367,-0.0027830107895303498,-0.000608819241939304,0.00036042312520888353,0.0004851410699482281,-1.4846536454066404e-6,-0.0009406751362627912,-0.002220720450204267,-0.0037611915709712144,-0.005503243356900044,-0.00740335183959984
13.01698388677441,12.727244468116629,-3.6081894231930858,-1.9902169537207852,14.000713356280187,449991.46134356904,336799.9685988981,0.02710087068016852,0.1366657720811793,1.203462475545178e6,-0.0031750995422977985,-0.0008571602015292536,-3.515342173713591e-5,-0.00015439629160502236,-0.0009082909329988866,-0.00210895857566422,-0.0036339581392884827,-0.005400262067664398,-0.00735003995361806,-0.009442206874581714,-0.011647059695992805
14.26421223757937,11.180589401898565,-2.0864846209770396,-2.9703931099011847,14.344620600914253,1.5662773350395984e6,71724.62423722382,0.12412270813244432,0.05128314645623335,1.6974210044306435e6,-0.010151622203964136,-0.0046266993571525,-0.001167228538088544,0.0008674921035585779,0.001869495359228062,0.0021060246143441387,0.0017655166286342236,0.000982962240539783,-0.00014364623537316848,-0.0015422973836974865,-0.003159497084954596
14.75078870341759,10.691354384431467,-4.001612840557518,-4.025562260017926,15.244664104815326,2.5479220521224895e6,43974.02441778227,0.01828612249251634,0.0178533830872389,4.175163615394779e6,-0.013363760953031855,-0.006381800164583962,-0.001695233529312547,0.0013411799347931765,0.003144734433262269,0.004022139764128598,0.004200197220069463,0.0038454928181251807,0.0030809460047923824,0.001998395253016414,0.0006674273886487616
14.123271791494004,10.297365010845754,-3.1707233632576726,-1.8716843847364242,16.92913632340197,1.3603761379482334e6,29654.37685336739,0.04197322503066664,0.1538642767850672,2.2502485402376287e7,-0.021064420362541282,-0.010650512734809098,-0.002991161078217146,0.002502458381884498,0.0062454224446050486,0.008627128660447726,0.009972675202009486,0.01052846213029469,0.010475365420421896,0.009946492437814664,0.00904142409282096
13.235290710130384,12.88211077977956,-1.4439011849637593,-1.4761462497082336,16.143216320045735,559775.2876521259,393214.59291538724,0.23600526026091592,0.2285166397335452,1.0254388518294567e7,-0.01125344969855525,-0.005160281652754229,-0.0013010967334398454,0.0009595539109015728,0.002034286265798756,0.00222215883563481,0.0017423797386806638,0.0007551307321427708,-0.0006224095935053081,-0.002304107509151714,-0.00422625368202996
12.858555454771077,10.145525316292003,-2.0587641000376484,-2.6562109230940694,14.849881483218558,384060.5320797705,25476.84593954838,0.12761158763122982,0.07021376369801943,2.813335880286026e6,-0.013587611873550471,-0.0064445031790856325,-0.0016993416503781672,0.0013352571369107176,0.0031125279405277463,0.003961832350963316,0.004121385722209956,0.003761940319087087,0.0030061466237656324,0.0019428557886590689,0.0006371079266527682
13.449582679501363,9.948609012636773,-2.218375959061517,-2.8232344904792077,15.069226174518699,693552.8195014308,20923.09836547927,0.10878563777029919,0.05941345931540725,3.503335856903215e6,-0.014757852193402896,-0.007103854935043634,-0.0019018955364891329,0.001518913746160201,0.0036084980248618933,0.004705627434931504,0.005061324608475957,0.004858031528436126,0.004228028020180408,0.003267923583968722,0.0020489692010354607
13.413728691200003,13.064387369620185,-4.085482724350903,-3.84815516501366,14.61169245074365,669126.6885419589,471836.29398081364,0.016815020336729106,0.02131903027483647,2.2170597758817514e6,-0.0013768045211084018,6.334649151310039e-5,0.00023109932903279061,-0.00038893058326777284,-0.001536380079593949,-0.003054544578217133,-0.004842487387192633,-0.006832359865169594,-0.008977245572650583,-0.011243998052527425,-0.013608716978353025
14.697306507406854,9.95769205769894,-2.3349209867541503,-1.806286070061053,15.659179447448636,2.4152334508291446e6,21114.009525568476,0.09681813213912328,0.16426306686287057,6.319681993978656e6,-0.018310425124506806,-0.009128996004669843,-0.0025334131736080264,0.0020994949566064593,0.005195461242175122,0.007111404185409331,0.008130298592070857,0.008463849023595187,0.00826756296347567,0.007656331903144417,0.006716355844344251
14.962381729019468,10.18678710182067,-2.7783111318895752,-2.692698446803322,15.9947352249952,3.148326906866908e6,26550.055095305197,0.06214337075937226,0.06769801318719604,8.83945008407655e6,-0.017905883285472938,-0.008887291919341518,-0.002452198726393477,0.0020181906994994514,0.0049538763227466595,0.006715920050877801,0.00758951817286832,0.0077873117910455545,0.007465100780869589,0.00673778749425053,0.005691484374861987
12.754924823893438,10.321797568844422,-2.782404394739422,-1.8744822502728526,15.899148495475803,346252.9387780981,30387.83275163342,0.06188952149878529,0.15343438689524966,8.033641704238811e6,-0.017657304090258796,-0.008713689516520136,-0.0023875046985984026,0.0019484590051612309,0.004733864479571821,0.006336645318375914,0.007047625122046121,0.007084750985907602,0.006608631274243284,0.005738142550151839,0.004562341926262276
13.062537505165452,10.59619672608578,-4.383484296627913,-2.393688932449261,14.17657479918787,470964.2676060952,39982.483556030966,0.012481792498989272,0.0912922908559761,1.4348556347995047e6,-0.010560490961246491,-0.004819849064387301,-0.0012195392693759512,0.0009121484521518894,0.001991281080027642,0.002302961679215957,0.0020487595674626015,0.0013737018308577374,0.00038384402719512565,-0.0008421086269874978,-0.002245061146876795
15.03378090653592,12.861207259694925,-2.1195505685074343,-1.1683832110053491,16.303923814451128,3.381334143314537e6,385080.3372543756,0.1200855866297443,0.31086914498975676,1.2042153144441647e7,-0.011238074530998565,-0.005227788552356952,-0.0013470674646631029,0.0010255344875288606,0.0022803327847068498,0.0026933035830069953,0.0024639157737347383,0.001737073148873077,0.0006189844138258493,-0.0008114817234608735,-0.0024949284972803636
14.60147271313864,10.176008213492894,-3.8389060624600204,-2.828823477439044,16.544460779555013,2.194517391543332e6,26265.411841182264,0.021517126867850834,0.05908232448215208,1.5316799331893262e7,-0.018050088287804335,-0.008936121846119426,-0.0024551557161195613,0.002009390810916672,0.004900830493188934,0.0065971069990132854,0.007396053448822516,0.0075182481316308225,0.007124323191029975,0.006332270186365856,0.0052303801332880375
13.686452905484124,11.718992431512376,-3.9578410124046584,-1.7719305448865725,14.74446734385106,878923.2919772248,122883.54921037807,0.019104315779642465,0.17000447055648243,2.5318665205419376e6,-0.009442208806294032,-0.004223109752052835,-0.001039406730849371,0.0007460619621015004,0.0015232321290782743,0.0015569715933802066,0.001033806327519349,8.77083462860243e-5,-0.0011834866100097635,-0.0027073148139477327,-0.004429538897507885
13.288641547154072,10.29246379823665,-3.3016675416325345,-3.936178607210759,14.215827469436217,590450.7735636027,29509.390043446936,0.03682171443598786,0.019522676195587833,1.492297548924121e6,-0.010310469667802689,-0.004701557149194211,-0.0011908933271754768,0.000893407386248181,0.001960537584846215,0.0022867654485576637,0.002065613246902482,0.0014354323993798345,0.0004967982495747991,-0.0006761142291996383,-0.002027936190144591
14.014956716942821,12.225287545312838,-3.187926782307133,-1.4405244871202165,16.715402242430493,1.2207264825008728e6,203880.1388135517,0.04125731773464541,0.23680352570641694,1.8172176933794353e7,-0.014547324048156887,-0.007032722283528049,-0.0018882083713001815,0.0015078372875024807,0.0035667617108586084,0.004604422685079807,0.004860796282664516,0.004514152146674399,0.0036963781445379113,0.0025059156290954516,0.0010172724430923435
14.312591162159249,11.6739902373014,-2.726174076508859,-1.0821569049315038,16.058003685953587,1.6439150198266972e6,117476.10583619156,0.06546929161975994,0.33886383975307793,9.41677928186854e6,-0.014262289766440138,-0.006892713877870221,-0.00185315480090398,0.0014848212411311212,0.0035321993273268837,0.004599125201218871,0.004918453729656153,0.004661782698169412,0.003955257403709969,0.0028925033475469698,0.0015440181419450571
14.940993723550992,11.005567747778143,-2.53068249715021,-3.4471254510171523,15.709566209211605,3.0817054632937172e6,60208.43560313977,0.07960467178002421,0.031837022048194046,6.646269044264611e6,-0.013690731783621573,-0.006556685971966462,-0.0017452249060519599,0.0013827167332323511,0.0032460177149626823,0.004156755693404852,0.004346772535621331,0.0039859905006667485,0.0031990024497987168,0.0020780631060735733,0.00069232407837062
12.212395334078629,12.075857638659523,-3.0110592160776743,-3.4022000834258055,16.042116796221638,201268.54378734907,175581.33093292988,0.04923949586318424,0.03329992669245947,9.26835804539319e6,-0.002650001666176358,-0.0006334688979527937,1.3957278128518623e-5,-0.00018228369023355417,-0.0009386925397296908,-0.002084918485350488,-0.0035115560738062613,-0.005145054303283543,-0.006934211918408002,-0.00884230097211757,-0.01084220405335518
12.670332368697437,11.347752507707028,-4.409930652672158,-3.20404367131915,15.027898249436443,318167.2187555478,84774.70673946783,0.012156021288279674,0.0405977078315525,3.3615013060949943e6,-0.006183259714894398,-0.0024709280504842867,-0.0005224375534548862,0.00029245370201568866,0.000335552760344857,-0.0001639848861007909,-0.001052711567104185,-0.002224033632283498,-0.0036019610397438158,-0.005131270625497921,-0.006771195649122097
14.306289353490158,10.496319834006657,-1.8728818632486792,-3.748580825701374,15.600277671653242,1.633587955671072e6,36182.10121658923,0.15368013789300058,0.023551145330721925,5.958192204592736e6,-0.01359650321124485,-0.006493838804228583,-0.0017248472178515468,0.0013647649572309014,0.0032021113709711957,0.004101400671937377,0.0042936700868685986,0.003946971548421428,0.003183609461673479,0.0020933021578552987,0.000742516499636406
15.346504120925204,11.475071993178746,-3.427276453231915,-1.9355385676108607,15.59261670634093,4.622767551949261e6,96285.40158292218,0.03247526834831953,0.1443465075318675,5.912721099461683e6,-0.013170272162537404,-0.006287453501286513,-0.0016685284834582709,0.0013172614124789656,0.0030768168029039426,0.0039096939386205655,0.004037791024425061,0.0036240704497679994,0.002788517257318038,0.0016204661582387655,0.00018735727238038496
13.845067458883788,12.604288426374495,-2.071116530260415,-1.7778355874349567,16.430243273887754,1.0299980416401704e6,297833.06571858365,0.12604497008617613,0.1690035450866559,1.366356383674041e7,-0.011622105504242912,-0.005339024486224494,-0.0013472459667090001,0.0009948484894243608,0.002116983480791505,0.0023347423166388136,0.001878273410909195,0.0009135994218412846,-0.00043945138132417004,-0.0020937387276257174,-0.0039852954713893935
14.002630022673518,11.868168382585985,-1.8205626079957873,-3.148223195136295,16.635868359920032,1.2057713235665783e6,142652.7140767788,0.1619346195888974,0.04292833441740155,1.678285453615491e7,-0.009362902281090558,-0.004148317084122574,-0.0010078035480910821,0.0007102672230653246,0.0014087742879008115,0.0013598979081408558,0.0007526183637001509,-0.000279775320044943,-0.001641881954495493,-0.003264452196334625,-0.005096558829279316
12.850518580991714,11.926483748670961,-4.126060998076603,-3.6091000741404993,14.530532354138623,380986.25639026484,151218.90208005233,0.016146354246039586,0.027076202480372402,2.0442312381934584e6,-0.003972254364119028,-0.0013175605852171956,-0.00018425403452485253,-8.478374728825722e-6,-0.0004770459261700529,-0.001396540357654359,-0.0026397062725347004,-0.004119307870830843,-0.005773836341861677,-0.007558998401421337,-0.00944230229256137
13.268824700920014,10.073212296929777,-4.520101345181565,-1.9480737618726756,14.360567061938205,578865.076510217,23699.5726882676,0.010887920174391549,0.142548389443672,1.7247058323566443e6,-0.013412669391155175,-0.0063949242106662195,-0.0016982402076234728,0.001345420528925606,0.003165499003944155,0.00407404147963313,0.004300397115599411,0.004012957525725115,0.0033363373057914065,0.0023640208982511996,0.001167114118041271
14.931613821158269,11.820211623390307,-2.5029537575579397,-2.6112559591378375,16.910165123536505,3.0529345121465265e6,135973.00105969945,0.08184289716934211,0.07344224535451885,2.207961016256792e7,-0.01395846299287612,-0.00666050201608773,-0.0017594602064100362,0.001378391049843146,0.003187536399815943,0.004000433147650686,0.004064902856553334,0.003561222085283886,0.002620124898618998,0.0013373345722097058,-0.0002160938441492262
14.817737944158702,11.833385913827264,-2.949428087210265,-3.0817731728026825,14.865235148542835,2.724343239922412e6,137776.20072480442,0.052369648257053765,0.04587783515364661,2.8568642023890326e6,-0.009596418450873173,-0.004327542575458215,-0.0010762811722203269,0.000783442522918828,0.001633523599036738,0.0017337924217888992,0.0012676389572193925,0.00036694352352557565,-0.0008719508873308515,-0.002377667494063597,-0.004096731428770897
13.95465267101071,11.784599690321992,-3.6585210597880913,-3.1157298325258833,15.473297215942473,1.1492874171346617e6,131215.94633867656,0.025770597729964234,0.04434613008587576,5.247683063624057e6,-0.008568046897558475,-0.0037324872117633166,-0.0008879919146174118,0.0006070290069458079,0.0011417020036645872,0.0009756116410171474,0.0002886339525389808,-0.0007916444510161562,-0.0021730134695376194,-0.0037878335947498726,-0.005585953569070482
12.232247162581908,12.13110323750509,-2.474453431135183,-2.7840215342423362,14.243507902547314,205304.01561999528,185554.37365362872,0.08420900370096723,0.06178951839003545,1.5341820070692499e6,-0.0036191742757224954,-0.0011082296623020516,-0.00011639876368607699,-7.438001443081927e-5,-0.0006705925757068157,-0.0017164795842923935,-0.003090634290614077,-0.004711434346569362,-0.006522146552358424,-0.008482199313973574,-0.01056179255803399
13.788864942704617,11.93570656967918,-2.1373583955802187,-2.508256182809052,16.221767040735433,973706.2470239055,152620.0181366836,0.1179660514389097,0.08141007982964298,1.1092358887661396e7,-0.01027933813404068,-0.004607958186344316,-0.0011335593225574173,0.0008126918015581098,0.0016595422110324105,0.0017036674474900254,0.0011528188381429558,0.00015354975295718025,-0.0011895712145134894,-0.0028009748495486696,-0.004625402911522792
13.354679272119823,10.610812138545132,-2.489247830820023,-2.7520819164318295,16.915679876396684,630759.0864080666,40571.135259605544,0.08297235235613301,0.06379490718960877,2.220171012196683e7,-0.013808210054082712,-0.0065276622734086595,-0.0017091165893817891,0.001328872680032453,0.0030544665451605548,0.0038157663727845233,0.003865627210546359,0.003384862760901731,0.0025030283157406854,0.001313908497465345,-0.00011383735005693414
14.790558042175018,11.023010779056957,-2.6272030774628092,-3.813557891100336,15.42581591828531,2.6512931025540777e6,61267.866207530366,0.07228034230409483,0.02206951816448218,5.004339121143321e6,-0.012712900741709663,-0.006022061157415145,-0.0015851201163756062,0.0012403868249195936,0.002867335960804206,0.003595258136352519,0.0036435867964722136,0.0031724888366942866,0.002299435737667501,0.0011115132619294026,-0.00032597561260575345
13.40144696221302,10.500349555012862,-1.5006591614196854,-2.756987917178598,15.320228998612322,660958.9157504915,36328.19915918173,0.22298312981897578,0.06348269580814547,4.502885622229387e6,-0.013842805245504812,-0.006591128191502506,-0.0017430418084025164,0.0013721596802688766,0.0032016813814339305,0.004075650507265331,0.004234971308795071,0.00385287533924461,0.003053838593514419,0.0019280008537223895,0.0005413652048659799
12.692249464298174,11.849664365051126,-3.766112003721756,-3.0044797068046067,15.472145724744742,325217.4987160804,140037.3378624564,0.023141864082949035,0.049564535711586734,5.241643880468228e6,-0.004939019540553891,-0.0017989018901277889,-0.00031913204620082547,0.00010630664105200786,-0.00018069766209962467,-0.0009673391809130596,-0.002113266272347347,-0.003522305842920643,-0.005126768366523233,-0.00687804073467531,-0.008740595806107126
15.340482549409561,11.383785276137141,-4.487315628852236,-3.7932122173246183,16.371764667552792,4.595014867778994e6,87885.07518478333,0.011250804645418434,0.022523136317227545,1.2887451804003228e7,-0.013615727806774856,-0.00651861274224216,-0.0017337010871405704,0.001371617334163242,0.003212647295230353,0.00409968974584085,0.004263706241850209,0.0038741871528786393,0.003055618909463626,0.0019004841027913466,0.00047851841195944495
15.11726818479592,11.621705033234525,-2.3260205970812122,-1.146348465675462,15.48439958337885,3.6757515929087223e6,111491.65602599332,0.09768369746295702,0.31779509295293457,5.306269390861436e6,-0.012462118128942577,-0.005899666272313852,-0.0015518180802504425,0.0012127813854114346,0.0027965884963304065,0.003490444034567627,0.00350738255957278,0.0030030603899566747,0.002091775850474971,0.0008583897033941739,-0.0006333053885916694
14.158738100606763,10.994688617771866,-4.2572092616432275,-1.4858090964714865,16.703169358332918,1.4094894443933372e6,59556.97031786584,0.014161769106182533,0.22631915255027074,1.7951232945888918e7,-0.018359228301621493,-0.009160290532876883,-0.0025425411016391512,0.002105836181562997,0.005203851537864132,0.00710629961825244,0.008095993011842417,0.008384866459969798,0.008128584016615058,0.007442108079820998,0.006411767204450256
14.375608157188026,12.716554814977858,-2.5222017243661856,-3.6583660886263396,16.40445822152737,1.7508433729115552e6,333218.8682184587,0.08028265174741199,0.02577459173890359,1.331575157702815e7,-0.006201330534969162,-0.0024697466221488096,-0.0005123288988750179,0.0002697084939835493,0.00022507406615115432,-0.000422120128196793,-0.0015203191953239088,-0.002963640975050448,-0.004676355248897805,-0.006603335160141272,-0.008703885581864796
12.914042847026433,9.924059647355374,-1.630766680178565,-2.8450211506046585,14.020254869057299,405973.37070101895,20415.703178238597,0.19577941637487287,0.058133037177931585,1.2272112405434533e6,-0.0130868790633029,-0.006201891688580207,-0.0016379571382173295,0.0012914119364079225,0.0030240476716972293,0.003869737348342753,0.004050029582662894,0.0037233092380227844,0.0030034603386290787,0.001973258810093746,0.0006936775688386894
12.754439113134115,12.586110327833284,-1.5616715912792145,-3.379292771930104,15.43002956038173,346084.80083679553,292467.9385447119,0.20978510299611566,0.034071542567087804,5.025470103061757e6,-0.003165058446953068,-0.0008608171995190299,-3.8140469634053886e-5,-0.00015114167336372706,-0.000901950963504566,-0.0021103335187187453,-0.003659939602022017,-0.005472097887765517,-0.007491627493911092,-0.009678591941497375,-0.012003261362394754
13.460602554402033,11.425306213102296,-3.2441409025392884,-2.878490582140077,14.401208903531467,701237.9516348261,91610.96173535171,0.03900205653643531,0.056219557627006214,1.7962449474362421e6,-0.008060192089720208,-0.0034698434540444464,-0.0008146556666763101,0.0005469794152684216,0.0009971492372299658,0.0007867296536963908,8.791811347307872e-5,-0.0009778202876670843,-0.0023230681509885036,-0.0038839555335917347,-0.005613283392395942
12.661011402538795,12.768064247830981,-2.5071836025791296,-2.2280975094183493,16.54940788416415,315215.37128338055,350832.5235970476,0.08149744551676338,0.10773319668283939,1.539276088040615e7,-0.0042163969193911265,-0.0013270826671987004,-0.0001554035853698892,-6.0310439510861804e-5,-0.0006841466812800668,-0.0018096045857255417,-0.0032973843607959465,-0.005054710846343682,-0.007017956605749783,-0.009142395990737386,-0.011395848394047598
12.847983497955155,12.123800758081202,-3.3806293802526,-1.4471778124630457,15.447486429698854,380021.647792574,184204.30209241968,0.034026032680954,0.23523322446276518,5.11396928983481e6,-0.010790013868205025,-0.00493498887641971,-0.0012445587763060353,0.0009208795441904169,0.0019661444540333617,0.002176935067363071,0.0017595844086771648,0.0008643289090474932,-0.0003983752695377185,-0.0019464574292302871,-0.003718409327976896
12.903827312686051,12.410572418468101,-2.7640050579792996,-3.3818453208284627,14.801123083474993,401847.24695323873,245382.23545214653,0.06303878809621978,0.0339846841909295,2.679452614956519e6,-0.0029819701043994843,-0.0007801953941687069,-1.9562422252392326e-5,-0.00016227173567120542,-0.0009143890959889507,-0.0020973743644548226,-0.003595641267780318,-0.005331126197412366,-0.007249469761817914,-0.009311865720802536,-0.011489958777910515
15.145187496100968,13.057239295323901,-3.554337809505684,-3.272411510389875,16.888800428762757,3.7798220739373034e6,468475.5986552318,0.028600307498861534,0.037914884603574055,2.16128894562003e7,-0.008013345881565576,-0.003436744337644903,-0.0007975492088173321,0.0005217994276664443,0.0008950964085762841,0.0005713252013144022,-0.0002772246061602745,-0.0015285073764457616,-0.0030943520933200282,-0.004909970543802904,-0.006927093599086971
12.969249464935652,10.688216913718543,-3.2652602937350905,-1.0658119543185762,15.509583886481977,429015.98785184673,43836.27341191393,0.038186993954640924,0.34444806510039394,5.44160105157248e6,-0.01573178579922483,-0.007700409369224888,-0.0020991938434263614,0.0017090533863480886,0.004147263046671749,0.005543560739366612,0.006147942849502973,0.006145538349156413,0.005672636892717794,0.004830545234998141,0.003695764781285611
15.15881908780588,11.872004557268482,-3.5178160986375837,-2.9599260974634403,16.269703712474286,3.8316998501723832e6,143201.00580593565,0.02966414805223979,0.05182274686365687,1.1637040466388801e7,-0.012422864979520963,-0.005848048550947438,-0.001525501452065341,0.0011789309536541664,0.002678276493837879,0.003273935700247356,0.00318658925924008,0.0025768030180235877,0.0015619339613742356,0.00022878762936922876,-0.0013575480344521294
15.285495533360505,10.488061769121769,-2.54428168081997,-3.9425965592465926,15.879060774154684,4.349169796018941e6,35884.53741869037,0.07852944092928096,0.019397781807948964,7.873874203373525e6,-0.01602251172856979,-0.00785427190196476,-0.0021423600753555086,0.001743743439938423,0.004228168316010329,0.005645924089875392,0.006254312573187627,0.0062441093440013425,0.005755486970000778,0.004892252417121638,0.003732379024126334
15.125033378311203,10.94489390086327,-2.728633857663928,-4.12655243617326,16.723844657851316,3.7044056234055357e6,56663.97356227304,0.06530844938943976,0.01613842126188594,1.8326243432179317e7,-0.014355575572763657,-0.006924168834975399,-0.001856633961418966,0.001482988683160305,0.0035161412489735995,0.004562428220676375,0.004861560244566793,0.0045897780481692265,0.0038763840801674613,0.0028171700699868717,0.0014840620241222194
13.65434687019812,13.027512884561705,-3.0220042835567336,-1.9492852467836381,15.744461285487926,851152.7364136905,454754.4511972474,0.04870350483801696,0.14237579878737613,6.882285059364595e6,-0.006540060149919542,-0.0025610396280609953,-0.0005147186282490947,0.00025211216109407664,0.0001310319505031604,-0.0006248729396904674,-0.0018459204218504168,-0.003415318813073126,-0.005250968745656895,-0.007294188385962796,-0.00950246211856311
14.6965857202653,13.108853501093517,-1.6752138734037638,-3.9930533497738936,16.523107753053935,2.413493208861298e6,493290.4862446453,0.18726812352766273,0.018443314170099055,1.499320644868774e7,-0.005743487512595157,-0.002231278064275201,-0.0004422588249513551,0.00020691749445551027,5.328448781994112e-5,-0.0006878653288960124,-0.0018714942476760585,-0.0033964752225324525,-0.005190487561267796,-0.0072007548069232385,-0.009388079042642336
12.455550330359682,12.397765433449301,-2.2172129614756484,-1.071196205585383,14.501515992800055,256670.9851704637,242259.66686329636,0.1089122288026672,0.34259845402329536,1.9857673918796729e6,-0.007825799219132673,-0.00335846729664306,-0.000783688441353826,0.0005193252017640647,0.0009175443893655981,0.000651385580975573,-0.00011398492508088238,-0.0012618093580379927,-0.002707819053995389,-0.004390215470115225,-0.0062630987008741815
13.636253986795303,10.585226463360343,-2.9619272443783062,-1.3886850738435377,14.578959201950514,835891.4062465996,39546.26231263455,0.05171914562886983,0.24940303568850522,2.145663103970084e6,-0.01285460588987379,-0.006103940147007891,-0.0016133924752443083,0.0012704885600743029,0.002963721391472844,0.0037657872741941,0.0038955512371386235,0.0035129697235655555,0.002735737416030548,0.0016514572913492024,0.000326096718285818
13.377247076324842,11.60716030827251,-3.0583186572771996,-2.257657250866893,15.974160551614869,645155.7737601809,109881.77656115714,0.046966595816019883,0.10459523834865486,8.65943946566192e6,-0.011289926375640478,-0.005140005022475272,-0.0012873253228420007,0.0009455947200752464,0.0020064492882285795,0.002213120954248837,0.0017911307627840013,0.000900475826769937,-0.0003443227619740009,-0.001860290884837695,-0.003586653131923555
14.919110187172153,11.996795473056432,-2.634196388421379,-1.2871308810050155,16.588450193453074,3.014999394071683e6,162234.07407668713,0.07177662676677174,0.2760617017996666,1.6005615597220404e7,-0.014885655183489048,-0.007238542267137473,-0.0019578963943896496,0.001578452189999695,0.003781365198130671,0.004967072166172836,0.005375670602056115,0.005184735321284174,0.004524780348049346,0.003492523016330633,0.002160686206190413
12.551170173220948,12.430834258014201,-1.8670676977590368,-2.2299064494397207,16.093216568058633,282425.5268998632,250404.8427342812,0.1545762622303602,0.10753848995122345,9.754278508050656e6,-0.006643656059790352,-0.0025932582490686504,-0.0005234292195050195,0.00026296011519917633,0.0001753535799363979,-0.0005289367899158748,-0.0016819352014633498,-0.0031706749816666447,-0.00491719499652618,-0.006866404692410208,-0.008978470897005021
13.18437843197233,12.937506283573363,-2.5572314126710713,-3.89786510573217,14.647664081517847,531989.1811710362,415611.53113414044,0.0775190619151136,0.02028517194838849,2.2982627778271316e6,-0.0014923921817372899,1.7500319763761006e-6,0.00021276589019339,-0.00037269390636364614,-0.001494141508706581,-0.0029956406204093827,-0.004777271458395452,-0.00677204276804185,-0.008933520989975562,-0.011228610836058448,-0.01363308435129516
13.680604950756978,12.084624881622474,-3.770435404561058,-1.1600802088054576,14.309237991321579,873798.3880654948,177127.46287462156,0.02304202849848344,0.3134610375388815,1.638411923489971e6,-0.0071233953621453105,-0.0029868273262385015,-0.0006743350843939712,0.0004226416702421949,0.0006604771031323727,0.00027086377493933084,-0.0005875109202476231,-0.0018023898907858263,-0.003292533122504604,-0.004998195407998589,-0.006874955168583836
13.663411261476465,12.499547167493443,-4.048179778706052,-1.6203898336980873,14.344672475286647,858902.9904563599,268215.80218292103,0.017454116096277398,0.19782156653731395,1.6975090593638143e6,-0.005678676256474284,-0.00219803377289679,-0.0004344450185805578,0.00020307566394320525,5.4907358098729856e-5,-0.0006617373401560343,-0.0018002780751253387,-0.0032582145091886714,-0.004962119172468677,-0.006858525887830245,-0.008908060834762522
13.277053006603266,11.1928376327125,-3.447070093974014,-1.5782344081515505,16.680678779693555,583647.8052014086,72608.52605651758,0.03183878450037858,0.2063390873928735,1.7552005584984206e7,-0.017632539559939694,-0.008733103015216393,-0.0024031067007936565,0.001970010051238085,0.004806651228259902,0.006458005478140869,0.007203146255086149,0.007252589264801919,0.0067626453023804135,0.005850081750947189,0.004603415786446957
14.901744972083621,11.032107898121623,-2.796334745601512,-3.978664446221495,16.3005137491228,2.963095248730127e6,61827.77017644071,0.061033355938147585,0.018710611686199297,1.2001158552369522e7,-0.013368041311996206,-0.006376908540178143,-0.0016902421067672728,0.0013328131270553287,0.0031106647695031114,0.003952547686465666,0.004087075531977477,0.0036815173904049324,0.0028585321369362093,0.001709029358262068,0.0003012381344316311
13.003875033957664,12.278885794310469,-4.030207957908736,-1.7731011386098916,16.079908413743393,444131.0848359074,215105.91082586622,0.017770634025485163,0.16980558082256128,9.625327020756066e6,-0.01049873387172248,-0.004654965121576849,-0.0011228995931870198,0.0007805926356542203,0.001515850629477472,0.0014101615329085633,0.0006940401403928481,-0.0004706727750025596,-0.0019694901066789248,-0.0037204966415339347,-0.005664483075409773
13.580373246449476,11.931654200587863,-3.1817922914765813,-3.996968777707607,14.130693761580833,790462.3026003666,152002.79694116913,0.041511188259046795,0.01837124189158923,1.3705103704151856e6,-0.00559882993739207,-0.0021716847395469377,-0.00043292350418788273,0.00020834544945678928,8.912220592203401e-5,-0.0005773839033482671,-0.0016482661643879484,-0.0030241634629332393,-0.0046342517569404815,-0.006427149974042892,-0.008365064171045539
14.075131230127612,12.486423663162965,-3.633008266734508,-4.08485803381395,14.194432983248612,1.2964382182772786e6,264718.8671510449,0.02643653651453194,0.016825527802427614,1.4607097172071852e6,-0.005001769050171959,-0.0018525523847179896,-0.00033594190918772335,0.00011821048470410398,-0.00016636000753319458,-0.0009852892755083048,-0.0022015963426749146,-0.0037198898285795466,-0.005472023398537259,-0.007408464540508678,-0.009492754639763566
14.122584371251829,10.302847106514005,-1.911090394648442,-3.559572391165531,15.19183801188797,1.359441309200951e6,29817.391406686995,0.14791900853325657,0.028450988007254662,3.960330391264794e6,-0.013723473129655168,-0.006561849785542445,-0.0017456395186185758,0.001384241124316606,0.0032578238879614864,0.004191252148009714,0.004416841270675743,0.004103471582750899,0.003373963153184051,0.002318330658287163,0.0010031893453002223
12.579124872283561,10.960957203199591,-2.7574341618617275,-3.2900910715737393,17.030424402029936,290432.0358927802,57581.533895975226,0.0634543733125219,0.03725045678401106,2.4901146437206633e7,-0.008017269069253602,-0.003436783240433924,-0.0008057065559628103,0.0005426120829386535,0.0010011396996992997,0.0008233024539727591,0.00017984344434621283,-0.0008108679257001906,-0.002064943703773047,-0.003521834565484772,-0.005137110431717683
12.485320241878622,11.281901070074962,-1.8705138529815617,-4.101352181480754,16.91023047540077,264426.9318121168,79372.01030802798,0.15404448525627612,0.016550281280866316,2.208105315340485e7,-0.0063215922146126445,-0.0025602144939607056,-0.0005519795933249556,0.0003196795252265408,0.00040459925586234,-7.848422943766584e-5,-0.000985071453736183,-0.0022160273929528605,-0.0037012852001184144,-0.005390033739283757,-0.007244542437259902
13.774744760615892,12.167266992758167,-4.477739432914614,-1.532532787627019,16.94324325420874,960053.9508009253,192387.528178991,0.011359062075039984,0.21598792241059625,2.282217603205905e7,-0.01526260086879462,-0.007408458383787868,-0.001994028384068102,0.0015938092628785955,0.003769165984398235,0.0048605973965468695,0.00512313280788112,0.004748644991592003,0.0038802011613830855,0.0026250574831444993,0.0010644999700622569
14.238965873121334,12.031147052898259,-3.332281078096876,-0.9914198179857445,15.718551531555278,1.5272295084275566e6,167903.89697612193,0.03571155125034201,0.3710494941034466,6.706257016043068e6,-0.011978578007056586,-0.00563369691051024,-0.00147092755528603,0.0011392125754899616,0.0025953660363213153,0.0031827103490688047,0.003108858830620507,0.0025251754865674592,0.0015428421850281848,0.0002445736239603,-0.0013072364140937513
13.96790486114535,12.910333572388767,-3.2218829584539743,-3.4211257653049985,15.190825128979471,1.1646193590274204e6,404470.29336020694,0.03987989533246622,0.032675629135958645,3.956321071128166e6,-0.00400659741424488,-0.0013046244980313357,-0.00016761625826220233,-3.763359939951397e-5,-0.0006015652864975404,-0.0016644714688090283,-0.0030973932550350403,-0.004811600838831445,-0.006744397046533779,-0.008850633128768524,-0.011097295418938226
13.511606362470078,11.027016095936599,-4.216536184291897,-3.161594134368199,15.110494848202446,737931.5602325905,61513.755529833106,0.01474964617983382,0.04235816262743716,3.6509386183146075e6,-0.009736379929084786,-0.004364578039049255,-0.0010794127954560438,0.0007824157331740901,0.0016289891395584522,0.0017366866073919654,0.0012990285292593005,0.00045426256410407447,-0.0006970948618587242,-0.0020808549679117725,-0.003641631338328972
15.214497255194644,10.758621480766347,-2.8410663368145155,-2.2577943842991406,15.433925796955709,4.0510929026880306e6,47033.78634146498,0.058363397731325296,0.10458089582806537,5.045088718042736e6,-0.01493538375871949,-0.0072588813639977235,-0.001963461843869868,0.0015842063838886436,0.0038019592708733456,0.005009942658056296,0.0054506355212226056,0.005303430011568575,0.004700484822114398,0.0037400573791595386,0.0024962259740869634
12.944161191329696,11.231380868924825,-4.115886209371926,-3.424796019640695,16.34116445973851,418386.61124554434,75461.72619791994,0.01631147861707909,0.032555921080335774,1.2499065753239192e7,-0.0072036296126789055,-0.003008345248225914,-0.000679198198799848,0.0004295240933714279,0.0006954673390487874,0.00036182055576459396,-0.00040670540042949126,-0.001494816647497038,-0.0028198724606653468,-0.004321587736425515,-0.005955375323780579
12.397615106646994,12.439359275983165,-2.0132045192994013,-3.194946323230436,14.804978763133407,242223.2514794214,252548.6736328463,0.1335599926017488,0.040968724385842724,2.6898036682490488e6,-0.002654285500004536,-0.000603059207260433,3.390175900949695e-5,-0.00021130130142318792,-0.0010516716827452732,-0.002315191962584926,-0.003891677550426019,-0.005707134859942204,-0.007709992549818797,-0.009863141624778568,-0.012139088186802633
14.689044980829976,13.006749096090003,-4.197904462366577,-1.3936544951502703,16.747389795377774,2.3953621322218208e6,445409.38124035497,0.015027033563923481,0.24816672135662837,1.8762857249917764e7,-0.012086497923391353,-0.005678224138984108,-0.0014774842649905348,0.0011369831772352977,0.002563218658518827,0.003090066251295257,0.00292983379739654,0.0022381607589057554,0.0011297164524939843,-0.00031003388137785203,-0.002016509865854342
13.797927945991113,12.339385341689116,-1.9849932703070463,-3.821595224498991,16.75427694526389,982571.0601780331,228521.44627354253,0.13738153864941596,0.021892849014525477,1.8892525871159293e7,-0.005823259095107497,-0.0022709602533264915,-0.00045539969676097123,0.00022145529576453893,0.0001035028491848536,-0.0005910993338810217,-0.0017164537646893018,-0.003171597149949022,-0.004884896849545494,-0.006804506199076382,-0.008892225080889923
15.085660232441962,13.114846153803388,-4.12540493923002,-1.061909489100442,16.907802303793524,3.5613855709908125e6,496255.4800296083,0.016156950680144874,0.34579488794930696,2.202750160956054e7,-0.012362387174121485,-0.005847460879681867,-0.001535177931724463,0.0011957324030482546,0.002741992007112591,0.0033912953528834637,0.003354773950813295,0.002786721635062679,0.0018003725803828424,0.0004798105428584428,-0.0011115886302061847
15.021982142794666,12.474110465359125,-3.6597271973523537,-2.492640529262455,16.548711482337268,3.3416730168614793e6,261479.31691902765,0.02573953358157269,0.08269132916855232,1.5382045065297956e7,-0.011314150727970746,-0.005217069305990114,-0.0013269318428457012,0.0009925477620040246,0.002154282207579022,0.0024540169357727443,0.002105044356182767,0.0012610774552068867,3.373368183381407e-5,-0.0014948874723511665,-0.003263578363445142
12.5257907224949,10.629183975057822,-2.025218372910289,-3.386851356747762,14.405197626288642,275347.9150038005,41323.3905204752,0.13196502245510122,0.033814980766286126,1.8034239785998876e6,-0.009167450344924314,-0.0040685050703262796,-0.0009979064995099469,0.0007177513472670316,0.001479859517248193,0.001550396898773873,0.0011071336105801693,0.0002737005702091939,-0.0008621420412459083,-0.0022369068309618084,-0.0038038140456842563
13.620467739772664,13.006190306077823,-2.7612948709580594,-3.4818837715025177,15.900865871128282,822799.4265182471,445160.5604525466,0.0632098667243757,0.030749431536987632,8.0474503388149105e6,-0.0028015195871008767,-0.0006669058697296757,2.097037283710568e-5,-0.00020602643490024222,-0.0010557529497820307,-0.0023497785095240764,-0.003971964184506416,-0.005843508886888763,-0.007909375362741932,-0.010130253432618449,-0.012477488242560803
13.56064820333308,10.472229962552788,-2.9045970064379008,-3.023685846374436,14.645385285762213,775023.1689694538,35320.89388403947,0.054770858457938776,0.04862167565492746,2.2930314691694793e6,-0.011774586666139676,-0.005482068503084882,-0.0014177807917711976,0.0010887310375257417,0.0024618152038402615,0.002999434783581934,0.0029148087608478557,0.0023615567830574296,0.001451466389585999,0.000266832536581303,-0.001131126590890087
12.6961939949389,11.406102034041325,-3.145053492956465,-1.0349710238958636,15.663524446686912,326502.8625164987,89868.43388410706,0.04306462033135463,0.35523667415068527,6.347200748618703e6,-0.01411877199838251,-0.006809540479940008,-0.0018280641074467786,0.0014634169834739836,0.0034799089552648974,0.004531052183851827,0.004847696657954742,0.004599576554988531,0.003911551103080971,0.0028764972706734494,0.0015645424359411987
13.264228261982309,11.700047806776077,-4.486241581156798,-2.6711835165123956,15.734146623667217,576210.4640885378,120577.47926921493,0.011262895037886482,0.06917031263923239,6.811661471783838e6,-0.008130222844718522,-0.003459415834072545,-0.0007976833105275668,0.0005204197884952285,0.0008982072599447004,0.0006014915569846545,-0.00018795379480667513,-0.0013426361421822474,-0.0027712873969777886,-0.00440753715936935,-0.006202573625217219
14.798567542349431,11.170728523800827,-3.5682907604487615,-2.084106003336184,15.749628683257617,2.67261390562832e6,71020.83216778758,0.028204019931113346,0.12441830000629456,6.917940607691685e6,-0.014452380110272627,-0.006981305078271898,-0.001874567610987984,0.001499007611304447,0.0035570546812657756,0.004617988883856814,0.0049220232501329675,0.004646569697165793,0.003922268839648457,0.0028462633966420585,0.0014918305886650535
13.866640639598604,12.643245724048208,-1.6225606415125826,-3.286371304399962,15.746154389797406,1.0524597900686904e6,309664.8070992495,0.19739259970552983,0.037389277841302034,6.893947355813932e6,-0.005584622797109291,-0.002131726359710379,-0.0004101733740430223,0.0001773304618457764,-2.599688137662018e-5,-0.0008030890896034461,-0.0020093052379121287,-0.0035448662334946674,-0.005339110941876592,-0.007340890677518596,-0.009512426450225969
12.300228842490542,11.311154914151183,-3.7084852334792737,-3.365501264578413,14.030744573825354,219746.27020240342,81728.24312146289,0.024514629100653617,0.03454469574497303,1.2401520782676896e6,-0.005094506319008397,-0.0019250771130332398,-0.0003706508474929024,0.00016587649614796865,1.874896793786062e-5,-0.0006047116758501927,-0.0015678125324336775,-0.0027766768675175045,-0.004164894339877147,-0.005684358758389117,-0.007299471256368087
14.252331779913565,13.059344853599491,-2.701331598056653,-3.578048185142745,15.983542209961668,1.5477793433461888e6,469463.04052228114,0.06711608156599234,0.02793015958918876,8.741061645237405e6,-0.004511097707317331,-0.0015683585854057102,-0.00024413654020911512,2.8980740159160057e-5,-0.0004275493075121106,-0.0014120827321623553,-0.002790538606734606,-0.004470299947664332,-0.006385667353126695,-0.008489114084479702,-0.010745700428536693
15.385801045417526,11.431920030998818,-2.7752921895930918,-3.6106774907529178,15.591342485975192,4.808044667586909e6,92218.86802840688,0.06233126148272653,0.02703352569716124,5.905191787839661e6,-0.0129590543350073,-0.006168920260607455,-0.001631975302594935,0.0012838130529946087,0.002985456434674802,0.003771088233176186,0.0038607348588277773,0.0034156318472706943,0.002554300853686411,0.001364816847402097,-8.651928752535748e-5
13.501582805947136,12.43424042797841,-3.7831650758806052,-1.6315066946093761,14.194571556222323,730571.8085922684,251259.21843688484,0.022750570069921313,0.19563459037477382,1.4609121461216914e6,-0.005433497694633572,-0.002067997747054535,-0.00039640303012656246,0.00016984012845669934,-3.1963544912740024e-5,-0.0007876103720229433,-0.0019531163964407751,-0.0034281295160742613,-0.005140983608661818,-0.007039647651591022,-0.00908589807439261
13.575404748413225,10.75102178139077,-3.8880316016002188,-3.0765809840175846,14.90424012328629,786544.6327289857,46677.69849888442,0.02048563025905282,0.0461166610127511,2.9704978508688495e6,-0.010885959172703217,-0.004991933084141657,-0.001268364453850243,0.0009525748682674344,0.0020893813754102103,0.002431759078947862,0.0021853768238177937,0.0014981894119259593,0.0004781625351386187,-0.0007948031809113227,-0.002260892469966915
14.676852872689153,12.42548418723075,-1.7022430490478606,-2.0532660180260667,15.273151055355356,2.3663349290370108e6,249068.7364197872,0.18227421516961054,0.128315138924712,4.2958115823647035e6,-0.009025345560015795,-0.004004263562021145,-0.0009741556016244135,0.0006864410630111564,0.0013560610522554764,0.0012904627755850567,0.0006687775973745005,-0.0003811407530473896,-0.0017665926613248,-0.003419396520424413,-0.005288759014223911
12.601326512544832,12.77873441217434,-3.556385537850474,-1.9177265914343837,16.031770571217375,296952.21498825104,354596.0070676539,0.028541801760899196,0.14694063880182365,9.17295988404149e6,-0.005018955185761965,-0.0016968562529245,-0.000251337190764886,1.6027181414163e-5,-0.0004968659581114715,-0.0015463188505643096,-0.0029758446557006323,-0.004681361087436699,-0.006591799311435697,-0.00865764228722864,-0.010843775502477311
13.377807273399402,10.27310461171997,-4.0702022261319115,-2.4141377265296624,16.812480645548646,645517.2893878208,28943.6064825083,0.01707393536243363,0.08944443123977378,2.002477160876718e7,-0.01713637931239082,-0.008347621052574264,-0.002248545101438345,0.0017994264168020944,0.004279294293863757,0.00559406124873674,0.006051916882750292,0.005876322727794914,0.005227722945275931,0.004222703056435476,0.0029475573615685108
13.436215532574725,11.595721085682804,-2.3855110320802773,-2.438961815635973,16.566277590472936,684343.6841187258,108631.97645990152,0.09204193117912098,0.08725138748353355,1.5654634894125298e7,-0.011382167200506872,-0.0051786366882748255,-0.0012962489238951091,0.0009520840037106828,0.002021772622563667,0.002234706513252568,0.001817661757082098,0.0009303607799998395,-0.0003137043031460137,-0.0018329023562624006,-0.003567843039437928
14.2671045770259,10.441403012861912,-4.240129363208109,-2.4868668152228226,14.618151905690027,1.5708140985271984e6,34248.670069946565,0.014405728151359569,0.0831701462029015,2.2314271262878967e6,-0.013052725417612342,-0.006206839220181844,-0.001642443814073125,0.0012947186586729114,0.0030242668858759696,0.003850847366332463,0.00399831186809207,0.0036309037438720525,0.002870008909014993,0.0018065333626905277,0.0005094916327206323
12.903105454374032,9.937876513526149,-2.4736573677215783,-1.8812157432708654,16.916964439931835,401557.27484984155,20699.741961052976,0.08427606609732823,0.15240470808343157,2.22302479546129e7,-0.022183909983413064,-0.011240789529493606,-0.00315851273167035,0.002638645448787863,0.006566582345926487,0.009038074819281731,0.010406687015709596,0.010943283920776377,0.010847557898334588,0.01026643088443941,0.00930932717976137
13.024025905946264,12.241960167190332,-3.9512035241941783,-1.0053097836985625,16.43173246608363,453171.49362418294,207307.85034392777,0.019231542215289506,0.365931257705302,1.3683926667695206e7,-0.013931729600881664,-0.006707618363795267,-0.0017962851921888001,0.0014329280632438834,0.003390132436324913,0.0043812969792208665,0.0046345067659678205,0.004317375958555739,0.003553097836450408,0.002433239688960019,0.0010269491351303202
12.437033668603602,10.362092496331107,-4.414677138342018,-2.7281473306178476,16.410139298910796,251962.02699302844,31637.31306967883,0.012098459623309096,0.06534023144719373,1.3391614680197785e7,-0.01140817167223982,-0.005212958029138849,-0.0013196876279636632,0.0009895015727117383,0.0021759443148949872,0.0025584333011220172,0.002360197769988641,0.0017393440804449442,0.0008096163085448356,-0.0003458479512281672,-0.0016654644627160653
12.99952064617722,9.98822443954358,-2.962637971796612,-1.6964936221630067,16.810327118324953,442201.3702789855,21768.612975494667,0.05168240047346153,0.18332520584462422,1.9981694118881345e7,-0.021926866850054225,-0.011128519571249395,-0.0031384740905911306,0.002637551240946768,0.0066158310884966405,0.009192319353808901,0.01069962828520912,0.011390399468294591,0.01145059289408008,0.011017663945712377,0.010195047396446222
13.720393821376847,12.352461110650124,-4.330012897581377,-0.9450348377990756,15.345429171713015,909266.7835711304,231529.1611463064,0.013167377661659652,0.3886660303968192,4.617800981494905e6,-0.009778104652667933,-0.004426777419934841,-0.001105710031470255,0.0008091299305627559,0.0016997080480754864,0.00182694927730144,0.0013754950062466573,0.000478365932698257,-0.0007670389994223554,-0.0022882834880876375,-0.004030781185238027
14.07087777707195,11.757553535917806,-1.6565579308440586,-2.750482813853856,16.00257051861376,1.2909355900577402e6,127714.62170770144,0.1907945792818427,0.06389700339955741,8.908981815956458e6,-0.010851507491436117,-0.004950530461957795,-0.0012454178695395406,0.0009203628161542418,0.0019669642070230552,0.0021882594094085966,0.0017923624286336974,0.0009273306392549968,-0.00030053910121447284,-0.0018140294879297383,-0.003556369957236308
13.628109041254527,12.185564661123333,-3.060598644539132,-2.43255034686539,15.656291553997919,829110.7677161657,195940.17482258572,0.04685963455731182,0.08781259418674414,6.301457753236108e6,-0.008125667066465081,-0.0034511635349080178,-0.0007913835686426753,0.0005098712860298149,0.0008531855906779414,0.0005039584031666131,-0.00035612405698027524,-0.001599927955501283,-0.0031368435624828032,-0.004901326516239719,-0.006845421019244913
13.52943246414769,10.08414728480121,-4.561375087837975,-2.078569072862673,14.475396914465696,751203.9492727325,23960.149332886274,0.01044768258006004,0.1251091061910991,1.934572470325426e6,-0.01369059290873899,-0.006547650121534624,-0.0017438430779543213,0.0013855470760640884,0.003270493667702652,0.004226248537041797,0.004485667034840336,0.004219989554420468,0.003555952993182422,0.0025886217457273463,0.0013903212399343332
13.120188670019068,11.979428561262914,-3.6344146809147304,-3.2013547633986486,15.707585947073502,498913.8277888087,159440.89388313305,0.0263993819281948,0.04070701822662696,6.633120712185403e6,-0.005320381006195756,-0.0019977914247591017,-0.0003754657653996609,0.00015319401568988285,-6.623071239468433e-5,-0.0008165443253161798,-0.0019533575694428563,-0.003377101418679467,-0.005017360900810489,-0.006823427574706927,-0.008758247361741588
14.065739003755203,10.81291106021471,-2.700040987035971,-1.3983692711077493,15.383380504297921,1.284318780397206e6,49657.81506530338,0.06720275824143139,0.24699942479853315,4.796420671619657e6,-0.0147698898493125,-0.007165385184197458,-0.0019350427276830673,0.0015589795187904711,0.003735627371586604,0.0049131955630629075,0.0053315933555542,0.005168012526404605,0.004552962686112386,0.003583489272242726,0.0023327506796545767
12.463079332587512,10.312385284205975,-2.634514400135793,-2.9443287909893545,16.500956450876316,258610.75469103348,30103.15565282327,0.07175380458769123,0.05263737864463295,1.4664738825753437e7,-0.011484081350280622,-0.005273003234059893,-0.0013436448440066154,0.0010159066190823095,0.002257919067192786,0.002692844447112823,0.0025368677684124673,0.001941905239289031,0.0010160328970103534,-0.00016281483092520609,-0.001537695184171438
12.829908639886103,10.778303946425924,-3.2344200254041082,-2.4985715927249332,14.910353852434538,373214.5147508175,47968.69772475039,0.03938303948014699,0.08220233321394776,2.988714298637683e6,-0.01096199832530621,-0.004998653002149106,-0.0012607944380870898,0.000938466209781929,0.002035454779578903,0.002332081546705571,0.002040923261287168,0.0013131596937594181,0.000257659771966338,-0.0010461657873525709,-0.0025397565090249288
12.40429709252789,10.518960267502507,-3.602976711737536,-3.255386656121574,15.662121599345626,243847.20339541306,37010.62333219563,0.027242508537138763,0.0385659060364909,6.338302837588556e6,-0.00877650333851091,-0.003851188864745366,-0.0009328849341157054,0.0006612258563817168,0.0013378738736008337,0.001362467136216717,0.0009157735537813445,0.00012441763247919056,-0.0009209410631067737,-0.002154222227406389,-0.0035265170186856536
14.873013756779562,12.154560490777465,-4.484509220787463,-2.3232491147440832,16.213959838052617,2.879173284121021e6,189958.42108077463,0.011282423341039505,0.0979548016117492,1.1006095768583898e7,-0.011976777658183882,-0.005591342528973075,-0.0014434962598596512,0.0011005993027403398,0.0024539650970086344,0.0029165627532657884,0.002707199409846103,0.001984744918713977,0.0008651614630724725,-0.0005658864507840848,-0.002244266590552623
