z_B0,z_M0,z_delta,z_r,z_K,theta_B0,theta_M0,theta_delta,theta_r,theta_K
13.558392,11.862709,-3.3251028,-1.8815881,16.372751,773276.2,141876.05,0.03596882,0.15234797,12900172.0
14.076388,11.249392,-3.2336035,-2.2906878,14.376044,1298069.0,76833.16,0.03941521,0.10119683,1751607.1
13.944244,11.114784,-4.604702,-3.8398066,14.868918,1137387.4,67156.72,0.010004683,0.02149776,2867406.2
14.973052,12.118377,-1.5346146,-2.7620344,15.340973,3182100.2,183207.88,0.21553876,0.06316314,4597268.5
14.768738,11.707469,-4.4727025,-3.0194235,15.13877,2594067.8,121475.63,0.011416421,0.04882936,3755643.2
14.110841,11.835643,-1.9608313,-1.1923853,14.761618,1343570.0,138087.5,0.14074138,0.30349648,2575663.2
12.384178,10.863232,-2.8657546,-1.2963551,14.311068,238990.28,52220.566,0.056940146,0.27352694,1641412.2
13.346894,11.743424,-2.485471,-2.5911434,15.935301,625867.7,125922.81,0.083286315,0.07493431,8329390.5
14.259875,12.1055155,-2.4978127,-2.9124072,15.976628,1559499.2,180866.69,0.08226474,0.054344755,8680835.0
14.019066,11.346234,-3.967711,-1.0677065,14.476402,1225753.0,84646.1,0.018916685,0.34379613,1936518.4
14.034668,12.351569,-2.00408,-2.240342,16.314638,1245027.2,231322.75,0.13478424,0.10642211,12171870.0
13.145655,11.087602,-3.016464,-1.1070027,14.02885,511782.34,65355.812,0.048974086,0.33054823,1237804.2
13.950253,11.370515,-3.9512389,-1.3021327,14.644196,1144241.5,86726.51,0.019230863,0.27195117,2290305.0
15.019897,12.456733,-1.4683896,-2.1857383,15.933902,3334714.0,256974.66,0.23029605,0.11239472,8317745.5
12.996692,10.560053,-3.6237872,-3.677624,16.929127,440952.2,38563.168,0.026681438,0.025282975,22502270.0
13.789873,11.4067,-2.0982392,-1.7058133,14.5261545,974688.44,89922.2,0.122672245,0.1816246,2035301.5
12.575149,10.910119,-4.4843636,-2.3847585,15.135619,289279.5,54727.36,0.011284067,0.09211122,3743828.0
14.679683,11.474473,-3.8961654,-3.144693,15.000614,2373040.8,96227.74,0.020319682,0.04308015,3271025.8
13.9997835,11.767933,-3.2437963,-2.2995787,15.837973,1202344.0,129047.12,0.039015498,0.100301094,7556908.0
13.337236,10.70897,-4.285674,-2.9108453,15.801237,619852.25,44755.52,0.0137643395,0.054429702,7284338.0
12.639078,10.66482,-2.0845635,-3.4611757,15.570319,308376.94,42822.53,0.124361396,0.03139283,5782341.0
12.713509,11.479556,-2.3036482,-2.133192,15.048563,332205.34,96718.125,0.09989374,0.11845856,3431688.5
14.013454,12.064584,-2.2064571,-1.1468116,14.952555,1218894.0,173612.97,0.110089995,0.31764793,3117539.8
14.189191,11.563902,-2.011197,-2.4259963,14.923195,1453072.5,105229.81,0.13382837,0.088390015,3027340.0
13.166667,11.143631,-1.4175037,-2.2681398,14.43413,522649.84,69122.18,0.24231815,0.10350454,1856362.9
13.77148,12.178348,-1.9166522,-3.2770195,16.815178,956924.3,194531.16,0.1470986,0.037740573,20078856.0
13.073222,11.604728,-2.1906426,-2.8424094,15.280138,476023.34,109614.805,0.11184485,0.058285065,4325931.5
13.137502,11.627152,-3.0057495,-1.8599702,15.808645,507626.75,112100.66,0.049501643,0.15567727,7338501.5
14.301398,11.743045,-2.3868227,-3.457617,16.156109,1625617.5,125875.03,0.091921285,0.031504747,10387449.0
13.337421,10.396487,-2.7889464,-3.3499289,15.780752,619966.94,32744.4,0.06148596,0.03508685,7136637.0
14.385583,12.655496,-3.8175933,-1.4708807,15.837722,1768395.0,313481.5,0.021980638,0.22972307,7555012.5
14.770491,12.352584,-1.4134127,-2.1379125,15.602944,2598618.8,231557.6,0.24331152,0.1179007,5974102.0
12.772471,10.6151285,-2.7381177,-2.7161903,15.763925,352382.12,40746.633,0.064692006,0.06612619,7017549.0
13.923853,10.489998,-3.616934,-3.5860157,14.227014,1114429.2,35954.082,0.026864916,0.02770851,1509084.2
14.032202,11.352931,-3.6460795,-2.1530206,14.409888,1241960.5,85214.85,0.026093226,0.11613283,1811903.1
13.951163,12.159237,-2.8738189,-0.97208005,15.217549,1145284.1,190848.83,0.056482814,0.37829533,4063476.0
12.799157,10.374045,-3.6976895,-3.4801373,16.804482,361912.28,32017.738,0.024780715,0.03080318,19865230.0
12.46332,11.086044,-2.2050817,-2.8894188,15.715206,258672.94,65254.11,0.11024152,0.055608522,6683859.5
12.668864,11.201425,-4.549827,-2.84646,17.001438,317700.47,73234.695,0.010569031,0.058049448,24189716.0
13.259662,10.970829,-2.8147674,-2.6216526,14.651241,573585.1,58152.78,0.059918657,0.07268265,2306499.0
13.447257,10.970469,-3.8007982,-1.8537323,14.657532,691941.75,58131.88,0.022352923,0.1566514,2321053.5
13.745052,11.335783,-1.4234242,-2.5234008,15.120315,931966.7,83766.05,0.24088775,0.08018645,3686966.5
13.284714,11.838827,-2.3302336,-1.7485869,15.903687,588136.1,138527.92,0.09727302,0.17401968,8070181.5
12.646331,10.221576,-2.4347079,-3.254179,14.115877,310621.62,27489.95,0.08762334,0.038612507,1350353.8
12.607152,12.095609,-2.6481583,-2.4935179,16.767282,298687.16,179083.72,0.07078145,0.08261881,19139838.0
14.469676,11.60494,-2.262744,-2.3999517,14.312051,1923536.6,109638.125,0.10406455,0.09072234,1643027.0
14.374618,12.181452,-1.4663577,-1.80458,15.412733,1749109.9,195135.95,0.23076446,0.16454355,4939294.5
12.491141,10.417269,-2.6974726,-2.381832,14.846485,265970.66,33432.0,0.067375585,0.092381194,2803797.0
13.157669,10.791279,-2.6025925,-1.6237653,15.750208,517968.16,48595.14,0.07408127,0.19715494,6921949.0
12.712142,10.074787,-1.523931,-3.8469508,14.002384,331751.66,23736.926,0.21785381,0.021344723,1205475.0
15.190256,12.391579,-3.6975324,-2.8036535,15.785378,3954070.5,240765.48,0.02478461,0.0605883,7169729.5
14.689492,12.301541,-2.5474017,-2.67963,16.524193,2396433.8,220034.88,0.078284815,0.068588525,15009484.0
14.068265,10.974969,-3.9919865,-3.6925375,14.326563,1287567.0,58394.027,0.018463,0.024908714,1667044.5
13.445199,10.944492,-2.8812058,-2.476016,14.592551,690519.2,56641.223,0.056067117,0.08407752,2175026.0
14.686007,12.438481,-2.4083786,-1.8020226,15.810041,2388095.0,252327.05,0.08996104,0.1649649,7348754.5
14.055772,11.240792,-4.449386,-3.3468726,16.516783,1271581.4,76175.28,0.011685738,0.035194248,14898674.0
12.870058,10.879909,-1.5037475,-2.0349164,14.048317,388503.72,53098.746,0.22229555,0.13069141,1262137.1
13.144995,11.582788,-3.4828813,-2.290648,16.758694,511444.7,107236.125,0.030718774,0.10120086,18976154.0
14.142757,12.481927,-2.543044,-1.1840396,15.6971,1387143.9,263531.16,0.078626685,0.30603996,6563927.5
14.793849,11.885008,-3.2495778,-3.6477292,16.242844,2660032.8,145075.25,0.038790584,0.026050217,11328629.0
13.288583,10.984981,-3.4527147,-2.734773,16.814703,590416.06,58981.586,0.031659573,0.06490874,20069322.0
14.626828,11.954264,-3.505023,-2.0206017,15.228916,2250871.8,155478.64,0.030046083,0.13257566,4109928.5
15.02478,11.813544,-3.666313,-2.161554,14.963169,3351036.5,135069.44,0.025570577,0.11514603,3150806.8
12.994234,10.8225155,-1.817373,-4.117246,14.420486,439869.8,50137.047,0.16245195,0.01628931,1831208.0
12.842171,10.717184,-4.3354425,-2.792592,16.481035,377819.06,45124.656,0.013096077,0.061262213,14375490.0
14.247352,11.724694,-4.164646,-1.8549823,15.875679,1540090.4,123586.21,0.015535211,0.15645573,7847291.5
13.019465,10.40217,-2.137493,-3.4665508,14.8912115,451109.53,32931.016,0.117950186,0.031224543,2932047.5
12.250374,10.49575,-1.4862083,-1.5263828,13.989414,209059.42,36161.504,0.22622882,0.21732034,1189940.9
13.974754,11.012486,-3.155711,-4.0141077,15.368796,1172623.8,60626.445,0.042608097,0.018059062,4726976.5
12.72929,10.743845,-2.0235646,-2.2280629,14.466135,337489.62,46343.902,0.13218345,0.10773693,1916737.4
13.752785,11.32616,-1.618478,-1.1698507,14.605725,939200.94,82963.87,0.19820014,0.31041327,2203869.5
13.86804,11.900901,-1.4635037,-1.6066645,15.6575365,1053933.6,147399.34,0.231424,0.20055544,6309307.5
14.124694,11.164621,-2.6120975,-3.6515427,15.210108,1362312.1,70588.414,0.07338047,0.025951063,4033349.8
14.624563,11.752827,-2.1052804,-1.3282309,14.75998,2245779.5,127112.36,0.12181152,0.26494557,2571449.2
13.657652,11.252962,-4.4710083,-2.2556562,15.5289135,853970.5,77107.984,0.01143578,0.10480475,5547808.5
13.085661,11.652462,-3.5226977,-1.4486338,14.599119,481981.47,114974.08,0.029519692,0.23489098,2189358.5
13.506355,11.083595,-3.0231452,-2.4199042,15.109554,734066.75,65094.496,0.04864797,0.08893013,3647506.2
14.23586,11.867561,-4.054684,-1.6209557,16.157349,1522493.2,142566.14,0.017340956,0.19770965,10400336.0
15.080998,11.549251,-2.3562016,-3.5255153,15.059083,3544821.8,103699.3,0.09477954,0.029436635,3467980.5
14.377174,11.740827,-3.8219252,-2.7177873,15.830547,1753587.8,125596.12,0.021885626,0.06602068,7501003.0
14.824939,12.022692,-3.4927356,-2.733912,16.440514,2744031.5,166490.2,0.030417547,0.06496465,13804616.0
13.244859,12.064903,-1.4169793,-1.4346784,15.553813,565156.94,173668.44,0.24244526,0.23819195,5687680.0
14.742334,12.040328,-2.2287846,-3.427709,15.690388,2526471.8,169452.52,0.107659206,0.032461222,6520018.0
14.781197,12.858141,-4.5878487,-1.2633992,16.111685,2626589.0,383901.38,0.010174724,0.28269145,9936097.0
13.903389,11.4028845,-1.6998597,-1.9186736,14.463523,1091855.4,89579.74,0.18270914,0.14680155,1911737.2
13.463725,11.103887,-3.0291355,-2.013232,14.768523,703431.0,66428.84,0.048357427,0.13355632,2593511.2
13.918669,11.398377,-2.1630828,-1.8518327,14.8639145,1108666.8,89176.91,0.11497014,0.15694925,2853093.8
13.107004,10.803779,-2.1500428,-3.1294608,14.942592,492379.06,49206.383,0.11647917,0.043741375,3086633.8
14.784049,11.759235,-3.526104,-3.371662,16.692278,2634091.8,127929.6,0.02941931,0.034332532,17756778.0
13.52237,11.4823265,-3.8683338,-2.0184877,16.05702,745917.56,96986.445,0.020893153,0.13285623,9407522.0
12.2861595,11.263919,-2.442159,-2.7757528,15.034322,216676.23,77957.484,0.08697288,0.06230256,3383163.5
13.385791,12.138449,-4.497744,-1.9378455,16.319475,650691.44,186922.38,0.011134086,0.1440139,12230889.0
12.993745,10.481369,-3.5334995,-3.0002162,15.527459,439654.66,35645.17,0.029202543,0.049776305,5539745.5
13.0472555,10.921676,-3.9274595,-3.0847924,14.986232,463821.72,55363.492,0.019693641,0.045739528,3224317.2
14.848641,11.677927,-2.4720197,-3.8744192,15.278055,2809849.2,117939.49,0.0844142,0.020766396,4316930.5
13.66135,10.823752,-1.6923726,-3.802441,14.324253,857134.6,50199.1,0.18408225,0.022316234,1663198.5
14.778446,12.285051,-1.44317,-3.1387866,15.734862,2619374.8,216436.25,0.23617789,0.043335352,6816538.5
13.02713,11.936542,-2.4281957,-1.6070476,16.475306,454580.44,152747.5,0.08819582,0.20047864,14293359.0
13.336537,10.911341,-3.1078937,-2.157472,14.019215,619419.06,54794.258,0.044694997,0.115617044,1225935.2
14.54478,12.142765,-2.7486212,-2.1818795,15.804207,2073564.8,187730.94,0.06401607,0.11282927,7306002.5
13.320448,10.613075,-3.7019594,-2.8864384,14.143851,609532.75,40663.055,0.02467513,0.055774506,1388662.0
14.072844,11.2923565,-1.8163569,-1.0462077,13.920426,1293475.8,80206.234,0.1626171,0.35126734,1110617.1
14.837552,11.925018,-2.5367625,-3.5045793,15.5065155,2778862.0,150997.47,0.07912215,0.030059416,5424929.5
14.374851,11.937204,-4.3701735,-2.9902792,16.260012,1749518.6,152848.78,0.012649046,0.0502734,11524799.0
13.09728,11.119755,-3.7636542,-2.457458,15.45894,487614.1,67491.35,0.023198811,0.0856524,5172877.0
13.39866,10.865846,-3.461518,-2.775862,14.411394,659119.25,52357.25,0.031382088,0.062295757,1814633.6
13.172657,11.190648,-2.41979,-2.4251595,16.049362,525789.94,72449.72,0.08894029,0.088464014,9335755.0
13.223008,11.101474,-4.4398623,-1.9706903,14.988532,552941.9,66268.76,0.011797563,0.13936064,3231742.8
12.613059,10.539544,-3.2299428,-2.4912217,13.9623995,300456.72,37780.34,0.039559763,0.08280874,1158225.2
13.811865,11.435605,-1.9294963,-2.201772,15.006161,996360.94,92559.32,0.14522132,0.11060699,3289219.0
13.620248,10.716654,-3.3144493,-2.9038682,13.970107,822618.5,45100.734,0.03635406,0.054810792,1167186.9
14.921519,12.554553,-3.87118,-1.4986643,15.955851,3022271.5,283382.56,0.02083377,0.2234284,8502328.0
14.551156,11.84316,-4.2463465,-2.8104377,15.683114,2086828.6,139129.39,0.014316444,0.06017865,6472766.0
13.868638,11.97987,-1.5202999,-2.3594098,15.349264,1054564.1,159511.27,0.2186463,0.09447596,4635544.0
13.184889,12.509505,-3.174547,-1.2102667,16.71937,532260.8,270900.06,0.041813042,0.29811776,18244420.0
14.005209,11.326582,-3.1720238,-3.5834618,16.479303,1208885.0,82998.84,0.041918676,0.027779367,14350615.0
13.758761,12.188431,-4.052072,-2.8522604,16.778961,944831.06,196502.56,0.017386312,0.05771372,19364676.0
13.543478,11.577648,-2.2038248,-2.2553384,16.658417,761829.44,106686.31,0.11038017,0.10483806,17165580.0
13.954966,11.299232,-2.7182987,-2.1642728,14.995918,1149647.1,80759.555,0.065986924,0.114833415,3255701.2
13.476277,11.507719,-2.2675488,-2.578156,16.58039,712316.3,99480.71,0.10356573,0.07591386,15877141.0
14.266079,11.787592,-3.9644706,-0.92559606,14.60747,1569203.9,131609.17,0.01897808,0.39629513,2207717.0
14.0622835,11.147588,-2.7806313,-2.8903906,14.338363,1279888.5,69396.23,0.061999355,0.055554505,1686831.9
12.389716,10.889322,-3.0243034,-1.8724774,14.011781,240317.48,53600.96,0.04859166,0.15374231,1216855.6
14.07244,11.296762,-1.4434807,-3.5234354,15.552172,1292954.1,80560.4,0.2361045,0.029497925,5678352.5
15.120974,12.43608,-4.1739125,-3.1124737,16.391764,3689397.0,251721.84,0.015391921,0.044490762,13147783.0
14.861949,12.2927475,-1.9320476,-2.044618,15.669544,2847491.5,218108.4,0.1448513,0.12942964,6385524.5
14.949683,12.230344,-2.3178525,-3.2409236,16.498753,3108600.5,204913.62,0.09848486,0.039127737,14632455.0
13.7978,12.191471,-3.364203,-1.9484893,15.59366,982445.44,197100.9,0.034589574,0.14248917,5918895.0
13.994665,13.075977,-2.4582493,-1.4976488,16.124535,1196205.6,477336.66,0.08558465,0.22365539,10064597.0
13.322637,10.754972,-4.30332,-2.202775,13.977072,610868.25,46862.473,0.013523587,0.110496104,1175344.4
13.066219,11.720249,-2.6588807,-1.6670223,15.210465,472701.47,123038.08,0.070026554,0.18880844,4034792.5
15.171518,11.963486,-4.4902506,-3.0581918,15.799562,3880669.8,156919.11,0.011217833,0.046972554,7272149.5
15.279797,12.620146,-1.9153883,-1.6584184,16.38396,4324454.5,302593.56,0.14728463,0.19043994,13045590.0
13.138418,11.264958,-2.320637,-2.2467165,15.241049,508092.2,78038.56,0.098211005,0.105745874,4160096.5
14.464702,12.120007,-2.4164433,-2.215023,15.156918,1913992.0,183506.72,0.08923844,0.109151,3824420.8
15.305786,12.6832075,-3.1192746,-3.6981401,16.483522,4438318.5,322290.16,0.04418921,0.024769552,14411289.0
12.473581,10.5877695,-2.1382427,-1.8533887,14.04449,261340.98,39646.957,0.11786178,0.15670525,1257316.0
13.124522,10.789799,-3.5066252,-2.1242433,14.124501,501080.6,48523.27,0.029997982,0.11952338,1362049.6
13.711553,11.035498,-3.9099128,-2.8856301,14.852645,901263.2,62037.707,0.020042248,0.055819605,2821121.0
14.618277,12.117335,-2.062428,-2.7577534,16.64766,2231705.2,183017.19,0.12714489,0.063434124,16981912.0
14.971585,11.983531,-1.9143021,-3.440744,15.392303,3177436.5,160096.33,0.1474447,0.032040842,4839410.5
13.403763,10.768524,-3.6643536,-2.0339146,14.278581,662491.4,47501.86,0.025620727,0.1308224,1588944.8
14.298633,11.290446,-1.9948175,-3.4789734,14.731724,1621127.8,80053.164,0.13603848,0.030839054,2499806.2
14.1912985,11.186173,-2.909103,-2.722067,14.435787,1456138.2,72126.26,0.054524623,0.06573872,1859442.4
12.729942,11.002173,-3.7654495,-3.0514126,15.76795,337709.84,60004.414,0.0231572,0.047292072,7045855.0
13.209755,11.547666,-3.3384926,-2.3303273,16.429613,545661.94,103535.06,0.035490416,0.09726391,13654956.0
13.125771,10.993375,-1.7481629,-1.8460857,15.211971,501706.5,59478.777,0.17409348,0.15785386,4040872.8
13.160777,10.779068,-2.1080449,-2.5568266,14.041556,519580.53,48005.363,0.121475235,0.07755045,1253633.1
14.441581,11.665801,-3.146631,-2.787619,14.962829,1870246.5,116518.0,0.042996738,0.061567627,3149734.2
14.528577,11.666226,-3.7620656,-2.9983943,15.339732,2040237.6,116567.57,0.023235694,0.04986708,4591568.0
12.734397,10.208065,-2.3766837,-3.4989567,16.662174,339217.56,27121.04,0.09285801,0.030228905,17230200.0
13.738238,11.163873,-1.4929932,-3.4301085,14.684031,925637.8,70535.59,0.22469907,0.032383427,2383380.8
13.144337,10.431523,-2.679274,-2.5382109,15.06949,511108.25,33911.97,0.06861294,0.079007626,3504261.8
13.512755,11.562596,-1.9383736,-2.7131715,15.023049,738779.94,105092.516,0.14393787,0.06632612,3345241.2
12.846721,11.175835,-4.021674,-2.8403606,16.334417,379542.06,71384.4,0.017922934,0.0584046,12415017.0
13.5887785,10.953784,-1.942674,-3.7317014,15.101436,797134.3,57169.97,0.14332019,0.02395205,3618013.5
12.988426,11.519391,-3.4685152,-1.1326164,14.853536,437322.5,100648.66,0.03116327,0.32218918,2823635.0
13.585826,11.423133,-2.413734,-2.8357375,15.67796,794784.2,91412.08,0.08948056,0.058675237,6439493.0
14.544971,12.3499365,-3.4540226,-2.4213984,16.504715,2073962.2,230945.38,0.031618193,0.08879735,14719960.0
12.774805,10.984503,-2.945379,-1.9056125,14.263322,353205.4,58953.414,0.052582126,0.14873151,1564883.4
13.7439375,11.142644,-1.5999948,-3.6698158,16.155563,930928.25,69053.99,0.20189758,0.025481164,10381785.0
12.512094,10.986378,-2.55393,-2.181629,16.555288,271602.12,59064.05,0.077775404,0.11285754,15483544.0
12.566896,10.657502,-3.6678069,-1.500934,14.335849,286902.12,42510.32,0.025532404,0.22292185,1682596.8
14.126926,10.873511,-3.2500873,-4.051521,14.171686,1365356.9,52760.145,0.038770825,0.017395899,1427858.2
13.510181,10.782014,-3.5557787,-2.8290613,14.362523,736880.8,48146.99,0.028559126,0.059068277,1728082.8
15.298285,12.168617,-4.601286,-2.7791054,15.992939,4405148.5,192647.47,0.010038918,0.06209403,8823587.0
12.750132,10.423377,-2.9099853,-2.7463174,14.337243,344597.25,33636.836,0.05447653,0.064163715,1684944.4
14.560777,12.028918,-3.2549465,-1.3634319,15.254481,2107002.2,167530.1,0.038582888,0.25578144,4216354.0
13.426962,11.007973,-2.9987507,-2.1615336,13.994829,678040.25,60353.41,0.049849305,0.115148395,1196401.9
13.574294,11.443661,-3.918427,-1.9362541,15.345505,785671.56,93307.96,0.01987233,0.14424326,4618150.0
13.568906,11.261711,-3.0595033,-2.337092,14.765152,781449.5,77785.56,0.04691099,0.09660818,2584782.8
12.235303,11.068157,-4.433023,-1.3169321,14.373465,205932.33,64097.277,0.011878527,0.2679561,1747094.4
14.598417,12.53107,-4.4746056,-1.572551,15.877323,2187822.5,276805.34,0.011394716,0.20751514,7860204.5
14.208395,11.337506,-2.0301778,-3.6014898,15.001152,1481247.2,83910.52,0.13131216,0.027283046,3272785.5
15.206114,11.9838705,-3.333119,-1.280322,14.958708,4017272.8,160150.7,0.035681643,0.2779478,3136781.5
13.544662,11.02072,-3.2663841,-3.69677,16.374874,762732.4,61127.65,0.038144104,0.024803514,12927587.0
13.761372,11.71844,-2.3346646,-3.2612576,16.169455,947300.5,122815.69,0.09684296,0.038340148,10527007.0
14.654029,12.172571,-4.3655744,-2.9427776,16.727793,2312937.5,193410.7,0.0127073545,0.05271909,18398740.0
12.389717,10.344911,-2.3882768,-1.4620638,13.915194,240317.7,31098.367,0.09178772,0.23175748,1104820.6
14.140053,11.875798,-2.6719537,-2.2465153,16.514294,1383397.2,143745.3,0.06911706,0.10576715,14861636.0
14.067144,11.909083,-2.285318,-2.7444324,15.847936,1286125.0,148610.39,0.101741716,0.06428478,7632574.0
14.896254,12.38953,-1.5709326,-1.5442452,16.070786,2946868.2,240272.8,0.20785125,0.21347293,9537916.0
14.260928,10.990443,-3.588829,-3.9611897,14.80522,1561142.0,59304.664,0.027630666,0.019040447,2690451.8
14.067975,12.2223425,-2.1934128,-1.8306738,15.656062,1287193.8,203280.58,0.11153545,0.16030551,6300012.0
14.6530285,11.722719,-2.2706187,-2.797954,15.747368,2310624.8,123342.36,0.10324828,0.060934603,6902318.0
14.089635,11.30989,-2.4129333,-1.5602031,14.491479,1315378.4,81624.914,0.08955222,0.21009341,1965935.8
12.810241,11.795163,-2.011498,-1.363484,14.968302,365945.88,132609.39,0.13378811,0.25576812,3167020.5
13.812839,11.330437,-1.5241418,-2.1275613,14.442739,997331.56,83319.4,0.2178079,0.11912745,1872413.0
13.5015955,11.893348,-3.285786,-2.432363,16.584835,730581.06,146290.22,0.037411172,0.087829046,15947858.0
13.292131,11.460705,-3.790122,-2.1101563,15.172047,592515.0,94911.94,0.022592844,0.12121902,3882720.8
15.27867,12.492268,-1.4639648,-2.6736798,15.9988,4319587.0,266270.4,0.23131733,0.06899786,8875456.0
14.043875,11.934801,-3.7420764,-2.7047124,16.728607,1256542.9,152481.89,0.02370483,0.06688956,18413730.0
13.559019,11.170987,-1.6744399,-2.8479059,14.500919,773761.6,71039.2,0.18741313,0.05796558,1984582.9
14.495987,11.707823,-2.0206542,-3.8072689,15.99058,1974818.2,121518.625,0.13256872,0.022208752,8802793.0
13.659992,11.267326,-3.8996258,-1.1511507,14.454668,855971.4,78223.58,0.020249488,0.31627262,1894883.8
15.075234,12.433892,-2.458689,-2.4334888,15.910817,3524448.0,251171.75,0.08554703,0.08773022,8127932.5
14.839265,12.490669,-2.0378149,-1.6144855,15.771405,2783625.8,265845.16,0.13031316,0.19899303,7070241.5
12.510043,10.68589,-2.519576,-1.1440476,13.947941,271045.8,43734.4,0.080493726,0.31852713,1141599.4
14.658633,11.74949,-1.8057859,-3.854613,15.272929,2323611.5,126688.91,0.16434525,0.021181798,4294858.5
12.897771,10.410462,-2.2136743,-3.1285808,15.551175,399420.84,33205.22,0.10929831,0.043779884,5672696.5
14.915384,12.100257,-4.480434,-3.9251792,16.556305,3003786.8,179918.08,0.011328496,0.019738598,15499292.0
12.906388,10.7650175,-3.1441114,-3.005985,14.670383,402877.7,47335.58,0.04310521,0.049489982,2351075.5
14.74157,11.328056,-3.7996233,-3.3353622,14.9894285,2524542.8,83121.305,0.0223792,0.03560169,3234641.0
14.46278,11.409495,-3.0505993,-3.993778,15.328735,1910317.5,90173.91,0.04733055,0.018429954,4541352.0
13.087142,12.2906885,-1.7466286,-2.2945259,16.297747,482695.84,217659.78,0.17436078,0.10080918,11967996.0
13.601335,10.934086,-3.2113311,-3.2993686,14.399478,807206.3,56054.844,0.04030293,0.036906462,1793138.4
14.038747,11.132478,-1.807637,-3.792087,15.115387,1250115.9,68355.53,0.16404131,0.022548493,3668843.2
12.711356,10.67713,-2.827561,-1.7527872,14.000186,331491.06,43352.938,0.05915697,0.17329027,1202828.0
14.303748,12.552647,-3.2085528,-2.5286696,16.846476,1629441.9,282842.8,0.04041506,0.07976507,20717216.0
12.389718,10.48948,-4.3932347,-2.6793916,14.33926,240317.94,35935.465,0.012360681,0.06860488,1688346.4
14.6571245,11.8164835,-4.37565,-3.2702398,16.202732,2320108.5,135467.02,0.012579964,0.037997313,10883213.0
13.378675,11.100018,-3.6175513,-2.2156372,16.032524,646077.94,66172.32,0.026848339,0.10908398,9179875.0
14.648248,12.082726,-3.0809085,-0.9214544,15.135874,2299604.5,176791.36,0.04591752,0.39793983,3744781.2
12.397838,10.275417,-3.5212183,-2.9247737,14.842576,242277.16,29010.623,0.029563395,0.053676836,2792858.0
15.380531,12.101326,-3.2793386,-3.5238838,15.236403,4782774.0,180110.53,0.037653152,0.029484699,4140816.2
14.517329,12.00382,-3.8902426,-3.4573774,16.667492,2017418.4,163377.77,0.020440387,0.031512298,17322070.0
12.599195,11.174648,-3.8563972,-1.8562344,15.00839,296319.78,71299.766,0.021144042,0.15625992,3296561.2
14.583986,11.630478,-3.0005498,-1.2274123,15.189621,2156476.8,112474.06,0.049759705,0.2930499,3951560.0
14.170099,10.919889,-2.4097357,-3.979231,14.404761,1425594.2,55264.688,0.08983904,0.018700011,1802637.2
13.066703,10.806067,-3.6091502,-1.5555426,14.074297,472930.1,49319.137,0.027074846,0.21107483,1295357.1
13.787389,12.37323,-3.7945375,-1.6268439,15.527026,972270.0,236388.05,0.022493305,0.19654892,5537347.5
14.329647,11.856051,-2.586581,-1.8772322,15.302066,1672194.0,140934.62,0.07527697,0.15301304,4421837.5
14.994728,12.714896,-4.041388,-2.0694208,16.282022,3251828.8,332666.66,0.017573064,0.1262589,11781281.0
12.215579,10.410918,-2.6953351,-1.9207257,15.60035,201910.34,33220.36,0.06751975,0.1465006,5958625.5
14.873292,12.615866,-4.057563,-1.0733835,15.970629,2879974.5,301301.2,0.01729111,0.34184992,8628910.0
14.967352,12.287929,-2.3685021,-3.3694532,16.409176,3164013.5,217059.89,0.09362085,0.034408446,13378719.0
13.012658,11.295186,-2.4065392,-2.865343,14.927106,448049.1,80433.5,0.09012666,0.056963585,3039203.0
14.65842,11.891649,-3.1355107,-3.550025,16.468739,2323115.2,146041.95,0.043477546,0.028723922,14199802.0
14.781709,11.766455,-3.7767804,-2.7397287,15.236691,2627934.5,128856.51,0.02289629,0.06458787,4142009.0
14.127895,11.313455,-4.354737,-2.879165,15.114478,1366680.5,81916.414,0.01284582,0.056181658,3665510.2
13.693776,11.331311,-1.6710943,-3.6105087,15.546238,885383.5,83392.3,0.18804118,0.02703809,5644758.5
12.758497,11.436631,-2.2838287,-2.7541525,15.626687,347492.12,92654.35,0.101893336,0.063662946,6117640.5
15.333571,12.379189,-2.4976952,-3.5624793,15.866596,4563367.5,237800.78,0.08227441,0.028368404,7776339.0
13.425083,11.221885,-3.1701303,-3.1221848,15.728269,676767.56,74748.52,0.041998126,0.0440608,6771740.0
13.178063,10.175416,-2.8078501,-3.4725194,15.034744,528640.25,26249.861,0.060334563,0.031038733,3384593.2
12.624408,11.20231,-4.532447,-1.8622499,15.719418,303885.97,73299.54,0.010754329,0.15532279,6712067.5
12.667274,11.644283,-2.304694,-2.7382689,16.662605,317195.78,114037.58,0.09978934,0.06468222,17237630.0
14.00142,11.47922,-3.804628,-3.584107,16.748375,1204313.2,96685.664,0.022267481,0.02776145,18781350.0
12.84192,11.094746,-1.6815932,-3.8951735,14.73878,377724.3,65824.38,0.18607728,0.020339845,2517507.8
13.63106,11.970244,-2.0984154,-1.4506972,15.119397,831560.75,157983.27,0.12265063,0.2344068,3683585.5
14.513767,11.872151,-1.95531,-2.642218,15.452481,2010245.1,143222.03,0.1415206,0.07120316,5139576.5
14.854917,12.405984,-4.1085024,-1.8917904,16.223007,2827537.0,244258.88,0.016432365,0.15080157,11106124.0
14.187622,11.622842,-2.5237038,-2.8382082,16.456116,1450794.8,111618.47,0.08016215,0.058530446,14021686.0
14.347342,11.362549,-3.32558,-3.3772902,15.088339,1702045.9,86038.38,0.035951667,0.03413984,3570938.0
14.993916,11.999358,-3.8846323,-2.5359437,15.397654,3249187.5,162650.36,0.020555384,0.07918695,4865371.0
14.960883,12.109084,-2.3566546,-3.778082,16.850573,3143612.5,181513.28,0.09473662,0.02286651,20802268.0
13.380227,10.66974,-3.4175992,-2.8544943,14.064211,647081.2,43033.74,0.032791067,0.057584934,1282357.8
13.975178,11.519795,-1.3940173,-3.4168603,16.235252,1173120.4,100689.36,0.24807669,0.032815304,11242956.0
14.931127,11.414823,-3.2618203,-3.503601,14.499957,3051447.5,90655.56,0.038318582,0.030088836,1982674.1
13.148194,10.766399,-2.863779,-2.1188831,14.665525,513083.72,47401.035,0.057052746,0.120165765,2339681.8
13.914461,11.22305,-4.076702,-3.8819351,15.757731,1104011.8,74835.69,0.016963316,0.020610902,6974222.5
13.207566,11.4670315,-3.4683886,-2.9417405,15.6967945,544469.0,95514.32,0.031167215,0.052773796,6561924.5
14.80066,11.965089,-4.0312967,-2.8441043,15.538003,2678212.5,157170.88,0.017751297,0.05818636,5598465.0
15.031667,11.558122,-3.6990297,-3.456481,14.271568,3374193.0,104623.31,0.024747528,0.031540558,1577841.5
13.914398,11.037579,-2.0757742,-3.6234615,14.635584,1103942.2,62166.938,0.12545925,0.02669013,2270666.2
14.748742,11.800997,-3.7176719,-2.7951465,15.204556,2542712.8,133385.25,0.024290454,0.061105926,4011021.2
14.551009,11.632127,-3.1062572,-3.07209,15.079736,2086522.1,112659.67,0.0447682,0.046324242,3540348.5
14.940804,12.214745,-3.8302512,-2.8905032,15.970798,3081119.5,201741.92,0.021704163,0.055548254,8630367.0
14.724235,11.795384,-1.5450498,-3.5513427,15.283007,2481154.5,132638.73,0.21330126,0.028686097,4338359.0
12.69609,10.426635,-3.7842677,-3.5380745,14.275209,326468.8,33746.594,0.0227255,0.029069247,1583597.0
13.515525,11.763818,-1.684947,-2.568708,15.25096,740828.8,128517.17,0.18545426,0.0766345,4201534.5
14.33289,12.265441,-4.1822257,-1.6225239,16.46977,1677624.9,212233.2,0.015264495,0.19739985,14214462.0
14.363576,11.876858,-2.6161509,-2.231838,15.51448,1729903.1,143897.67,0.07308363,0.10733098,5468307.0
12.8575325,11.146049,-2.0362442,-2.4899228,14.47726,383667.84,69289.49,0.130518,0.08291637,1938179.4
14.726379,12.265037,-1.4107796,-2.5910974,15.757562,2486482.0,212147.39,0.24395302,0.07493776,6973039.0
14.716715,12.281862,-3.6194355,-2.905372,15.837943,2462567.0,215747.12,0.026797798,0.054728433,7556684.5
14.683123,11.74782,-2.216248,-2.7725782,15.095945,2381218.0,126477.52,0.10901737,0.062500656,3598204.0
12.632205,12.118421,-3.656451,-1.0332218,15.376964,306264.7,183215.92,0.025824,0.3558586,4765741.0
13.973063,11.599404,-1.7291285,-3.221471,15.825596,1170642.8,109032.836,0.17743899,0.039896324,7463954.0
14.879584,12.412589,-2.5294788,-2.6634462,16.831142,2898153.2,245877.6,0.07970055,0.06970758,20401978.0
12.445556,10.33386,-3.2255871,-2.9298036,14.232447,254118.42,30756.615,0.039732445,0.053407528,1517305.6
12.728813,10.832101,-3.8624003,-1.6913981,14.427522,337328.72,50619.94,0.02101749,0.18426172,1844136.5
13.707513,10.845078,-2.0912423,-3.7097564,14.522186,897629.7,51281.15,0.12353358,0.024483487,2027240.9
13.062192,10.934805,-1.7833787,-2.6480734,14.1555195,470801.56,56095.164,0.16806933,0.07078746,1404960.1
14.189131,11.748809,-3.8004844,-2.696213,15.502312,1452985.2,126602.67,0.022359937,0.0674605,5402172.5
14.160335,11.4170065,-3.1273808,-3.8053265,16.530462,1411741.5,90853.766,0.04383245,0.022251932,15103881.0
13.218451,10.875556,-4.4224358,-1.4619268,14.431663,550427.5,52868.13,0.012004956,0.23178923,1851788.6
14.167609,11.341249,-1.8209925,-2.9301531,15.03608,1422048.8,84225.2,0.16186503,0.053388864,3389118.2
13.381706,11.709868,-4.1931887,-2.413547,15.986688,648039.06,121767.46,0.015098065,0.08949728,8768600.0
14.865947,12.614422,-4.1287794,-2.5997334,16.83316,2858898.0,300866.47,0.01610252,0.07429338,20443190.0
13.954911,11.471707,-4.2153735,-2.3730476,15.446508,1149584.6,95961.98,0.014766805,0.093196265,5108970.0
12.747507,10.388235,-3.4854198,-2.742599,14.557322,343694.03,32475.3,0.030640895,0.064402744,2099734.8
12.259625,10.019137,-3.6022825,-1.5892878,14.153109,211002.53,22452.055,0.027261427,0.20407091,1401577.0
13.338673,11.646868,-3.2535064,-2.5726907,16.008528,620743.1,114332.68,0.038638487,0.07632989,8962213.0
12.950324,10.994106,-2.7786684,-2.4912791,15.009605,420973.03,59522.3,0.06212117,0.08280398,3300569.0
14.760998,12.304132,-3.3988059,-3.3335192,16.521683,2574067.2,220605.75,0.033413146,0.035667364,14971856.0
13.478996,11.020627,-3.2863884,-2.2464716,14.247727,714255.7,61121.992,0.037388638,0.105771765,1540669.1
14.885968,12.339654,-3.2632914,-3.5798242,16.974327,2916714.0,228582.84,0.038262255,0.0278806,23542718.0
14.723573,11.793991,-3.9968991,-2.5515175,15.154907,2479513.0,132454.05,0.01837252,0.07796327,3816740.0
13.768154,12.345682,-3.7660792,-2.1312757,15.821196,953747.4,229964.94,0.023142623,0.1186858,7431183.0
13.456458,11.542154,-2.7235916,-2.4823165,15.579195,698337.7,102966.02,0.06563859,0.08354946,5833892.5
14.494721,11.78531,-2.5071814,-2.8761067,16.618252,1972320.6,131309.16,0.081497625,0.056353737,16489787.0
13.677556,10.981173,-2.598808,-2.0578365,13.925647,871138.3,58757.41,0.07436216,0.12773001,1116430.1
14.197379,11.353662,-3.2809665,-3.0527048,14.518643,1465019.5,85277.125,0.037591904,0.047231,2020071.4
12.292893,10.588381,-3.620827,-2.3666217,15.51717,218140.23,39671.203,0.026760537,0.093797065,5483038.5
13.283134,11.117572,-1.4812994,-2.7892206,14.504945,587208.06,67344.19,0.22734208,0.061469108,1992587.9
13.343234,11.836717,-2.8638027,-1.4233876,15.299004,623581.06,138235.86,0.057051398,0.24089657,4408317.5
12.887913,10.633246,-2.1409018,-3.3617158,15.473628,395502.66,41491.605,0.117548786,0.03467571,5249419.5
12.415744,11.506289,-2.7727385,-1.4151758,14.703766,246654.5,99338.51,0.062490642,0.2428829,2430884.8
15.249171,13.014781,-3.8841267,-1.3557191,16.22976,4194024.2,449001.28,0.020565782,0.25776187,11181366.0
12.7508335,10.234474,-3.7798367,-3.2574055,14.903551,344839.22,27846.824,0.02282642,0.038488124,2968451.8
13.292501,11.661743,-1.6328259,-1.8056335,14.622053,592734.25,116046.14,0.1953767,0.16437028,2240149.5
13.739581,11.0046625,-3.6701043,-2.3220594,14.710494,926881.6,60153.957,0.025473814,0.09807141,2447295.5
12.979206,12.464383,-3.2734253,-1.5634977,16.171577,433308.88,258948.16,0.037876464,0.20940237,10549378.0
15.053506,12.603436,-4.2143207,-1.7629908,16.463827,3448693.0,297579.44,0.014782361,0.17153108,14130231.0
12.4154825,10.644596,-2.263783,-1.7474396,13.985364,246590.05,41965.203,0.103956476,0.17421944,1185131.1
12.296322,10.782076,-1.670117,-2.216511,13.978634,218889.4,48149.973,0.18822505,0.10898871,1177181.9
13.892486,12.483157,-1.4504286,-1.127081,15.688875,1080015.1,263855.56,0.23446977,0.32397756,6510164.0
12.713156,10.581103,-4.0201173,-2.298634,14.094944,332088.16,39383.543,0.017950859,0.10039589,1322380.4
13.371953,11.300553,-2.9844346,-2.1375139,16.970293,641749.3,80866.37,0.050568085,0.11794771,23447936.0
14.518576,11.804306,-3.3177466,-2.8868713,15.124702,2019934.5,133827.38,0.03623439,0.055750363,3703180.0
14.061483,11.703289,-3.3246424,-2.9113421,16.67901,1278864.9,120968.93,0.035985384,0.054402664,17522746.0
13.113047,10.863887,-3.6499102,-2.9058743,14.369265,495363.28,52254.79,0.025993463,0.05470095,1739772.0
12.991304,12.1480875,-4.2719707,-1.6350821,16.439564,438583.03,188732.8,0.013954256,0.19493636,13791510.0
13.995266,11.193255,-4.115279,-3.624315,15.774903,1196924.5,72638.87,0.016321383,0.026667358,7095017.0
12.98625,11.1938715,-2.2962139,-1.9499263,14.499047,436371.8,72683.63,0.10063916,0.14228456,1980871.1
13.592764,11.073238,-1.509821,-2.6549795,15.928266,800317.56,64423.797,0.22094952,0.07030028,8270996.5
14.791217,12.769091,-2.1400166,-1.3009571,15.867849,2653040.2,351192.8,0.11765289,0.2722711,7786090.0
12.296854,10.774801,-4.389929,-2.6906557,15.444647,219005.92,47800.973,0.012401612,0.06783644,5099468.5
13.389167,10.411145,-3.4098227,-3.2602985,14.938671,652891.9,33227.902,0.033047058,0.038376942,3074556.2
14.133513,11.19439,-2.1079621,-2.6755495,15.363335,1374380.2,72721.35,0.121485285,0.06886897,4701229.5
12.769633,10.311713,-2.7031064,-2.7511454,14.419969,351383.44,30082.932,0.066997066,0.06385468,1830260.0
14.46888,12.1605,-2.7806172,-1.8214023,15.842537,1922005.5,191089.95,0.062000226,0.1617987,7591478.5
13.491586,11.504517,-4.01364,-1.582449,15.045002,723304.6,99162.64,0.01806751,0.20547129,3419490.0
13.359589,11.197863,-2.5879593,-1.3426049,14.390869,633863.3,72974.305,0.07517329,0.2611645,1777767.9
14.270916,11.228888,-3.2258499,-3.589569,16.112364,1576812.5,75273.81,0.03972201,0.027610226,9942846.0
13.152678,11.175008,-3.0521493,-3.096379,15.536453,515389.16,71325.41,0.047257245,0.04521262,5589795.5
14.101921,11.632188,-2.7148933,-1.9666806,14.89748,1331639.0,112666.55,0.06621201,0.13992053,2950484.8
14.376416,11.499179,-4.5980153,-3.6513567,15.965595,1752258.8,98634.75,0.010071806,0.025955891,8585585.0
14.797791,11.67629,-2.5048802,-3.0718265,15.247767,2670538.0,117746.53,0.08168539,0.046336446,4188140.8
12.873269,11.248245,-2.1872077,-1.1918654,14.675176,389753.22,76745.13,0.11222969,0.30365428,2362369.5
14.293592,11.484153,-3.8096333,-2.1492064,14.814804,1612977.6,97163.734,0.022156304,0.116576634,2716362.0
13.673883,11.8290205,-3.4606786,-2.1109421,15.452411,867944.8,137176.06,0.03140844,0.1211238,5139214.0
14.282915,11.672548,-4.578634,-2.2807455,16.142271,1595846.9,117306.836,0.010268916,0.10220798,10244700.0
13.812236,11.299303,-1.8931042,-2.3266191,14.49727,996730.6,80765.33,0.15060358,0.09762525,1977353.0
14.913551,12.820718,-2.939091,-1.2554569,15.634679,2998286.0,369800.1,0.052913807,0.2849456,6166727.5
13.615153,11.18773,-3.474306,-2.164079,14.623485,818438.3,72238.6,0.030983325,0.11485568,2243358.5
14.885216,11.895497,-1.946861,-3.591702,15.44819,2914520.2,146605.02,0.14272137,0.027551398,5117567.0
13.064898,11.335253,-2.2774556,-2.9422,16.328096,472077.06,83721.64,0.10254479,0.052749556,12336790.0
14.947262,12.213739,-3.560987,-3.6687012,15.730464,3101082.5,201539.25,0.02841077,0.025509581,6786622.5
13.984762,11.359565,-4.585441,-1.9776994,15.524166,1184418.1,85782.02,0.01019925,0.13838725,5521533.0
13.467805,11.1072855,-1.9395443,-2.4298365,14.572328,706306.75,66655.01,0.14376944,0.08805123,2131481.0
14.227918,11.686416,-3.2764213,-1.8647462,14.850572,1510449.2,118944.91,0.03776316,0.15493552,2815278.2
13.433762,10.866206,-2.7232826,-2.888529,14.189247,682666.44,52376.125,0.06565887,0.055658024,1453154.2
14.255076,11.498627,-1.846814,-3.4376798,15.745907,1552033.2,98580.3,0.15773892,0.03213917,6892241.0
13.2042675,11.4312935,-2.0704184,-1.461347,14.587985,542675.9,92161.11,0.126133,0.23192367,2165117.2
12.524226,10.277106,-3.949307,-3.4305582,16.280535,274917.47,29059.662,0.01926805,0.03236887,11763767.0
13.117452,12.008716,-3.7155426,-2.0279388,15.935135,497550.16,164179.5,0.024342231,0.1316065,8328008.5
12.250901,10.383001,-3.7657053,-1.9708683,16.050388,209169.72,32305.775,0.023151277,0.13933581,9345340.0
13.483442,10.582194,-4.575571,-3.2610557,14.03674,717438.4,39426.535,0.010300416,0.038347892,1247610.0
14.098808,11.404519,-3.2802837,-1.6313161,14.519689,1327500.4,89726.29,0.037617583,0.19567189,2022183.9
13.100414,10.053532,-4.269116,-3.3275445,16.871893,489145.0,23237.709,0.01399415,0.035881106,21250542.0
14.093018,11.501726,-4.4910645,-2.3355591,15.896112,1319835.4,98886.32,0.011208706,0.09675637,8009288.0
13.13187,11.591693,-2.551276,-1.3225169,14.5052805,504776.12,108195.27,0.0779821,0.2664638,1993256.9
13.856211,11.228614,-2.0450048,-3.4817932,16.266874,1041539.75,75253.21,0.12937956,0.030752217,11604161.0
13.596573,10.714211,-3.4478228,-3.925202,14.874771,803371.75,44990.72,0.03181483,0.01973815,2884237.5
15.375183,11.976994,-2.6263237,-3.6339145,15.361588,4757263.0,159053.12,0.07234393,0.026412591,4693023.0
14.8092,12.3657,-4.4986925,-2.4098291,15.776494,2701182.8,234614.67,0.011123531,0.089830644,7106312.5
13.028761,11.088238,-3.8253224,-2.3042068,14.718324,455322.34,65397.4,0.021811403,0.09983796,2466532.0
13.53692,10.822558,-3.2778616,-3.1711738,14.271105,756849.44,50139.2,0.037708808,0.041954324,1577110.2
12.613682,10.229026,-2.66137,-3.4210098,14.066197,300643.9,27695.518,0.06985246,0.03267942,1284907.6
12.323097,11.417529,-2.3300953,-2.5655162,16.537802,224829.4,90901.26,0.09728648,0.07687949,15215143.0
14.30091,11.554229,-3.4784138,-3.675484,16.119526,1624823.9,104216.82,0.030856315,0.025337141,10014313.0
14.003462,11.51633,-4.5005903,-2.6470952,16.244207,1206774.8,100341.01,0.011102441,0.070856735,11344089.0
12.994296,10.296587,-3.267907,-3.9410942,15.504812,439897.1,29631.314,0.03808606,0.019426947,5415697.5
13.23152,11.835137,-2.8516803,-1.0727024,15.092259,557668.3,138017.72,0.057747208,0.34208283,3584965.5
12.616425,11.032557,-4.4842677,-1.2180004,14.375222,301469.62,61855.516,0.011285149,0.2958211,1750167.8
15.002499,12.677043,-3.2996962,-1.910677,16.35065,3277195.8,320309.5,0.036894374,0.14798018,12618200.0
13.05281,10.728409,-3.3062263,-1.6081638,14.320048,466405.03,45634.023,0.036654238,0.20025498,1656219.8
13.718815,11.167809,-3.482088,-3.057717,14.824073,907832.2,70813.76,0.03074315,0.046994857,2741656.5
13.691361,10.497685,-3.1133006,-3.2328174,14.398284,883248.1,36231.547,0.04445399,0.039446205,1790998.8
12.457513,11.959504,-2.5586169,-1.2295754,14.866064,257175.2,156295.56,0.07741173,0.29241672,2859233.2
14.055232,11.726002,-2.2608995,-2.0576262,14.822384,1270895.1,123747.91,0.10425666,0.12775688,2737029.8
13.871212,11.384895,-1.7152033,-3.1816556,15.182293,1057282.0,87982.69,0.17992714,0.04151686,3922708.5
12.7595,10.80085,-2.6524475,-1.3196142,14.107142,347840.6,49062.484,0.07047851,0.26723838,1338610.1
15.082645,12.456844,-2.5912426,-2.9317937,16.3329,3550664.8,257003.33,0.07492688,0.053301346,12396182.0
14.371363,11.564631,-4.4055095,-3.8679075,15.966757,1743426.0,105306.61,0.012209884,0.02090206,8595564.0
13.108692,10.824945,-2.151338,-3.18045,16.255848,493210.9,50259.027,0.116328396,0.041566946,11476912.0
14.263625,11.522686,-3.98601,-1.4437791,14.659458,1565358.0,100980.836,0.018573673,0.23603407,2325529.2
13.351691,11.140958,-3.0182245,-1.9654174,14.853837,628877.2,68937.66,0.048887942,0.1400974,2824486.2
13.592193,10.937391,-2.5959475,-2.5263543,14.726321,799860.5,56240.438,0.074575186,0.07994996,2486337.2
13.179459,10.570167,-3.6602812,-3.0708923,15.805055,529378.3,38955.164,0.025725279,0.04637975,7312199.5
13.821447,11.327115,-4.450153,-1.64695,15.111548,1005954.5,83043.1,0.011676782,0.19263655,3654787.2
13.143035,11.05798,-2.0902104,-3.207014,14.8311,510443.34,63448.23,0.12366111,0.040477294,2760991.8
14.894284,11.617914,-4.283701,-3.7875028,14.867877,2941070.8,111069.81,0.013791526,0.022652099,2864421.5
13.363887,11.031847,-3.3370037,-3.4215207,16.603544,636593.7,61811.64,0.035543296,0.032662727,16249038.0
14.643,11.952273,-4.036977,-1.4766194,15.228076,2287567.8,155169.5,0.017650753,0.22840855,4106476.8
14.778871,12.171042,-3.909465,-1.0367681,15.384587,2620486.5,193115.25,0.020051224,0.35459888,4802212.5
13.683532,11.558207,-3.6820254,-3.378124,16.870375,876359.56,104632.195,0.02517194,0.034111388,21218302.0
13.583279,10.977887,-2.6774466,-3.003332,14.398333,792762.25,58564.684,0.068738446,0.04962146,1791085.9
12.778173,11.007776,-3.5489979,-1.9509374,14.461182,354397.16,60341.555,0.028753439,0.14214076,1907266.5
15.199201,12.512282,-2.4916596,-3.601532,16.76434,3989596.5,271653.44,0.08277248,0.027281895,19083592.0
14.644987,11.989732,-2.837653,-2.772112,16.42957,2292118.5,161092.14,0.058562957,0.06252981,13654357.0
14.773974,12.133588,-3.3671255,-3.5207295,16.35251,2607687.5,186015.97,0.034488633,0.02957785,12641688.0
14.715547,12.423954,-1.919557,-2.2953916,16.178886,2459691.8,248687.9,0.14667192,0.10072195,10626765.0
13.017814,12.014068,-1.8037946,-2.030802,16.874155,450365.03,165060.55,0.16467284,0.13123024,21298666.0
14.553046,12.145248,-1.5733,-2.5600445,16.06883,2090776.8,188197.72,0.20735976,0.0773013,9519287.0
12.270242,10.7441025,-2.4702067,-2.5708077,17.013033,213254.53,46355.836,0.084567375,0.07647375,24471822.0
14.854505,11.699592,-1.6650072,-3.4101522,14.918157,2826372.2,120522.49,0.18918929,0.033036172,3012125.8
12.707183,10.911012,-3.397872,-2.3987827,14.45214,330110.56,54776.234,0.033444364,0.09082845,1890099.1
12.902839,11.092868,-2.6646278,-2.9365146,16.372278,401450.2,65700.9,0.069625266,0.05305031,12894072.0
14.526968,12.211032,-3.1553795,-2.6646218,16.98813,2036957.9,200994.31,0.04262222,0.069625676,23869942.0
12.531928,11.711197,-2.0466173,-2.1090517,15.836873,277043.0,121929.33,0.12917112,0.12135299,7548603.0
12.997231,11.644854,-1.4061892,-1.5613046,14.600871,441189.84,114102.63,0.24507543,0.20986211,2193197.5
14.869507,12.260144,-2.242971,-2.3338819,15.592261,2869094.0,211112.03,0.10614269,0.09691879,5910620.0
14.549149,11.697036,-3.4808557,-3.2753298,15.8317795,2082643.5,120214.84,0.03078106,0.0378044,7510251.5
14.810238,11.585694,-4.196129,-3.7539163,15.28507,2703987.0,107548.19,0.01505374,0.023425825,4347321.5
15.242318,11.866443,-3.8843117,-2.2999575,15.194497,4165380.2,142406.75,0.020561976,0.100263104,3970875.2
14.734103,12.923363,-2.165828,-1.1529692,15.90606,2505761.5,409774.7,0.114654966,0.315698,8089360.5
13.175934,11.811493,-2.348079,-1.042151,14.908891,527515.7,134792.64,0.09555255,0.35269523,2984344.5
13.937567,11.626238,-3.104341,-2.9887164,15.795963,1129817.6,111998.18,0.044854067,0.05035203,7246022.5
14.540257,11.179898,-2.6772668,-2.7690668,14.453582,2064208.6,71675.07,0.068750806,0.06272051,1892826.6
13.44278,10.8841095,-2.3335035,-2.6065416,14.074378,688850.5,53322.277,0.09695547,0.07378929,1295462.1
13.27216,10.990715,-3.1324725,-3.543307,16.196764,580798.75,59320.785,0.04360984,0.028917536,10818455.0
14.428277,12.061098,-3.7206366,-2.759154,15.721205,1845529.9,173008.86,0.024218544,0.06334533,6724074.0
14.353814,12.176542,-2.533619,-0.95891845,15.034411,1713098.2,194180.28,0.07937126,0.38330722,3383466.8
15.166537,11.888608,-1.738021,-2.8551648,15.301889,3861388.0,145598.48,0.1758681,0.05754634,4421057.0
12.848642,11.365435,-4.1440105,-1.6682945,15.814864,380272.1,86287.04,0.01585912,0.18856838,7384281.5
12.833507,11.82516,-1.7541323,-2.7955093,15.426351,374559.75,136647.52,0.17305735,0.061083753,5007015.5
15.110481,12.443772,-1.4341625,-2.6004832,16.066082,3650889.0,253665.64,0.23831487,0.0742377,9493159.0
14.698087,11.886634,-1.7279212,-2.9080381,15.709295,2417118.8,145311.34,0.17765333,0.054582708,6644468.5
14.076267,12.502327,-1.4822507,-1.5035702,16.442055,1297911.9,268962.44,0.22712593,0.22233497,13825908.0
14.112601,11.898113,-3.6370406,-1.0551357,15.106865,1345937.4,146989.03,0.02633015,0.34814516,3637710.0
13.189954,12.689509,-2.7266262,-1.3746866,15.608744,534963.5,324327.6,0.0654397,0.25291884,6008848.5
14.376986,11.676517,-2.9410653,-2.4807608,15.18755,1753256.6,117773.26,0.05280944,0.083679534,3943383.2
14.427178,11.904267,-2.4939919,-3.0988245,15.449604,1843503.5,147896.4,0.082579665,0.04510219,5124810.0
13.272866,11.614366,-4.327856,-1.7080649,16.041544,581209.3,110676.37,0.013195808,0.18121612,9263050.0
13.357545,11.062766,-2.7024012,-1.9379858,14.365005,632569.2,63752.652,0.06704433,0.14399369,1732376.1
14.485141,12.077052,-2.1398647,-1.9081837,15.20621,1953514.9,175791.19,0.11767077,0.14834958,4017659.8
14.347153,11.504466,-3.5406933,-3.598186,15.953746,1701724.5,99157.625,0.02899322,0.027373333,8484452.0
14.241516,11.337224,-2.3768964,-3.0256467,14.680276,1531129.2,83886.836,0.092838265,0.04852643,2374449.0
12.294563,10.4917555,-1.6672307,-2.586482,15.702462,218504.81,36017.33,0.1887691,0.07528442,6599221.0
14.03811,11.214018,-3.7633164,-2.6913867,14.985012,1249319.8,74162.8,0.02320665,0.06778687,3220386.8
13.667057,11.053248,-3.3120604,-2.9252188,14.588418,862040.06,63148.754,0.036441013,0.05365295,2166054.8
13.458341,11.009134,-2.956239,-3.6899016,15.660193,699653.6,60423.555,0.052014176,0.02497446,6326093.5
14.831278,12.210018,-3.024467,-1.7313738,15.361989,2761481.5,200790.66,0.04858371,0.17704102,4694907.5
14.07207,11.350039,-4.1357784,-2.6431396,14.922097,1292475.8,84968.73,0.015990213,0.07113758,3024018.8
14.133118,11.776431,-2.100139,-3.1815295,15.535173,1373836.4,130148.46,0.12243942,0.041522097,5582646.0
12.967466,11.632136,-3.9062784,-2.5608928,16.208094,428251.7,112660.75,0.020115223,0.07723575,10941721.0
12.482668,10.3758,-1.9426361,-2.162627,13.95465,263726.53,32073.973,0.14332563,0.11502256,1149284.2
14.565918,11.626909,-3.2241273,-3.7686546,15.462836,2117862.8,112073.4,0.039790493,0.023083098,5193073.5
13.709534,11.932606,-2.3181105,-1.9641329,15.256038,899445.44,152147.5,0.09845945,0.14027748,4222921.5
15.076262,12.368049,-2.540615,-2.9663785,15.836974,3528073.2,235166.4,0.078817904,0.051489446,7549366.0
13.443133,11.117732,-4.0154424,-1.4385599,14.487453,689094.25,67354.98,0.018034974,0.23726921,1958037.9
12.883836,10.876684,-3.4097898,-2.9334831,15.229342,393893.47,52927.81,0.033048145,0.053211372,4111680.8
13.172541,12.258342,-2.3783646,-2.5935638,16.422522,525728.75,210731.86,0.09270206,0.07475316,13558464.0
14.534409,11.897047,-2.599305,-2.3119924,14.937385,2052170.5,146832.39,0.074325226,0.09906368,3070603.2
13.218514,10.853562,-2.0989609,-1.5584123,14.188264,550462.7,51718.062,0.12258374,0.21046996,1451726.2
14.235428,11.63872,-4.0033646,-1.5123986,15.173802,1521835.8,113404.87,0.018254118,0.22038074,3889543.5
13.259222,10.995589,-3.8235717,-1.9428076,14.102175,573333.06,59610.633,0.021849621,0.14330105,1331976.9
12.651038,11.775737,-2.805195,-2.3890688,15.914143,312087.28,130058.13,0.060494967,0.091715045,8155006.5
13.133076,10.550676,-3.7065425,-2.599367,13.898025,505384.97,38203.27,0.024562301,0.074320614,1086013.9
14.027754,11.924741,-4.4753203,-2.3923492,16.629784,1236448.6,150955.56,0.011386574,0.091414675,16681045.0
13.942979,11.099002,-2.8457966,-1.9848294,14.1084385,1135948.9,66105.15,0.058087975,0.13740405,1340346.2
12.7071705,11.288824,-3.4187107,-2.467784,16.354353,330106.47,79923.414,0.032754637,0.08477251,12665001.0
13.153206,11.224888,-3.6370513,-1.121781,14.535831,515661.53,74973.336,0.026329868,0.3256992,2055092.6
13.596008,10.572681,-2.1950192,-3.2105045,14.839917,802918.4,39053.25,0.111356415,0.04033626,2785442.2
14.474211,11.75423,-1.5942743,-3.1514204,15.768421,1932279.1,127290.805,0.20305584,0.042791303,7049175.0
12.765547,10.580246,-2.8008049,-1.9604397,13.880063,349950.44,39349.793,0.06076114,0.1407965,1066681.6
13.456489,11.058616,-2.240935,-3.5831792,14.797602,698359.0,63488.6,0.106359005,0.027787216,2670033.8
14.825079,12.490102,-3.3512306,-1.950571,15.799379,2744416.2,265694.34,0.035041206,0.14219287,7270818.0
12.34981,11.185714,-2.2208498,-2.694134,15.594678,230916.08,72093.11,0.10851686,0.0676009,5924921.0
13.546953,11.528274,-2.298896,-2.3538592,15.05136,764481.56,101546.65,0.10036958,0.095001824,3441301.0
12.925789,11.519671,-1.9641538,-1.4491115,14.520598,410770.06,100676.875,0.14027454,0.2347788,2024024.5
14.045995,11.67082,-2.888602,-2.3264725,15.088665,1259209.6,117104.3,0.055653963,0.09763956,3572102.8
15.19591,12.2534485,-3.372725,-1.6406883,16.264301,3976491.5,209703.2,0.034296054,0.19384657,11574342.0
14.170233,11.789081,-4.436538,-2.3386793,16.36921,1425784.5,131805.23,0.0118368445,0.09645494,12854562.0
14.3828535,11.419938,-2.6973562,-3.8430986,15.172997,1763574.9,91120.5,0.06738342,0.021427104,3886414.2
13.502134,11.061855,-2.0272453,-3.480809,15.070813,730974.8,63694.617,0.13169782,0.030782498,3508900.0
14.056596,11.206481,-3.2890344,-3.5602844,15.157664,1272629.5,73605.94,0.03728984,0.02843074,3827277.5
13.614293,10.836771,-3.1571527,-3.0902202,15.118592,817734.56,50856.895,0.042546716,0.045491934,3680621.8
13.705046,11.478101,-2.6374462,-2.5971951,15.657267,895417.8,96577.47,0.071543746,0.074482195,6307605.0
14.268867,11.549421,-2.7036605,-2.3004405,14.833149,1573584.2,103717.0,0.066959955,0.10021468,2766653.2
15.382576,12.203829,-1.3979942,-3.063741,15.465052,4792563.5,199551.73,0.2470921,0.04671262,5204591.0
13.072519,11.202935,-2.518345,-2.478895,14.989966,475688.88,73345.414,0.08059287,0.08383582,3236381.2
13.687448,10.634532,-3.270865,-3.9777756,14.210908,879797.94,41544.98,0.037973568,0.01872725,1484974.1
12.998749,10.51961,-2.5960536,-3.197958,14.323754,441860.2,37034.69,0.07456727,0.040845525,1662369.1
13.332671,10.873069,-4.177914,-2.0337815,14.316409,617028.94,52736.8,0.015330452,0.13083981,1650203.4
13.590871,10.818518,-3.9477684,-3.4012885,14.902789,798804.0,49937.008,0.019297717,0.033330295,2966190.8
13.394586,11.043609,-2.3725023,-4.0011883,16.799929,656439.4,62542.94,0.0932471,0.018293887,19774992.0
12.470907,10.356005,-3.2076976,-1.6245182,13.945942,260643.08,31445.297,0.040449638,0.19700658,1139319.8
14.871394,12.238626,-1.8279101,-3.9900355,16.558239,2874514.0,206617.7,0.16074917,0.018499056,15529298.0
13.758634,11.572447,-1.9305086,-1.4984399,14.561749,944710.3,106132.84,0.1450744,0.22347854,2109052.8
14.085802,11.712825,-2.8354232,-3.2454953,15.89876,1310346.4,122127.984,0.05869368,0.038949266,8030520.0
14.189835,10.882418,-3.785392,-2.641323,13.872943,1454008.2,53232.145,0.022699961,0.07126691,1059113.6
14.732442,11.791399,-1.925042,-3.9659445,15.742129,2501602.0,132111.17,0.14586963,0.018950129,6866254.5
15.30464,12.816969,-1.5946381,-1.2665999,16.417164,4433233.5,368416.34,0.20298198,0.2817881,13486016.0
14.940155,11.983913,-2.5871558,-3.1386137,16.922283,3079122.0,160157.56,0.07523371,0.043342844,22348800.0
14.529108,11.31103,-2.4684768,-2.7327852,13.937004,2041321.8,81718.07,0.0847138,0.06503789,1129182.1
13.901215,11.296422,-4.029244,-1.3139507,14.656822,1089483.9,80532.98,0.017787773,0.26875618,2319407.2
12.881425,11.13492,-2.0205364,-2.2566657,15.380547,392945.0,68522.69,0.13258432,0.104699,4782847.0
12.395385,11.354135,-3.2356641,-1.197667,14.54426,241683.62,85317.48,0.039334074,0.3018977,2072487.2
13.73688,11.509329,-3.3561225,-3.1989996,16.248827,924381.6,99640.984,0.034870207,0.040803,11396615.0
13.8845215,11.727427,-1.6264385,-3.1225283,16.14712,1071447.9,123924.34,0.19662862,0.044045664,10294492.0
14.088738,11.733019,-4.483825,-1.5506585,15.137945,1314199.8,124619.31,0.011290143,0.21210827,3752546.2
14.526181,11.55303,-3.7315526,-2.8467498,15.06729,2035355.9,104091.96,0.023955613,0.058032632,3496560.5
14.130856,11.274181,-2.572134,-3.5106628,15.027624,1370732.1,78761.64,0.07637239,0.029877106,3360580.0
13.449185,11.165664,-3.6768343,-2.4643464,14.896096,693277.3,70662.03,0.025302948,0.08506442,2946404.8
14.045212,11.620528,-2.6951346,-1.8667972,14.706071,1258224.0,111360.53,0.06753329,0.15461808,2436494.5
12.868136,10.738686,-2.951115,-3.4318464,15.438975,387757.88,46105.41,0.052281387,0.032327197,5070628.5
13.246332,10.620885,-2.3241665,-2.877548,13.946712,565990.25,40981.863,0.09786498,0.056272574,1140196.9
12.859812,11.08192,-2.6550114,-1.9481302,14.719941,384543.34,64985.516,0.07029804,0.14254034,2470524.8
14.00576,11.926701,-3.727279,-2.3983696,16.488714,1209551.5,151251.7,0.02405821,0.090865985,14486304.0
13.463646,11.613794,-1.4010507,-2.6696172,15.67107,703375.3,110613.16,0.24633801,0.06927874,6395275.5
15.392558,12.565247,-3.059019,-2.2373855,15.853098,4840643.0,286429.2,0.04693371,0.106737204,7672077.0
13.17084,10.765269,-3.8690422,-2.3897483,14.825643,524835.56,47347.5,0.020878358,0.09165274,2745963.5
13.576036,10.783041,-3.7209382,-2.083366,14.307711,787041.6,48196.47,0.024211243,0.124510415,1635911.4
12.887918,10.623033,-3.4838293,-3.4467366,16.667374,395504.9,41069.973,0.030689668,0.031849407,17320020.0
14.281395,11.611312,-3.117594,-3.6496208,15.425465,1593422.8,110338.914,0.044263538,0.026000988,5002581.5
12.495904,10.764724,-3.6800911,-1.301509,14.2214365,267240.4,47321.68,0.025220675,0.27212083,1500691.4
14.712107,12.066178,-3.6059797,-3.0485225,16.866032,2451245.2,173890.02,0.027160823,0.04742895,21126350.0
15.195563,12.653454,-1.8932483,-1.2273668,16.200878,3975111.2,312842.1,0.15058188,0.29306325,10863055.0
13.11714,11.522784,-3.2489028,-1.5652572,15.208015,497395.03,100990.75,0.038816776,0.20903425,4024919.5
13.8964205,11.166532,-3.206154,-3.00989,15.364282,1084273.2,70723.38,0.04051212,0.049297098,4705684.0
14.2161665,11.966966,-3.6148424,-3.358591,16.186512,1492803.6,157466.12,0.026921168,0.03478423,10708110.0
14.790659,11.34879,-3.388188,-1.2229266,13.873434,2651560.8,84862.72,0.033769816,0.2943674,1059634.0
13.635725,11.131652,-2.0658321,-2.5728354,15.493993,835449.4,68299.1,0.1267128,0.07631884,5357418.5
13.9607315,11.14414,-2.7360053,-2.1372333,14.283883,1156295.0,69157.39,0.0648288,0.117980815,1597392.4
14.288843,11.74167,-3.3134866,-2.408624,14.951994,1605335.2,125702.05,0.03638908,0.08993897,3115792.0
14.957786,11.759189,-2.8642023,-1.9169648,14.62405,3133890.0,127923.625,0.057028607,0.14705263,2244627.5
13.625616,10.936092,-1.7018746,-3.7640593,14.3340845,827046.4,56167.434,0.18234138,0.023189416,1679630.8
12.811075,11.83434,-3.1277523,-1.9310486,16.096355,366251.38,137907.73,0.04381617,0.14499608,9784944.0
15.20569,11.927458,-3.7697928,-3.748366,15.604965,4015572.0,151366.27,0.02305684,0.023556203,5986187.0
14.60552,11.714474,-2.5533633,-2.9548576,15.042585,2203417.8,122329.52,0.0778195,0.052086078,3411236.5
14.486292,12.1866455,-2.027683,-2.1157036,16.12397,1955764.9,196152.06,0.13164018,0.12054844,10058917.0
12.725045,10.817743,-3.5477524,-1.416906,15.95535,336060.06,49898.355,0.028789274,0.24246304,8498072.0
14.819205,12.904736,-3.5408149,-1.2251669,16.49835,2728343.8,402212.4,0.028989695,0.29370868,14626568.0
13.499901,12.750337,-3.2880323,-1.3777168,15.989027,729344.0,344667.9,0.037327226,0.2521536,8789136.0
13.869118,11.893018,-3.2616277,-1.8616313,15.449779,1055070.1,146241.95,0.038325965,0.15541889,5125704.5
14.598388,11.244176,-2.1970763,-3.5982914,14.079778,2187757.8,76433.47,0.111127585,0.027370447,1302476.1
14.695191,11.879249,-3.311792,-3.190812,15.296805,2410130.2,144242.12,0.0364508,0.041138448,4398637.5
14.4230795,12.087048,-2.308805,-2.668588,15.257359,1835962.6,177557.11,0.09937994,0.069350086,4228503.0
13.521146,11.712773,-3.0238788,-1.3845856,14.939665,745004.7,122121.695,0.048612293,0.25042754,3077613.0
13.113736,12.194503,-2.4329877,-1.4591376,16.112453,495704.94,197699.38,0.087774195,0.23243666,9943737.0
12.8110895,10.683318,-3.9626875,-1.304267,14.347519,366256.62,43622.055,0.019011952,0.27137136,1702347.8
14.391944,11.79217,-1.945858,-3.2740798,15.94599,1779679.6,132213.0,0.1428646,0.037851684,8418899.0
12.824539,10.363536,-3.1199312,-3.7656457,14.229742,371215.94,31683.012,0.044160206,0.023152657,1513207.4
14.188267,11.666665,-4.0251937,-2.2616904,15.212359,1451730.4,116618.72,0.017859964,0.10417424,4042441.5
14.109162,11.5957365,-4.049691,-1.993392,14.715737,1341316.8,108633.65,0.017427756,0.13623254,2460161.0
12.673263,10.8176,-2.711413,-1.195479,14.354664,319100.88,49891.22,0.06644286,0.302559,1714554.5
13.871139,12.067574,-2.8860538,-1.2413219,15.2488,1057204.4,174132.81,0.05579596,0.28900194,4192468.5
12.803421,12.864584,-1.9244387,-1.8847742,15.93512,363458.72,386382.84,0.14595766,0.15186335,8327881.0
14.133254,11.471415,-3.696505,-3.108195,16.495102,1374023.8,95933.89,0.024810085,0.04468153,14579135.0
13.350819,11.105743,-2.3367212,-2.767121,15.144432,628328.6,66552.305,0.096644,0.06284267,3776967.8
14.35561,12.406105,-2.323636,-1.313913,16.192904,1716177.4,244288.47,0.09791691,0.2687663,10776771.0
14.931871,12.388962,-2.776897,-2.4057205,15.761276,3053721.0,240136.27,0.062231313,0.090200484,6998989.0
13.079295,10.843367,-4.4764147,-2.7741275,16.77843,478923.03,51193.438,0.01137412,0.062403902,19354412.0
12.839103,11.11698,-2.144939,-2.8537102,16.293856,376661.72,67304.31,0.11707518,0.057630107,11921519.0
14.979797,12.121928,-3.7578318,-1.5015966,15.261721,3203637.2,183859.69,0.023334278,0.22277421,4246988.5
12.845332,10.541967,-3.8016417,-2.0233364,14.140495,379015.4,37872.004,0.022334076,0.1322136,1384009.5
14.826264,12.029667,-2.1563,-3.9628603,16.55497,2747671.5,167655.56,0.11575261,0.019008664,15478612.0
14.665197,11.458254,-4.285341,-2.940744,15.013865,2338914.2,94679.6,0.013768928,0.052826416,3314659.5
13.05695,11.1603365,-3.5728266,-2.1204932,14.993007,468339.9,70286.6,0.02807638,0.119972445,3246236.0
14.11369,11.458938,-2.4349625,-3.518255,16.760817,1347404.0,94744.37,0.08760103,0.029651131,19016480.0
12.331485,11.606536,-3.4316597,-1.7465078,14.946669,226723.11,109813.19,0.032333232,0.17438187,3099243.5
12.498919,11.664189,-2.5936604,-1.2391258,15.915483,268047.25,116330.36,0.074745946,0.2896373,8165948.5
12.844708,10.838023,-1.6793193,-2.7285607,14.649945,378779.1,50920.617,0.18650089,0.06531323,2303511.5
14.706906,12.190543,-3.385709,-3.4788427,16.99073,2438531.0,196918.1,0.03385363,0.030843085,23932078.0
13.790509,11.217572,-2.8986468,-1.7559363,14.481992,975308.6,74426.86,0.055097725,0.17274544,1947372.9
14.857211,11.894314,-3.6035697,-2.8627825,15.611375,2834032.2,146431.61,0.027226357,0.05710963,6024679.5
15.290855,11.687769,-3.2585752,-3.141811,14.6951275,4372543.5,119105.98,0.038443133,0.04320449,2409976.2
13.45432,11.20484,-1.9043896,-3.7092044,15.082891,696846.2,73485.23,0.1489135,0.024497004,3551538.5
13.838542,11.182988,-3.6005955,-2.3652909,14.888256,1023298.7,71896.88,0.027307456,0.093921974,2923394.8
14.545418,12.012338,-1.45084,-3.724919,15.583259,2074888.1,164775.25,0.23437333,0.024115052,5857647.5
13.758973,11.658332,-2.6051965,-3.9369354,15.64318,945031.1,115650.945,0.073888615,0.019507907,6219374.5
14.049022,11.245104,-3.4236424,-2.393065,14.847367,1263026.9,76504.42,0.0325935,0.091349274,2806271.5
13.52894,10.952675,-4.256283,-3.272697,14.831277,750834.25,57106.594,0.014174895,0.03790406,2761478.8
14.913236,11.958516,-3.4775522,-3.0743432,15.572735,2997339.8,156141.22,0.030882914,0.046219975,5796326.0
13.035955,10.569747,-2.7085814,-3.0298066,14.220607,458610.0,38938.82,0.06663126,0.048324984,1499446.8
13.6284075,11.25431,-1.8295702,-3.3831077,16.38269,829358.25,77211.96,0.16048253,0.033941813,13029029.0
14.07367,11.176888,-1.4567155,-3.9510918,15.131014,1294545.8,71459.664,0.23300032,0.019233692,3726626.2
14.224072,11.592865,-4.151337,-0.9971811,14.618621,1504652.4,108322.16,0.01574335,0.3689179,2232473.8
12.796432,10.764812,-2.365934,-2.9417372,14.833234,360927.2,47325.875,0.0938616,0.05277397,2766888.2
13.815864,10.827779,-2.726053,-3.0829542,14.292462,1000353.1,50401.633,0.06547722,0.045823686,1611155.8
14.896633,12.537895,-3.7493386,-3.8546622,16.878174,2947987.0,278701.12,0.023533305,0.021180758,21384434.0
13.203254,11.122089,-3.054996,-2.5691633,14.904009,542126.0,67649.1,0.047122907,0.076599605,2969811.0
14.344775,11.570658,-3.9460218,-2.3536787,15.08629,1697683.5,105943.13,0.019331453,0.095018975,3563630.5
13.700084,11.281196,-3.4529057,-3.4471042,16.293596,890985.75,79316.04,0.031653527,0.031837698,11918427.0
14.323815,12.50392,-4.3810024,-2.3436034,15.979481,1662470.6,269391.12,0.01251281,0.09598116,8705632.0
14.018394,12.378678,-3.445202,-2.6538231,15.839409,1224930.2,237679.48,0.031898316,0.07038162,7567769.0
12.989139,10.8856325,-2.0935123,-3.2006547,16.129316,437634.16,53403.55,0.12325347,0.040735524,10112839.0
13.830074,11.223893,-4.1168575,-3.0449939,14.988166,1014670.3,74898.805,0.016295644,0.047596604,3230559.2
12.414031,10.247146,-3.8069587,-2.775477,14.243198,246232.39,28201.93,0.022215642,0.062319748,1533707.2
14.230165,11.874781,-2.4903607,-1.1540368,14.761173,1513846.9,143599.1,0.082880065,0.31536117,2574519.0
14.9234915,12.3007345,-2.7272696,-3.022906,16.53598,3028238.0,219857.42,0.065397605,0.048659604,15187454.0
12.460022,11.057348,-3.2670455,-1.8999652,14.392109,257821.3,63408.188,0.038118884,0.14957383,1779973.2
14.620591,11.848208,-1.8276458,-3.4268034,15.668592,2236876.8,139833.6,0.16079167,0.032490637,6379450.0
13.347564,10.98567,-4.2646785,-2.1146986,14.255671,626286.8,59022.27,0.0140563855,0.12066965,1552955.6
14.945304,12.349752,-1.6692827,-2.637405,15.835855,3095017.0,230902.88,0.18838215,0.071546696,7540918.5
12.598906,11.192357,-2.7700276,-3.2739568,16.281355,296234.2,72573.64,0.06266027,0.03785634,11773419.0
12.902507,11.769611,-2.4728186,-1.5360277,15.864025,401316.97,129263.91,0.084346786,0.21523438,7756371.0
13.243245,11.62963,-3.3197377,-1.6689636,15.149522,564245.75,112378.74,0.036162317,0.18844227,3796240.8
14.134096,11.879187,-1.685187,-2.8566468,15.6563015,1375181.4,144233.19,0.18540975,0.057461116,6301520.5
13.7611885,10.95287,-4.026986,-3.7995965,14.875312,947127.06,57117.758,0.01782798,0.022379799,2885797.5
13.575349,11.100498,-2.089497,-3.24332,14.488905,786500.7,66204.13,0.12374935,0.039034087,1960882.0
13.080914,10.426496,-4.06297,-3.6895623,14.034475,479698.72,33741.895,0.017197862,0.024982935,1244787.4
14.71109,11.68998,-2.1303892,-3.4972198,15.330728,2448754.5,119369.56,0.11879105,0.030281454,4550408.5
13.940748,11.529426,-3.0620577,-2.9078205,15.86839,1133417.8,101663.7,0.04679131,0.05459459,7790301.0
14.55048,12.068877,-2.0863605,-2.859112,15.8371525,2085418.0,174359.97,0.124138124,0.057319637,7550712.5
14.738212,12.3805485,-2.907501,-1.484202,15.538949,2516077.2,238124.39,0.054612037,0.22668315,5603763.5
13.693716,12.320119,-2.0783253,-2.03927,16.043896,885330.25,224160.8,0.12513961,0.13012367,9284860.0
13.062575,11.399219,-1.56364,-2.4687295,15.213051,470982.1,89251.95,0.20937257,0.084692396,4045237.5
14.216797,11.26337,-3.4290724,-3.202746,14.968099,1493744.9,77914.67,0.032417,0.040650427,3166377.2
13.191356,11.236904,-4.4116936,-2.3893592,14.900128,535714.0,75879.67,0.01213461,0.09168842,2958309.0
12.647303,10.613715,-2.4995368,-2.9690971,14.8995905,310923.62,40689.086,0.08212303,0.05134965,2956718.2
12.478253,10.815062,-4.432456,-2.2738094,14.365373,262564.84,49764.72,0.011885263,0.10291937,1733014.0
13.524113,11.113591,-2.1654077,-2.40371,14.369331,747218.3,67076.65,0.11470316,0.090382025,1739888.1
12.727696,10.606783,-2.3813694,-3.4254901,14.241447,336952.22,40407.992,0.09242393,0.032533333,1531024.1
13.605731,11.001175,-3.8836958,-2.4727633,14.865049,810762.94,59944.53,0.020574644,0.08435145,2856333.5
12.91628,10.780721,-2.162362,-3.1502929,15.023309,406882.53,48084.766,0.115053035,0.04283958,3346109.0
12.622006,11.435812,-1.5842998,-1.625436,14.511167,303157.1,92578.48,0.20509134,0.19682585,2005024.0
13.927404,11.560431,-3.157408,-2.821108,15.9986105,1118394.1,104865.15,0.042535853,0.05953993,8873772.0
14.023084,11.9859495,-2.2702668,-0.95292455,15.002531,1230687.8,160484.0,0.10328462,0.38561162,3277302.0
12.810594,10.305779,-2.6489706,-3.3026843,15.2891445,366075.03,29904.955,0.07072398,0.036784295,4365069.0
12.879869,11.103135,-4.008378,-1.3083788,15.085555,392334.25,66378.94,0.018162832,0.27025783,3561011.0
12.673602,11.412694,-3.2862957,-1.3508189,14.265806,319209.25,90462.8,0.037392106,0.25902808,1568775.9
13.836023,11.396887,-4.4015207,-0.9684656,14.639812,1020724.6,89044.08,0.012258683,0.37966514,2280288.2
12.76741,10.655166,-1.6206594,-3.54954,14.92201,350603.16,42411.113,0.19776826,0.028737854,3023756.2
15.066408,12.369228,-4.318196,-2.8997107,16.728897,3493477.2,235444.0,0.0133239,0.055039145,18419070.0
13.843638,11.527863,-3.80464,-1.4694296,14.525496,1028527.2,101504.92,0.022267211,0.23005667,2033960.8
12.594969,11.196136,-2.5383315,-1.408728,14.356669,295070.28,72848.445,0.0789981,0.24445403,1717996.6
15.244264,13.094433,-3.0853376,-3.1884778,16.843182,4173492.0,486227.94,0.045714594,0.041234594,20649086.0
14.526295,11.326788,-3.474686,-2.880927,14.479135,2035586.9,83015.945,0.03097156,0.056082744,1941816.8
14.580518,11.763756,-3.325957,-4.0769925,16.234451,2149010.0,128509.2,0.035938106,0.016958391,11233953.0
12.856158,10.910141,-2.6041849,-1.714359,14.524689,383140.97,54728.562,0.0739634,0.1800791,2032320.4
13.667566,10.921252,-4.5716214,-3.5175667,15.847293,862479.2,55340.055,0.010341179,0.029671548,7627669.5
13.790103,10.67526,-4.3559403,-3.8367286,15.136193,974912.44,43271.938,0.012830369,0.021564031,3745978.0
14.874093,12.051339,-3.1253648,-3.1210213,16.792154,2882282.5,171328.69,0.043920908,0.044112094,19621850.0
12.80979,10.747841,-1.4027693,-3.3679626,15.555044,365780.84,46529.457,0.245915,0.034459773,5694687.0
14.487215,11.408291,-1.8414692,-3.5480816,14.719948,1957571.1,90065.36,0.15858427,0.028779797,2470541.2
14.822307,12.398934,-3.2312398,-2.0764682,16.045095,2736818.5,242543.02,0.039508484,0.12537222,9296006.0
13.905628,11.345467,-4.300708,-2.466105,16.24728,1094303.0,84581.14,0.013558959,0.08491496,11379000.0
13.053855,11.002686,-4.507786,-2.2107215,14.521229,466892.78,60035.152,0.01102284,0.10962153,2025300.8
15.389315,12.423338,-4.293674,-3.5178065,16.299807,4824968.0,248534.75,0.013654666,0.029664433,11992675.0
14.390687,12.228452,-2.544013,-2.2877867,16.471495,1777444.1,204526.28,0.07855054,0.10149084,14238992.0
12.923616,10.8047905,-1.5961591,-3.19089,15.028974,409878.66,49256.2,0.20267348,0.04113524,3365118.0
13.8622465,11.976168,-2.6309652,-1.1691662,15.131174,1047845.3,158921.83,0.07200892,0.31062582,3727223.2
14.82207,12.082203,-2.2403991,-2.6894517,16.460482,2736171.2,176698.98,0.106416024,0.06791817,14083038.0
14.396745,11.2572565,-4.2365804,-2.956296,14.63921,1788244.1,77439.83,0.014456945,0.05201121,2278914.5
14.494281,11.826585,-1.503475,-2.6768093,16.15488,1971451.9,136842.34,0.22235614,0.06878227,10374698.0
13.853129,12.343921,-4.5467896,-2.3892033,16.85483,1038335.4,229560.23,0.010601183,0.091702715,20891016.0
13.065125,10.787003,-3.846403,-3.3112435,14.265487,472184.7,48387.777,0.02135642,0.036470793,1568274.8
14.864776,12.2186165,-1.4665815,-3.0549717,15.566607,2855551.8,202524.56,0.23071285,0.047124054,5760918.5
15.0265875,12.945491,-2.904113,-1.2520564,16.055363,3357098.0,418943.28,0.05479737,0.28591624,9391943.0
14.958939,12.28394,-2.0175784,-3.3945432,16.51074,3137505.5,216195.92,0.1329771,0.03355588,14808920.0
15.17265,12.097033,-1.9789721,-3.667295,16.552141,3885065.2,179338.89,0.13821124,0.025545478,15434892.0
13.464538,11.4961405,-2.0996826,-1.9499773,16.505945,704002.8,98335.51,0.12249531,0.1422773,14738080.0
13.294679,11.724199,-3.0935187,-1.2363557,14.87437,594026.2,123525.055,0.045342125,0.29044077,2883079.8
13.038177,11.405459,-1.833682,-1.266241,14.218304,459629.75,89810.7,0.15982401,0.28188926,1495997.4
13.643886,11.411877,-3.6429083,-3.0111334,16.352354,842295.0,90388.89,0.026176104,0.049235843,12639711.0
14.253971,12.060669,-2.7308733,-1.422504,15.799613,1550318.8,172934.62,0.06516235,0.24110954,7272517.0
12.997885,10.777357,-3.7977493,-2.3990355,14.27402,441478.56,47923.3,0.02242118,0.0908055,1581714.9
14.677847,11.829547,-4.5022235,-3.206627,15.651034,2368688.2,137248.3,0.011084323,0.04049297,6268416.5
14.417427,11.628104,-3.9512968,-2.692048,16.857859,1825614.2,112207.4,0.01922975,0.06774206,20954388.0
13.111579,11.6271925,-3.5031085,-0.93367106,14.668769,494636.75,112105.14,0.030103661,0.39310795,2347282.5
13.06441,11.356568,-1.4363754,-1.0809212,14.428956,471847.06,85525.37,0.2377881,0.33928284,1846783.5
14.233455,11.364584,-2.9821498,-2.9630504,14.76582,1518835.9,86213.664,0.050683755,0.051661093,2586508.8
13.92793,11.418846,-2.5019114,-3.7535636,15.014526,1118982.0,91021.055,0.08192825,0.023434086,3316851.0
13.08304,11.344627,-4.3595405,-1.6246617,14.798116,480720.0,84510.19,0.012784261,0.1969783,2671406.8
14.213643,12.340845,-3.8904984,-1.232576,15.952594,1489041.4,228855.28,0.020435158,0.2915406,8474683.0
12.5062065,11.147435,-4.0262403,-1.3777086,14.746524,270007.9,69385.64,0.017841281,0.2521557,2537078.8
14.13875,11.751188,-4.374144,-1.9383858,15.328754,1381596.2,126904.266,0.012598922,0.1439361,4541439.0
14.115066,11.891781,-4.5504704,-2.4602396,16.42031,1349258.2,146061.19,0.0105622355,0.08541448,13528499.0
12.61069,10.393013,-3.4440935,-4.0905743,14.959961,299745.8,32630.836,0.0319337,0.016729623,3140714.8
14.896765,12.077971,-3.8268023,-3.1171587,16.591581,2948375.0,175952.88,0.021779148,0.044282813,16055810.0
12.601883,10.125107,-3.386901,-3.068942,13.941085,297117.5,24961.922,0.033813305,0.046470292,1133799.4
13.953926,11.849363,-3.0033174,-1.1377572,14.729516,1148452.6,139995.19,0.04962218,0.32053712,2494293.2
14.355322,11.766573,-2.047169,-3.6896532,15.606563,1715683.1,128871.74,0.12909988,0.024980664,5995757.0
13.174654,11.68652,-2.6139197,-1.820338,15.178465,526840.94,118957.266,0.073246874,0.16197099,3907721.0
12.734701,10.682591,-1.815396,-1.987313,14.243464,339320.78,43590.367,0.16277345,0.13706322,1534115.4
14.15788,11.835015,-1.7866883,-2.0592275,15.22418,1408280.2,138000.88,0.167514,0.12755246,4090510.0
14.351616,11.798729,-4.459099,-2.8706026,16.517872,1709336.6,133083.1,0.011572788,0.05666477,14914909.0
14.304271,11.064954,-2.6417413,-3.9137287,14.05759,1630293.8,63892.277,0.07123712,0.019965915,1273894.8
14.303867,11.939147,-2.34935,-2.6706226,16.58701,1629636.1,153146.0,0.09543117,0.06920912,15982572.0
14.379829,11.532043,-2.754954,-3.6826475,15.465627,1758249.8,101930.19,0.06361194,0.025156286,5207584.5
15.083708,12.468829,-4.121584,-2.7986379,16.545336,3554439.0,260102.0,0.016218804,0.06089295,15330207.0
13.197037,10.845518,-2.789431,-2.3344471,14.309694,538766.06,51303.7,0.061456166,0.09686402,1639159.8
13.151358,11.047021,-1.5370467,-2.5716918,14.132852,514709.34,62756.72,0.21501517,0.07640617,1373470.9
12.645975,11.074889,-3.613129,-2.8465483,16.44544,310511.16,64530.24,0.026967337,0.058044326,13872795.0
13.28962,10.922577,-2.8682468,-2.7684515,14.030758,591029.0,55413.41,0.056798417,0.06275912,1240168.6
15.0091,12.557155,-3.8307967,-2.736575,16.812109,3298901.0,284120.75,0.021692326,0.06479189,20017330.0
14.826518,12.15804,-2.5381272,-2.3830414,15.458719,2748368.5,190620.55,0.07901424,0.092269525,5171737.5
14.381924,11.774937,-3.2924247,-2.8790789,16.879377,1761935.9,129954.11,0.03716363,0.056186493,21410186.0
13.544182,10.85441,-3.774736,-1.6325176,13.89587,762365.8,51761.926,0.022943148,0.19543692,1083676.8
14.488422,11.702394,-3.72444,-3.6708603,15.815445,1959936.0,120860.66,0.024126606,0.025454562,7388571.5
14.1782675,11.169846,-1.7345393,-2.7595892,14.22927,1437286.5,70958.16,0.17648149,0.063317776,1512493.2
13.617761,10.967358,-4.5934706,-2.8087752,15.378976,820575.06,57951.26,0.010117684,0.060278777,4775340.5
14.943883,12.264364,-3.9336083,-2.3784378,15.587946,3090622.0,212004.81,0.019572921,0.09269527,5885168.5
14.064158,11.657165,-3.0424366,-1.0145416,14.168311,1282290.4,115516.03,0.047718477,0.3625686,1423047.2
13.828919,10.737336,-3.580097,-3.8276093,15.037047,1013499.1,46043.24,0.027872996,0.02176158,3392397.2
13.292844,11.19727,-2.8432689,-2.0036383,15.115686,592937.25,72931.09,0.058234993,0.1348438,3669942.0
14.244125,11.685503,-2.5744154,-2.8701174,15.401036,1535129.6,118836.4,0.076198354,0.05669227,4881857.0
13.792929,10.869805,-3.7406487,-4.108075,15.626112,977671.2,52564.977,0.023738697,0.016439388,6114123.5
13.917801,11.665709,-1.8245655,-2.891326,15.435313,1107705.0,116507.22,0.16128771,0.05550257,5052093.5
12.732097,11.150399,-3.6842256,-1.8219832,16.675955,338438.16,69591.6,0.025116619,0.16170473,17469286.0
12.364466,12.372049,-3.9055283,-1.2480714,15.871077,234325.33,236109.11,0.020130316,0.28705788,7811258.0
14.313985,11.999743,-3.0838902,-2.9437635,16.061153,1646207.8,162713.05,0.045780815,0.05266714,9446486.0
15.306872,11.96091,-3.792655,-3.8456078,15.386334,4443142.0,156515.42,0.022535691,0.021373408,4810610.0
12.266037,10.8580265,-2.5373986,-2.475239,16.623192,212359.73,51949.453,0.079071835,0.08414287,16571449.0
13.584724,11.4697895,-3.49655,-2.6832206,15.125247,793909.25,95778.12,0.030301742,0.06834269,3705197.0
14.1902685,11.336815,-2.6114058,-2.6228895,14.970991,1454639.2,83852.52,0.07343124,0.0725928,3175549.2
13.579161,10.749809,-3.2452686,-2.6686366,13.901047,789504.4,46621.137,0.0389581,0.06934671,1089301.0
13.558147,11.409929,-2.2354786,-1.1316401,14.624152,773087.44,90213.04,0.10694093,0.3225039,2244856.5
14.880786,11.802185,-2.5299842,-2.9189508,15.261518,2901638.0,133543.83,0.079660274,0.053990304,4246125.5
12.603252,11.000624,-3.0858228,-1.5932052,14.209028,297524.66,59911.496,0.04569242,0.20327303,1482185.5
13.525948,11.374997,-3.6479163,-2.8664634,16.18655,748590.6,87116.11,0.026045343,0.0568998,10708519.0
15.178255,12.497939,-3.6149564,-3.6796799,16.650015,3906901.2,267784.84,0.0269181,0.02523105,17021960.0
12.909661,10.754163,-2.5039778,-2.0271254,14.226083,404198.47,46824.543,0.08175913,0.13171361,1507680.2
13.736277,10.998655,-3.8765159,-2.3458414,14.123212,923823.8,59793.684,0.020722901,0.09576659,1360294.6
12.364431,10.57936,-3.2352214,-3.426163,14.957049,234317.28,39314.945,0.039351493,0.03251145,3131583.5
14.879052,12.346292,-4.3241053,-1.2071204,15.486589,2896611.5,230105.12,0.013245396,0.2990572,5317902.0
14.4264145,11.646049,-2.0888836,-3.426519,15.022332,1842095.8,114239.06,0.12382529,0.03249988,3342843.0
14.987489,12.075063,-2.295471,-2.3556666,15.305793,3228372.8,175441.81,0.10071395,0.09483027,4438348.0
12.636247,11.399305,-2.0893931,-1.3178148,14.591519,307505.03,89259.695,0.12376222,0.2677197,2172783.0
14.180382,12.30206,-2.6082723,-2.8961248,16.259459,1440328.5,220149.06,0.0736617,0.055236857,11518426.0
12.891748,11.157771,-3.3443553,-2.8646688,16.4953,397022.56,70106.52,0.035282955,0.057002004,14582027.0
14.935616,11.908647,-2.9545515,-2.4992893,15.077626,3065176.0,148545.5,0.052102026,0.08214336,3532888.0
13.472796,11.59056,-3.3373034,-1.8509969,15.876157,709841.1,108072.76,0.035532646,0.1570805,7851042.0
13.690281,11.662412,-3.764921,-1.8500502,14.8745165,882294.25,116123.75,0.023169443,0.15722927,2883503.2
13.849567,11.674763,-2.560349,-2.738067,16.496454,1034643.44,117566.89,0.077277765,0.06469529,14598863.0
13.523828,11.148536,-3.66559,-3.772784,15.592543,747005.3,69462.04,0.025589067,0.022987975,5912283.0
12.917001,11.195584,-2.336489,-2.3042097,15.427545,407176.0,72808.234,0.09666644,0.09983767,5012997.5
13.793546,11.471333,-4.570774,-2.9987679,16.013939,978274.6,95926.02,0.010349945,0.049848452,9010840.0
13.213057,10.998383,-2.3049827,-1.4563937,14.26743,547466.5,59777.38,0.09976053,0.23307529,1571325.9
13.036646,11.342211,-3.7729886,-2.3657074,16.14315,458926.75,84306.21,0.022983273,0.093882866,10253712.0
13.880571,12.114914,-1.6277314,-2.032562,15.506913,1067223.9,182574.56,0.19637455,0.13099946,5427087.5
14.549298,11.711598,-4.0942283,-3.7366998,16.491999,2082955.4,121978.3,0.016668605,0.023832625,14533962.0
15.092132,11.997098,-3.617907,-3.223832,15.330931,3584507.5,162283.16,0.02683879,0.03980225,4551333.0
14.91759,12.470324,-4.051335,-1.1146585,15.758478,3010420.0,260491.0,0.017399134,0.32802728,6979432.5
13.8811655,10.99812,-2.7129629,-2.6881566,14.03797,1067858.1,59761.703,0.06633996,0.06800619,1249144.6
15.121273,12.324134,-4.076685,-3.921986,16.624691,3690502.0,225062.61,0.016963609,0.019801727,16596311.0
14.708279,11.603701,-2.9990554,-3.592796,15.10274,2441879.8,109502.28,0.04983412,0.027521271,3622736.8
15.226215,11.852249,-4.0985885,-1.6850257,14.873435,4098843.2,140399.77,0.016596084,0.18543966,2880386.5
13.4598255,11.155169,-2.550694,-2.3659506,15.5502,700693.25,69924.305,0.078027494,0.09386004,5667170.0
13.073866,11.660369,-2.5738218,-1.4719714,14.983922,476329.88,115886.77,0.0762436,0.22947265,3216878.5
13.856467,11.532179,-3.086074,-2.647842,16.800419,1041807.0,101943.99,0.04568094,0.07080385,19784688.0
13.285077,12.013381,-1.4246485,-2.1850684,15.177088,588349.9,164947.25,0.24059302,0.112470046,3902343.2
14.805305,12.217258,-4.3455367,-2.6498218,16.871119,2690680.0,202249.72,0.012964549,0.07066381,21234092.0
14.228444,11.35834,-3.645905,-2.8833678,14.894859,1511244.6,85677.05,0.02609778,0.055946033,2942762.5
13.228786,11.276194,-2.7923574,-2.598276,15.080732,556146.2,78920.29,0.06127659,0.07440174,3543878.8
12.2439995,11.367668,-2.8478615,-1.7492788,15.762735,207731.05,86479.98,0.05796815,0.17389932,7009208.5
13.9435215,10.973078,-4.097614,-3.366877,14.398935,1136565.5,58283.703,0.016612269,0.0344972,1792165.6
14.454809,11.42773,-2.3893025,-3.1942163,14.775826,1895151.2,91833.24,0.09169362,0.040998645,2612521.8
13.302511,10.856976,-3.6625812,-1.5501635,13.952597,598697.2,51894.887,0.025666177,0.21221328,1146926.9
12.388294,11.901972,-3.078566,-2.2960756,16.924421,239976.0,147557.3,0.046025205,0.100653075,22396636.0
15.055764,12.348521,-4.1382394,-3.5723639,16.578297,3456490.0,230618.77,0.01595091,0.028089376,15843924.0
13.967794,11.275895,-2.362793,-2.7417388,14.98545,1164490.8,78896.734,0.094156876,0.06445817,3221796.8
13.174897,10.751884,-3.972413,-1.5060682,14.16302,526969.1,46717.984,0.018827945,0.22178026,1415537.9
14.9815,12.56562,-2.5819945,-1.716367,15.706213,3209095.5,286536.28,0.07562302,0.17971788,6624020.0
14.30346,12.125775,-4.112156,-1.2739207,16.406862,1628972.6,184568.39,0.016372439,0.27973273,13347802.0
14.740534,11.939998,-1.539002,-1.1910784,14.982358,2521927.0,153276.33,0.21459517,0.30389336,3211851.0
13.792133,11.35721,-2.9095976,-1.4023218,14.023401,976893.9,85580.28,0.05449765,0.24602507,1231078.6
13.500437,11.373927,-2.3306634,-1.6423485,14.998711,729735.06,87022.945,0.09723122,0.19352502,3264805.2
14.084555,11.653516,-2.9543076,-1.3307424,14.809904,1308712.9,115095.305,0.052114736,0.264281,2703084.5
14.682971,11.649469,-4.1354895,-3.919768,15.271177,2380856.8,114630.52,0.015994834,0.019845696,4287341.0
12.774966,10.734466,-2.3756785,-2.3503995,14.02642,353262.34,45911.258,0.092951395,0.09533107,1234800.1
13.873915,11.261804,-3.6272223,-3.1901758,16.928537,1060143.4,77792.76,0.026589941,0.041164633,22489012.0
13.518742,11.230145,-2.3753183,-1.7910806,15.231145,743215.7,75368.555,0.092984885,0.16677985,4119098.5
14.501445,11.601062,-2.1539164,-2.0961015,14.567707,1985626.0,109213.7,0.11602885,0.12293475,2121655.2
12.677181,11.60464,-2.5055323,-1.2399703,14.587386,320353.78,109605.19,0.08163214,0.2893928,2163820.8
13.766733,10.941416,-2.8874457,-2.6503747,15.139645,952393.1,56467.23,0.055718355,0.07062475,3758929.0
14.696871,12.795471,-2.5710287,-2.8878894,16.89614,2414181.2,360580.75,0.07645685,0.055693638,21772084.0
12.858661,10.072629,-3.2755487,-4.027625,15.78759,384100.97,23685.752,0.037796125,0.017816592,7185603.0
13.827827,11.621977,-4.3621364,-1.5563222,14.518071,1012393.06,111521.97,0.012751117,0.21091034,2018915.8
14.229946,11.420692,-3.946684,-3.4804676,15.850297,1513516.2,91189.266,0.019318659,0.03079301,7650618.0
14.048847,11.64857,-3.7906678,-2.4041574,16.710394,1262806.5,114527.48,0.022580517,0.09034158,18081392.0
14.494911,11.437459,-2.6240182,-3.8460271,15.30915,1972695.0,92731.08,0.07251091,0.021364447,4453272.5
14.902735,11.626327,-4.458259,-3.6534283,16.082636,2966029.5,112008.11,0.01158251,0.025902176,9651616.0
12.268369,10.919365,-3.2265728,-1.9703646,14.220621,212855.48,55235.71,0.039693303,0.13940603,1499468.2
13.278446,10.736707,-3.6167188,-2.1660275,13.951869,584461.5,46014.266,0.026870701,0.114632085,1146092.6
14.223584,11.080189,-2.7173219,-3.9481378,15.044634,1503917.9,64873.13,0.06605141,0.019290593,3418231.5
13.408932,11.202872,-2.1803417,-3.4094524,16.59161,665924.6,73340.8,0.11300291,0.0330593,16056270.0
13.1024475,11.797776,-2.5294476,-2.7341254,15.333172,490140.56,132956.36,0.07970304,0.06495079,4561544.5
14.112565,12.334786,-3.2192326,-1.8470294,15.712474,1345888.6,227472.9,0.039985735,0.15770495,6665622.5
13.284322,11.759811,-3.9340694,-1.8265253,15.127977,587905.7,128003.31,0.019563897,0.16097192,3715327.5
12.800416,10.296995,-4.361532,-3.051764,15.28205,362368.16,29643.412,0.012758823,0.047275458,4334211.0
13.41243,10.867161,-4.204103,-2.7562683,14.298516,668258.1,52426.15,0.014934177,0.063528396,1620939.1
12.821153,10.8673115,-3.6480439,-2.8106453,14.396523,369960.94,52434.05,0.02604202,0.06016615,1787848.5
12.275286,10.737976,-1.5248246,-2.267487,14.207096,214332.9,46072.71,0.21765922,0.10357212,1479324.5
14.421316,12.363613,-1.8375243,-1.1631598,15.116672,1832728.0,234125.62,0.1592111,0.31249717,3673559.2
14.462932,11.816038,-3.071246,-1.9292827,15.201923,1910607.1,135406.7,0.046363354,0.14525236,4000473.8
13.332888,11.216908,-2.215316,-1.6136192,14.415336,617162.5,74377.48,0.10911902,0.1991655,1821800.1
12.809245,11.0041485,-1.956205,-3.8428385,15.577704,365581.72,60123.043,0.14139399,0.021432677,5825203.0
14.166128,11.557655,-2.2340949,-3.2553856,15.96807,1419944.2,104574.53,0.10708901,0.038565945,8606859.0
14.191827,11.075298,-4.0010586,-3.870551,15.039207,1456907.9,64556.645,0.01829626,0.020846877,3399733.0
13.01877,10.840563,-2.00335,-2.9535327,15.194196,450796.0,51050.1,0.13488266,0.052155133,3969678.8
14.918779,12.5595255,-4.0750203,-2.5619154,16.11998,3014002.2,284795.16,0.016991869,0.07715681,10018860.0
13.607945,11.196112,-4.457533,-2.438492,15.5581665,812560.3,72846.64,0.011590924,0.08729238,5712495.5
13.764206,10.948006,-2.725372,-2.445126,14.226103,949989.25,56840.574,0.06552182,0.08671521,1507710.5
13.763678,10.86945,-2.955869,-3.4022837,14.402624,949487.44,52546.28,0.052033424,0.033297144,1798788.9
14.748736,11.730873,-3.1335068,-2.7570724,15.116394,2542698.2,124352.195,0.043564755,0.06347733,3672539.8
13.272106,11.157657,-3.1124642,-2.437987,16.972115,580767.75,70098.5,0.044491187,0.08733647,23490686.0
14.171549,11.229356,-2.0112295,-2.8468268,14.411578,1427662.2,75309.07,0.13382404,0.058028165,1814967.6
13.82392,11.053574,-3.248902,-2.8667457,14.86363,1008445.1,63169.293,0.038816802,0.05688374,2852283.0
12.498161,10.581547,-1.5579039,-2.2202945,14.00793,267844.34,39401.01,0.210577,0.10857713,1212178.6
13.52038,11.50505,-1.4346615,-2.42892,14.603324,744434.4,99215.516,0.23819597,0.088131964,2198583.8
13.274289,12.419519,-2.4194808,-1.4367371,16.295452,582036.9,247587.52,0.0889678,0.2377021,11940567.0
13.621075,10.998669,-3.9029214,-0.9618896,13.935797,823298.94,59794.484,0.020182863,0.38217005,1127819.5
14.92182,12.308912,-2.1021254,-2.427914,16.122355,3023179.5,221662.73,0.122196436,0.08822068,10042679.0
13.758701,11.029277,-4.2673993,-3.0762148,14.461846,944774.3,61652.98,0.014018193,0.04613355,1908534.8
13.905344,11.616065,-2.9814472,-1.9747133,14.823376,1093992.1,110864.61,0.05071938,0.1388011,2739745.8
12.539854,10.678095,-2.2177598,-1.884368,14.817491,279247.6,43394.797,0.108852684,0.15192506,2723669.5
12.819579,11.353268,-1.8251736,-2.8624456,14.991076,369379.22,85243.55,0.16118966,0.057128876,3239976.0
14.908482,11.986072,-2.5718634,-3.8342543,15.675469,2983124.0,160503.6,0.07639306,0.021617454,6423472.5
14.076731,11.738978,-1.3888264,-2.2750676,15.575008,1298513.5,125364.2,0.2493678,0.10278996,5809519.5
12.4488325,10.785598,-2.2292576,-2.2578316,13.841049,254952.5,48319.855,0.10760829,0.104577005,1025867.56
14.055774,11.429547,-2.1749022,-3.7804937,16.506048,1271583.8,92000.32,0.11361927,0.022811426,14739598.0
15.2727785,12.412503,-1.9277316,-2.688956,16.687965,4294211.5,245856.48,0.14547782,0.06795184,17680368.0
13.415769,11.293323,-3.564181,-2.3815563,14.962422,670493.06,80283.75,0.028320167,0.09240665,3148454.8
12.620942,10.654205,-3.319306,-2.1297803,14.033204,302834.62,42370.402,0.036177933,0.118863404,1243206.0
13.967582,11.576533,-2.8024921,-1.0668876,14.153739,1164243.1,106567.445,0.060658704,0.34407777,1402460.9
14.774746,12.159883,-3.6205237,-2.9299889,15.683462,2609700.2,190972.08,0.026768655,0.053397633,6475019.5
13.570784,10.653542,-1.9343214,-3.7898247,14.458073,782918.3,42342.29,0.14452231,0.022599563,1901346.1
12.451177,10.524197,-3.4329572,-2.367248,16.582783,255550.84,37204.934,0.032291308,0.09373833,15915161.0
13.841638,11.452104,-3.6847508,-2.6731093,14.799465,1026471.4,94099.086,0.02510343,0.069037236,2675014.0
15.284032,11.812567,-3.2782688,-3.4215856,15.184514,4342808.5,134937.47,0.037693456,0.032660607,3931431.0
13.703993,11.92453,-1.6105334,-3.034055,16.18969,894475.56,150923.75,0.19978103,0.048120115,10742191.0
14.76836,12.64476,-3.332563,-1.4889627,16.337086,2593088.2,310134.12,0.035701487,0.22560656,12448189.0
12.628789,11.712267,-3.7456257,-1.7573302,15.06685,305220.25,122059.87,0.023620844,0.17250481,3495020.2
13.00054,10.05041,-3.446461,-3.743887,14.8074255,442652.25,23165.29,0.031858183,0.02366195,2696393.0
14.074561,11.354171,-3.5548737,-3.509663,16.70704,1295699.4,85320.56,0.028584985,0.029906988,18020864.0
12.805014,10.909933,-4.5483985,-1.6502645,14.935556,364038.03,54717.184,0.010584141,0.19199912,3064994.8
14.211465,11.808397,-2.0574715,-2.7981853,15.274142,1485801.5,134376.03,0.12777664,0.06092051,4300072.0
12.598136,10.156241,-2.5414073,-3.095321,15.533717,296006.28,25751.326,0.07875548,0.045260485,5574522.0
13.562316,11.196575,-2.387462,-1.3275796,14.235367,776316.75,72880.414,0.091862544,0.26511818,1521742.8
14.629995,12.686256,-3.6381798,-1.3650811,15.855998,2258012.0,323274.28,0.026300173,0.25535998,7694359.0
14.674298,12.147912,-2.589118,-3.7386744,16.692043,2360297.8,188699.67,0.075086236,0.023785612,17752614.0
14.444762,11.667489,-1.7826931,-3.9762537,16.001957,1876206.0,116714.85,0.1681846,0.018755771,8903517.0
13.7895355,11.906077,-2.5234373,-2.2351654,16.119623,974359.44,148164.34,0.08018352,0.10697444,10015287.0
12.54057,11.211128,-2.086257,-1.2409892,14.382916,279447.66,73948.8,0.12415097,0.28909808,1763685.9
13.942684,11.269747,-3.260045,-2.5831892,14.618033,1135614.1,78413.14,0.03838667,0.07553273,2231162.8
12.700876,10.704597,-2.1461904,-2.6492057,14.324022,328035.22,44560.25,0.11692876,0.07070736,1662814.6
12.607187,10.991374,-1.8360136,-1.5967568,14.1624775,298697.7,59359.89,0.15945181,0.20255236,1414770.0
14.308747,12.440181,-2.4248774,-2.2953217,16.261412,1637608.1,252756.23,0.088488966,0.10072898,11540945.0
12.715659,11.518488,-3.31897,-2.4189384,15.9336405,332920.53,100557.8,0.03619009,0.089016065,8315572.0
13.540983,10.922301,-3.6842413,-3.7884674,16.256607,759931.2,55398.14,0.025116224,0.022630258,11485628.0
14.771526,11.94927,-3.1774857,-3.466955,16.606998,2601311.5,154704.2,0.041690346,0.031211928,16305262.0
13.885839,11.738551,-2.9704142,-1.9335507,15.469536,1072861.0,125310.65,0.051282067,0.14463373,5227981.5
13.185138,11.451326,-3.3331802,-2.2141068,15.280413,532393.3,94025.98,0.035679456,0.10925105,4327119.5
14.772663,12.25728,-3.677461,-3.57096,16.756514,2604270.5,210508.3,0.0252871,0.028128836,18934830.0
12.607337,11.673001,-3.5217915,-2.3138278,15.429234,298742.4,117359.984,0.029546456,0.09888203,5021471.5
14.524935,11.564954,-4.5190635,-3.017862,15.135881,2032820.5,105340.56,0.010899226,0.048905663,3744810.0
13.186813,10.620478,-4.2970257,-3.130763,14.208108,533286.1,40965.18,0.013608976,0.043684453,1480822.1
13.712445,11.262766,-3.038699,-1.168883,14.5661125,902068.06,77867.65,0.047897168,0.31071383,2118274.8
13.533036,11.223435,-1.9356555,-3.298707,15.645964,753916.0,74864.52,0.14432964,0.03693089,6236712.0
14.900944,12.096163,-1.4229916,-2.7469423,15.832152,2960722.0,179182.98,0.24099198,0.06412363,7513052.5
12.754028,10.988337,-4.338488,-2.7068977,14.649421,345942.66,59179.86,0.013056253,0.066743545,2302303.5
12.8728485,12.058353,-4.283138,-1.2696435,15.306652,389589.34,172534.66,0.013799295,0.28093174,4442163.5
13.891995,11.758411,-3.0439172,-4.019553,16.75693,1079485.9,127824.234,0.04764788,0.017960988,18942704.0
14.004737,11.106792,-3.647776,-3.2228818,15.031098,1208314.4,66622.16,0.026049001,0.039840084,3372275.8
13.979358,11.200442,-4.024871,-1.3717653,14.5982275,1178034.2,73162.8,0.01786573,0.2536588,2187407.2
13.038433,11.388312,-1.562722,-2.7444527,14.834109,459747.66,88283.836,0.20956486,0.064283475,2769311.5
13.594433,10.8044615,-2.947422,-3.0358543,15.071827,801654.4,49239.996,0.05247481,0.04803361,3512459.0
13.339817,10.37219,-3.6231651,-3.6730075,14.804849,621453.94,31958.404,0.02669804,0.025399964,2689453.8
14.221605,11.450572,-4.5025706,-2.7868705,15.4081955,1500944.8,93955.08,0.011080476,0.061613735,4916933.0
12.380731,10.482104,-2.011044,-1.9758064,14.290358,238167.77,35671.39,0.13384886,0.13864946,1607768.2
12.564586,11.305399,-2.4822588,-1.3428186,14.643159,286239.94,81259.17,0.08355428,0.26110867,2287932.0
14.211508,11.857632,-1.7435712,-3.4923444,17.002121,1485865.2,141157.52,0.1748947,0.03042945,24206240.0
12.435308,10.836756,-3.7619364,-1.4873998,14.33385,251527.72,50856.12,0.023238696,0.22595944,1679236.8
14.329019,11.958279,-3.0368054,-1.4962257,15.543356,1671143.4,156104.14,0.04798795,0.22397391,5628513.5
14.11049,11.751961,-3.3378682,-1.3779622,14.927339,1343098.5,127002.336,0.03551258,0.25209174,3039910.5
15.035442,12.033328,-3.716391,-3.01821,15.427245,3386956.8,168270.5,0.024321584,0.048888654,5011496.5
14.658576,11.608703,-3.8547873,-2.769909,16.54496,2323478.5,110051.38,0.021178106,0.06266771,15324448.0
14.000693,11.693075,-3.499109,-1.7259141,15.622331,1203438.4,119739.664,0.0302243,0.17801026,6091047.5
13.901839,12.418006,-2.3185751,-2.3656461,15.799663,1090164.6,247213.1,0.09841371,0.09388862,7272877.5
14.148695,11.291556,-3.3529837,-1.3574997,14.470983,1395404.6,80142.08,0.034979828,0.2573033,1926051.4
14.279745,11.223314,-4.5234594,-3.794943,15.598487,1590796.0,74855.45,0.010851419,0.022484185,5947532.0
13.1546335,10.593028,-3.9666083,-2.9692602,15.338201,516398.25,39855.992,0.018937556,0.051341277,4584541.0
13.808278,12.201351,-3.1777701,-1.7113644,15.560736,992793.6,199057.94,0.04167849,0.1806192,5727191.0
13.417864,10.784434,-3.956371,-2.9925337,14.2982235,671899.4,48263.668,0.019132419,0.050160185,1620464.6
12.88096,11.886162,-3.5975873,-2.955258,16.948538,392762.53,145242.75,0.027389724,0.05206523,22943330.0
13.082295,11.723265,-2.3745813,-1.1474711,14.65088,480362.06,123409.664,0.09305344,0.31743854,2305665.5
14.128026,11.684071,-3.4679232,-0.9953488,14.599136,1366859.0,118666.3,0.031181723,0.3695945,2189396.2
15.113733,12.579035,-4.415403,-3.2347786,16.379292,3662781.2,290405.88,0.012089683,0.03936892,12984820.0
12.225447,11.142795,-2.831229,-1.2543896,14.448415,203912.6,69064.4,0.058940373,0.2852499,1883071.5
13.494976,11.162309,-2.3223112,-1.0858775,14.152619,725761.0,70425.36,0.09804672,0.3376054,1400891.5
12.987697,10.596223,-4.0209317,-2.3445377,14.038047,437003.56,39983.527,0.017936245,0.09589152,1249241.1
12.866576,10.807542,-2.9200487,-1.6797371,14.672881,387153.38,49391.906,0.05393106,0.18642299,2356955.0
14.186515,11.054609,-3.8834364,-3.7528126,14.760041,1449189.2,63234.75,0.020579983,0.023451691,2571606.2
13.168245,10.981896,-2.2526226,-1.7023332,14.357311,523475.4,58799.957,0.10512317,0.18225779,1719099.6
13.045368,10.649156,-3.4990733,-2.9208386,13.952448,462947.16,42156.984,0.030225381,0.053888477,1146756.2
13.41144,10.985779,-4.47307,-2.4449508,14.423435,667596.94,59028.688,0.011412225,0.0867304,1836615.9
12.920848,11.094152,-3.759601,-1.2271214,14.250095,408745.47,65785.35,0.02329303,0.2931352,1544321.8
14.648861,11.735549,-1.3993531,-3.4592233,15.234856,2301015.0,124935.01,0.24675652,0.031454183,4134412.0
12.997042,11.266323,-4.0056973,-1.7290933,14.646626,441106.53,78145.13,0.018211586,0.17744522,2295879.2
14.76869,11.992377,-3.5757248,-3.695536,15.865398,2593944.2,161518.88,0.027995126,0.024834141,7767030.0
13.345923,10.961181,-4.427326,-1.8135742,14.673996,625260.4,57594.402,0.011946389,0.16307025,2359584.2
14.779302,12.307669,-3.2252984,-1.8883868,15.917357,2621616.5,221387.25,0.03974392,0.1513157,8181266.0
14.504372,11.6902485,-3.3154461,-2.7742136,15.364179,1991446.1,119401.67,0.036317844,0.06239853,4705199.0
12.875236,10.694783,-2.84793,-3.0037277,15.197707,390520.44,44125.062,0.057964187,0.049601823,3983642.5
13.439394,11.260796,-4.551142,-1.1823559,14.529556,686522.3,77714.38,0.010555142,0.3065557,2042236.9
14.000367,11.378224,-1.7527722,-3.0681992,15.560822,1203045.9,87397.71,0.17329288,0.04650483,5727682.5
14.887307,12.256654,-1.5439419,-3.3687153,15.965429,2920622.0,210376.44,0.21353771,0.034433845,8584161.0
13.553478,11.145877,-2.6126945,-3.840515,15.565032,769486.1,69277.6,0.07333667,0.021482537,5751849.5
14.578662,12.760751,-4.3699236,-1.0776563,16.98289,2145025.2,348276.06,0.012652207,0.34039238,23745158.0
14.287611,11.194845,-3.9127393,-2.1527593,14.012402,1603358.4,72754.44,0.01998568,0.11616319,1217611.4
14.160793,12.167842,-3.3720088,-1.4409266,15.601305,1412389.2,192498.17,0.034320626,0.23670833,5964316.5
14.049085,11.238334,-2.3740494,-3.5023918,14.894372,1263106.4,75988.23,0.09310295,0.030125244,2941328.8
13.971292,11.089946,-3.2950451,-3.0528533,14.954941,1168570.2,65509.195,0.03706637,0.047223985,3124987.2
12.556223,10.920186,-3.80463,-1.915162,16.694561,283856.16,55281.082,0.022267433,0.14731798,17797366.0
13.767115,11.700123,-4.2728786,-2.4170647,15.909295,952756.5,120586.52,0.013941593,0.08918302,8115570.5
14.420443,11.435974,-3.4580724,-3.124081,16.409847,1831127.8,92593.49,0.031490404,0.043977335,13387704.0
13.471755,10.903911,-2.7761655,-3.692003,14.620053,709102.25,54388.645,0.06227685,0.024922034,2235674.0
12.883301,11.7774105,-3.0732317,-2.1682138,15.396387,393682.8,130275.99,0.046271376,0.11438174,4859213.5
13.248279,10.574976,-3.2123306,-2.9969757,14.219879,567093.0,39142.965,0.04026267,0.04993787,1498356.1
12.550005,10.679668,-3.5405378,-1.5593957,13.993369,282096.62,43463.137,0.028997727,0.2102631,1194656.4
13.010994,10.515242,-3.1908722,-3.0900853,14.208244,447304.1,36873.25,0.041135978,0.045498073,1481024.0
14.36526,11.72165,-3.1317954,-2.090457,14.970147,1732819.0,123210.57,0.043639377,0.12363063,3172870.0
14.643862,12.452549,-1.399336,-2.2135754,16.062716,2289540.8,255901.78,0.24676077,0.10930913,9461254.0
12.356717,10.740623,-2.0937614,-1.0802023,14.084732,232516.66,46194.844,0.12322277,0.33952683,1308945.0
14.290983,11.932584,-1.6064335,-1.6392747,15.181492,1608774.4,152144.17,0.20060179,0.19412078,3919567.5
14.698794,12.151942,-2.351282,-1.4391676,15.286124,2418829.8,189461.72,0.095246986,0.23712505,4351905.0
14.603623,12.763473,-2.4866018,-1.1066241,15.893075,2199242.2,349225.3,0.083192185,0.3306734,7984997.0
12.388873,9.994602,-4.5022173,-3.508876,14.034575,240114.97,21907.893,0.011084392,0.029930536,1244912.1
14.687303,12.473885,-1.6369363,-2.6194565,16.368286,2391192.0,261420.27,0.19457525,0.07284244,12842700.0
14.737675,11.711191,-3.775732,-4.0509377,15.4931555,2514726.8,121928.63,0.022920307,0.017406046,5352934.5
14.018033,11.306355,-3.9594555,-3.5158708,16.779823,1224487.6,81336.93,0.019073498,0.02972191,19381378.0
14.554793,11.9718895,-2.5913358,-3.889986,15.907582,2094432.9,158243.38,0.074919894,0.020445632,8101682.5
14.360736,11.9343815,-1.8329916,-1.1787838,14.80054,1724997.0,152417.92,0.15993439,0.30765268,2677890.8
12.464648,11.01151,-4.340344,-2.0138416,14.813688,259016.81,60567.27,0.013032045,0.13347493,2713333.0
13.844247,10.860596,-3.4755101,-3.3225608,14.32503,1029153.2,52083.094,0.030946044,0.03606037,1664491.6
14.398499,11.150429,-2.31373,-3.7278912,14.179306,1791383.0,69593.664,0.0988917,0.024043486,1438779.9
12.57785,11.640763,-2.715105,-1.9218227,15.673693,290062.1,113636.87,0.066198,0.14633998,6412070.0
14.192487,10.91202,-3.0479932,-3.5052564,13.95902,1457869.6,54831.477,0.04745406,0.03003907,1154317.4
12.759646,12.085311,-3.3342283,-2.6996863,16.00478,347891.66,177249.03,0.03564208,0.067226596,8928686.0
13.830349,11.325996,-2.6722493,-3.5378292,16.618542,1014949.06,82950.26,0.06909663,0.029076379,16494569.0
13.899286,10.887335,-2.8210638,-3.5359104,14.234475,1087385.0,53494.54,0.05954257,0.029132225,1520386.5
14.25766,11.389005,-3.790915,-3.3957982,15.402616,1556048.1,88344.984,0.022574937,0.03351379,4889573.0
12.598262,11.146736,-3.8825095,-1.5018836,14.390514,296043.53,69337.15,0.020599067,0.22271027,1777137.2
14.991875,11.797599,-3.1335258,-3.1027913,15.198328,3242563.2,132932.78,0.043563925,0.04492363,3986116.5
14.77559,12.80607,-3.8129895,-1.7737902,16.456964,2611903.8,364422.9,0.022082066,0.16968861,14033593.0
14.691472,12.614504,-2.9115558,-1.6296277,15.660032,2401183.0,300891.16,0.054391045,0.19600253,6325074.0
14.980955,12.733232,-3.453933,-2.7870374,16.193737,3207348.5,338822.47,0.031621028,0.061603453,10785757.0
13.604603,10.895472,-1.5881428,-3.8430789,15.483149,809848.75,53931.586,0.20430471,0.021427527,5299635.5
14.081405,11.379795,-3.348782,-2.4003341,14.942985,1304596.9,87535.09,0.03512711,0.09068765,3087846.8
13.84893,10.4586315,-3.2197402,-4.064136,14.674669,1033984.5,34843.836,0.039965443,0.017177824,2361173.5
13.744156,11.22921,-2.6147888,-2.9863403,15.066022,931131.56,75298.08,0.073183246,0.050471812,3492128.2
13.632869,11.238922,-1.7144239,-2.6790419,14.51231,833066.5,76032.95,0.18006743,0.06862888,2007317.9
13.095727,10.977409,-4.401423,-1.4409847,14.487132,486857.6,58536.71,0.012259882,0.23669456,1957408.8
13.2392235,11.439259,-3.257901,-2.2648168,14.767203,561981.06,92898.11,0.03846906,0.10384906,2590090.5
13.843666,11.284709,-4.3985276,-1.0729183,14.400481,1028555.6,79595.195,0.0122954305,0.34200898,1794938.4
13.209763,11.5561075,-2.7835367,-1.6314687,16.353159,545666.1,104412.8,0.061819486,0.19564204,12649888.0
12.99662,10.955699,-2.8302171,-1.0605077,14.388929,440920.62,57279.55,0.05900004,0.34627998,1774322.8
12.553799,10.714342,-2.191515,-1.2496326,13.845567,283168.88,44996.598,0.111747324,0.28661007,1030512.44
12.337822,11.019982,-1.6600436,-1.6372977,14.386606,228164.45,61082.6,0.1901307,0.19450493,1770205.5
14.616375,12.581668,-1.9728929,-1.9959282,16.2459,2227465.5,291171.56,0.139054,0.13588747,11363297.0
14.834398,11.836547,-2.6461253,-3.4693189,15.405799,2770112.0,138212.39,0.0709255,0.031138232,4905163.0
14.21896,11.845751,-3.3112915,-1.3080168,14.926974,1496979.2,139490.36,0.036469046,0.2703557,3038803.2
12.89106,11.769319,-2.1755526,-1.5098478,14.898594,396749.3,129226.06,0.11354539,0.22094361,2953773.0
12.96397,10.843097,-2.4834151,-2.1742885,14.009263,426757.06,51179.62,0.083457716,0.11368901,1213795.8
14.410898,12.3549,-3.8195493,-2.3080282,16.677595,1813733.9,232094.61,0.021937685,0.09945717,17497964.0
13.638115,11.74834,-3.7680395,-1.0855461,14.708467,837448.4,126543.28,0.023097303,0.3377173,2442338.5
12.732979,11.153466,-2.7314556,-1.3368615,14.359473,338736.84,69805.37,0.06512443,0.26266876,1722820.4
13.71743,11.106246,-3.879018,-2.1324158,14.612685,906576.0,66585.76,0.020671112,0.118550554,2219261.8
15.112372,12.42855,-3.0847101,-3.3887498,16.034609,3657800.0,249833.45,0.04574329,0.033750843,9199032.0
12.695943,10.499402,-4.174259,-3.0414832,16.266836,326420.88,36293.793,0.015386586,0.047763996,11603719.0
13.21251,11.218222,-2.9454718,-1.4610128,14.692632,547167.44,74475.22,0.05257725,0.23200117,2403969.0
14.662715,11.283192,-2.1361158,-4.01798,14.989862,2333115.2,79474.516,0.11811273,0.017989265,3236045.0
14.046108,11.956051,-3.9953194,-1.2342811,14.923633,1259352.5,155756.77,0.018401569,0.29104394,3028665.5
12.423271,10.523901,-4.4932027,-2.5113473,14.601512,248518.16,37193.934,0.011184765,0.081158824,2194603.5
14.319936,11.724532,-3.8326364,-2.1321256,15.00684,1656033.4,123566.17,0.021652456,0.11858496,3291453.2
15.004616,12.231321,-3.3335526,-2.9520218,15.897031,3284141.2,205114.03,0.03566617,0.05223399,8016647.0
14.273287,11.288878,-4.4507494,-2.8272638,15.023777,1580555.4,79927.76,0.011669818,0.059174545,3347676.2
14.023156,11.249954,-4.133953,-1.2257367,14.449819,1230776.9,76876.4,0.016019426,0.29354137,1885716.9
14.812629,12.446776,-4.4854555,-1.6458036,16.24744,2710459.5,254428.81,0.0112717515,0.19285752,11380823.0
14.522819,11.853677,-2.4918365,-3.9826355,15.825003,2028523.1,140600.36,0.08275784,0.018636458,7459528.0
13.293552,11.000543,-3.7667396,-1.8471185,14.525716,593357.5,59906.64,0.023127345,0.1576909,2034408.9
13.080624,11.324134,-2.1979651,-2.6045063,16.969599,479559.7,82795.91,0.11102886,0.07393964,23431662.0
12.323813,11.843622,-1.6123427,-1.3807662,16.01592,224990.5,139193.77,0.19941989,0.25138587,9028715.0
13.676012,10.850968,-2.4395218,-3.6661,14.290878,869794.3,51584.08,0.08720254,0.025576022,1608605.6
15.037004,12.026252,-2.0687222,-3.1549344,15.409163,3392251.8,167083.97,0.12634712,0.042641196,4921694.5
13.054294,12.071303,-2.0078828,-1.9577779,15.154997,467097.66,174783.5,0.13427265,0.14117178,3817082.2
13.527102,10.4158325,-2.5636463,-3.6935334,14.30834,749455.7,33384.016,0.07702338,0.02488392,1636941.4
12.521572,10.814422,-3.5566933,-2.4897,14.5987835,274188.78,49732.883,0.02853302,0.082934834,2188623.8
14.120463,11.331052,-2.3384485,-3.8473213,14.58603,1356561.0,83370.67,0.0964772,0.021336816,2160888.5
14.121126,11.737764,-1.5065043,-1.58684,15.069893,1357460.4,125212.1,0.22168356,0.20457102,3505672.2
12.245201,11.08855,-2.3466556,-1.9770907,14.923999,207980.81,65417.797,0.09568865,0.1384715,3029774.8
12.576272,10.633761,-4.1352043,-1.3322911,14.096371,289604.66,41512.98,0.015999395,0.263872,1324268.4
14.100714,11.579228,-4.584739,-1.3188953,14.942763,1330032.2,106855.04,0.010206412,0.26743054,3087163.8
15.035879,13.022928,-1.4876246,-2.1666863,16.05851,3388436.5,452674.34,0.22590864,0.114556596,9421547.0
13.258836,12.136647,-3.9168336,-1.7306015,15.501635,573111.6,186585.94,0.01990402,0.1771778,5398515.5
14.003562,11.216929,-2.8355222,-3.4781296,16.674295,1206895.6,74379.04,0.058687873,0.030865086,17440322.0
13.899953,11.846985,-1.7245663,-1.5481116,15.078031,1088110.1,139662.61,0.17825034,0.21264917,3534316.8
14.329994,11.8452215,-1.8609933,-2.404511,16.254025,1672774.5,139416.55,0.15551808,0.09030965,11456004.0
14.894942,12.583321,-2.6657882,-2.7037873,16.393047,2943006.8,291653.2,0.06954452,0.06695147,13164671.0
12.771421,11.797719,-3.5768187,-1.5708544,15.181223,352012.3,132948.75,0.02796452,0.2078675,3918513.5
14.395928,11.722727,-1.7195461,-2.3180115,14.553806,1786784.9,123343.305,0.17914745,0.0984692,2092366.5
13.973215,11.2993,-2.3224576,-2.563156,14.630858,1170820.2,80765.1,0.09803237,0.07706116,2259961.8
12.319033,11.176916,-1.7795304,-2.7561169,16.144867,223917.44,71461.64,0.16871735,0.063538015,10271329.0
12.717017,11.143114,-3.380249,-2.508257,16.877806,333372.97,69086.46,0.034038976,0.08141002,21376564.0
14.868134,12.471687,-2.0501945,-1.917761,15.820375,2865156.5,260846.48,0.12870987,0.14693558,7425090.5
14.387596,11.405593,-1.5863092,-2.89739,14.496883,1771958.8,89822.695,0.20467965,0.055167023,1976589.4
14.532084,12.017415,-3.0681555,-2.7605011,16.783474,2047406.6,165614.0,0.046506856,0.063260056,19452262.0
14.129343,11.732963,-3.8491337,-0.94996905,14.782976,1368660.4,124612.305,0.021298178,0.386753,2631267.2
13.244696,10.873564,-3.7649305,-2.3919227,14.762708,565064.8,52762.91,0.023169223,0.09145368,2578472.5
13.206657,11.103658,-2.2330065,-2.7592454,14.940612,543974.4,66413.64,0.10720564,0.06333955,3080528.8
13.086423,11.066848,-2.2161307,-1.1097347,14.164434,482348.88,64013.406,0.10903016,0.3296464,1417541.2
14.741505,12.272268,-1.6503094,-1.8501005,15.480513,2524376.5,213687.14,0.1919905,0.15722136,5285684.0
14.203551,11.2907,-1.6564152,-2.7851353,14.377312,1474089.9,80073.48,0.19082181,0.06172074,1753828.6
13.201928,11.185171,-3.7484517,-2.349564,14.704194,541407.8,72054.0,0.023554187,0.09541074,2431926.0
12.951583,10.965234,-3.7610593,-2.7876093,14.766921,421503.3,57828.312,0.023259088,0.061568227,2589359.2
14.656875,11.962874,-3.1181474,-3.0166204,16.961939,2319529.0,156823.22,0.04423905,0.048966426,23252864.0
13.920831,11.278945,-3.7030857,-3.1453702,16.562178,1111066.2,79137.73,0.024647355,0.043050982,15590583.0
13.440112,11.201828,-1.7345183,-2.5892525,15.528456,687015.5,73264.25,0.1764852,0.07507614,5545269.5
14.66426,12.339163,-1.9425448,-3.2393398,16.719233,2336722.5,228470.61,0.14333871,0.03918976,18241916.0
14.3011875,12.77268,-3.886031,-1.2083175,16.086699,1625274.9,352455.72,0.020526657,0.2986994,9690907.0
15.331358,12.001123,-4.425638,-2.5307748,15.28129,4553278.0,162937.73,0.011966572,0.079597324,4330918.0
14.076926,12.314509,-2.2572162,-0.91907185,16.743,1298767.4,222906.88,0.10464138,0.3988891,18680674.0
13.87191,10.986758,-2.4058633,-3.4300952,14.918288,1058020.4,59086.527,0.0901876,0.03238386,3012522.2
13.548929,10.815045,-3.3659308,-4.0448203,14.959103,765993.7,49763.914,0.03452986,0.01751285,3138020.2
14.367921,12.182773,-2.3637743,-2.530734,15.671474,1737435.8,195393.88,0.094064526,0.079600565,6397862.0
14.125542,11.545434,-2.0885677,-3.1423607,16.633032,1363467.5,103304.27,0.12386441,0.04318074,16735317.0
14.407799,11.673856,-1.9733912,-2.8930786,15.337771,1808121.0,117460.31,0.13898474,0.055405382,4582574.0
13.834045,11.140095,-3.9554136,-2.1408005,14.041785,1018707.7,68878.18,0.019150747,0.1175607,1253920.0
13.092221,10.72254,-4.469294,-1.3944812,13.844275,485153.8,45366.984,0.0114554,0.24796166,1029182.6
12.536423,12.271886,-1.5275348,-1.2603476,15.260404,278291.03,213605.44,0.21707012,0.28355545,4241398.5
12.9318905,11.346368,-1.5754223,-1.2796648,14.366318,413284.1,84657.41,0.20692016,0.27813053,1734652.6
14.129687,11.670312,-1.7428831,-2.977851,15.697051,1369131.8,117044.79,0.17501509,0.05090211,6563608.5
12.602724,10.741453,-2.5921104,-1.5374964,14.25591,297367.5,46233.188,0.074861884,0.2149185,1553327.5
14.941769,11.552949,-2.5643194,-1.8934313,14.619881,3084094.5,104083.52,0.07697155,0.15055433,2235288.0
15.374322,12.177347,-2.6542206,-3.611309,16.62992,4753168.0,194336.64,0.07035365,0.027016457,16683305.0
14.781707,12.314287,-1.4689014,-2.5947337,16.355162,2627929.5,222857.36,0.23017822,0.074665755,12675248.0
13.577621,11.106127,-1.9078245,-2.2738428,14.414341,788290.1,66577.82,0.14840288,0.102915935,1819988.9
14.063845,11.588365,-2.595234,-3.102099,16.524303,1281888.1,107835.76,0.07462842,0.044954747,15011144.0
13.057681,12.359471,-3.4572148,-1.210022,16.160875,468682.62,233157.94,0.03151742,0.29819074,10437079.0
14.294181,11.014782,-3.1922753,-3.8691885,14.438247,1613927.0,60765.773,0.0410783,0.020875301,1864021.4
13.549845,11.2418785,-1.4745518,-3.939308,15.23849,766695.3,76258.07,0.22888128,0.019461678,4149465.5
14.08101,12.726793,-4.234617,-2.0860057,16.373753,1304082.0,336648.03,0.014485354,0.12418217,12913097.0
14.691852,11.781935,-2.5604577,-3.6418297,16.538858,2402094.5,130866.73,0.07726937,0.026204353,15231229.0
13.340684,11.985923,-3.2788544,-1.3474119,15.104722,621992.9,160479.72,0.03767139,0.25991207,3629923.0
12.857828,10.600024,-2.3797936,-3.4102292,16.752752,383781.3,40135.81,0.09256968,0.033033628,18863744.0
12.62728,11.291882,-3.7235978,-1.4224886,16.050562,304760.12,80168.15,0.024146937,0.24111325,9346962.0
15.0757265,12.138247,-2.488577,-3.4880493,16.199467,3526183.0,186884.6,0.08302804,0.03056043,10847733.0
14.820643,12.275636,-1.4485034,-1.9373618,15.499977,2732270.2,214407.94,0.23492162,0.14408356,5389575.0
12.973695,10.817382,-3.275139,-4.005769,14.747578,430927.34,49880.32,0.03781161,0.018210284,2539753.8
14.960798,11.757051,-3.315767,-2.880219,14.4823885,3143345.5,127650.516,0.036306188,0.05612247,1948145.6
14.436178,11.979293,-4.3614244,-2.5983026,16.104315,1860169.6,159419.27,0.012760199,0.074399754,9863137.0
14.115567,11.538844,-4.2854543,-1.0204165,14.520563,1349935.2,102625.74,0.013767366,0.36044478,2023953.1
14.867315,12.319577,-2.1256309,-1.616847,15.730299,2862813.0,224039.4,0.119357646,0.19852366,6785503.0
14.400568,11.805857,-1.5686704,-2.5766764,15.321101,1795094.1,134035.06,0.20832199,0.07602627,4506814.5
14.789697,12.0412655,-3.3101232,-2.0201254,15.377032,2649010.5,169611.45,0.036511675,0.13263883,4766068.5
13.519779,11.277504,-1.669253,-2.4095483,14.985025,743987.25,79023.77,0.18838774,0.08985587,3220429.8
13.338963,12.369925,-3.207314,-1.6263038,15.519801,620923.1,235607.97,0.040465157,0.19665511,5497484.5
13.363458,11.041703,-2.399052,-2.9909554,14.636058,636320.5,62423.883,0.090804,0.050239418,2271742.8
13.028095,10.884122,-2.4361372,-3.365589,14.0256405,455019.38,53322.938,0.08749819,0.034541667,1233838.4
12.54013,10.034645,-2.2145135,-3.9151065,14.18096,279324.56,22802.947,0.109206624,0.019938424,1441161.1
15.112145,12.308665,-2.5416646,-3.2895534,15.82708,3656969.8,221607.98,0.078735225,0.03727049,7475038.0
14.638911,11.777122,-1.9686418,-3.12401,15.268525,2278234.2,130238.35,0.1396464,0.04398045,4275985.5
15.056521,12.524829,-2.7152128,-1.8218786,15.666467,3459108.2,275083.22,0.06619086,0.16172166,6365903.5
13.2304,11.42082,-1.5782348,-1.2991683,14.884406,557044.3,91200.914,0.206339,0.27275854,2912161.2
14.071996,11.423214,-3.315404,-2.8038979,15.586498,1292379.6,91419.49,0.036319375,0.060573496,5876655.0
12.708823,10.735185,-3.1001596,-2.7035854,14.500888,330652.47,45944.28,0.045042012,0.066964984,1984520.5
14.391334,12.804551,-4.509662,-1.232177,15.935026,1778593.8,363869.72,0.011002176,0.29165694,8327103.0
14.6312475,12.328094,-3.853782,-1.3853751,15.494743,2260841.2,225955.55,0.021199409,0.25022992,5361441.0
13.07792,10.932605,-3.3895328,-2.3347187,15.898227,478264.88,55971.887,0.03372443,0.09683772,8026240.0
14.247608,12.219467,-3.498191,-3.1694114,16.149107,1540485.5,202696.92,0.030252056,0.042028327,10314972.0
14.471093,12.1029005,-4.4469414,-2.3092246,16.534664,1926264.5,180394.34,0.011714342,0.09933825,15167479.0
13.049705,11.25576,-4.501035,-1.5443119,15.006945,464959.03,77324.04,0.011097502,0.2134587,3291798.5
13.944397,11.67284,-2.0586529,-2.7414892,15.151106,1137560.9,117341.07,0.12762578,0.06447426,3802258.8
14.883298,12.233291,-1.6075088,-3.099185,15.68721,2908936.0,205518.36,0.2003862,0.045085933,6499333.0
12.457636,10.908666,-3.7531114,-2.8826115,15.960899,257206.84,54647.88,0.023444688,0.055988356,8545363.0
14.173248,11.545027,-3.7570453,-1.7535206,14.616439,1430090.5,103262.21,0.02335264,0.17316324,2227607.8
13.526116,10.934128,-3.342264,-3.0902534,16.48932,748717.0,56057.195,0.03535682,0.04549043,14495093.0
14.748284,11.870169,-3.731609,-3.597415,16.528856,2541549.0,142938.34,0.02395426,0.027394446,15079643.0
14.4173155,11.982525,-2.1887543,-2.6130846,16.410294,1825410.5,159935.34,0.11205625,0.07330807,13393681.0
13.653779,11.086243,-1.4794533,-3.9386737,14.675968,850669.56,65267.055,0.22776216,0.019474026,2364242.2
12.833154,12.196854,-2.134548,-2.19952,16.58683,374427.6,198164.67,0.118298054,0.11085635,15979707.0
13.986091,12.096354,-2.7708545,-0.9168055,15.179081,1185992.6,179217.16,0.06260849,0.39979413,3910129.2
13.252217,11.531939,-1.5889976,-2.9154298,16.440107,569331.0,101919.5,0.20413013,0.054180738,13799009.0
13.54498,11.633483,-3.078819,-2.6954803,16.118078,762974.6,112812.555,0.046013564,0.06750995,9999826.0
13.513493,11.102852,-1.746044,-3.3841445,14.417826,739324.75,66360.14,0.17446275,0.033906635,1826342.1
13.415009,11.256695,-3.136984,-3.559681,15.2804575,669983.6,77396.34,0.04341353,0.0284479,4327313.5
13.251466,10.978607,-4.425491,-1.7113228,14.529847,568903.3,58606.867,0.011968335,0.1806267,2042831.0
13.284305,12.168717,-4.055791,-1.975427,15.676088,587895.56,192666.77,0.017321775,0.13870206,6427449.5
13.957657,12.035937,-1.4995058,-1.415797,15.165106,1152745.2,168710.12,0.22324046,0.24273208,3855864.5
14.820188,12.194708,-1.8852125,-1.5568067,15.394922,2731025.0,197739.9,0.15179679,0.21080817,4852100.5
12.401859,11.702307,-2.5495636,-2.2365255,16.553526,243253.47,120850.164,0.07811575,0.10682903,15456280.0
14.68084,11.648912,-2.450506,-4.1299095,15.444283,2375787.5,114566.695,0.08624993,0.016084334,5097611.0
15.2530985,11.883567,-1.4613353,-3.33502,15.220965,4210527.5,144866.34,0.23192638,0.035613872,4077380.8
13.683291,11.151137,-3.9039347,-3.1297843,16.012047,876149.0,69642.99,0.020162422,0.043727227,8993807.0
12.646894,11.564419,-4.2740393,-1.6648372,15.02817,310796.75,105284.22,0.013925421,0.18922146,3362413.8
12.375296,11.602561,-1.4595917,-3.1243334,16.087101,236876.84,109377.555,0.23233111,0.043966234,9694807.0
14.874079,11.608328,-3.714391,-1.517827,14.599635,2882241.2,110010.15,0.02437028,0.21918766,2190488.5
12.417206,10.097602,-3.5808947,-3.4147844,14.455354,247015.36,24284.703,0.02785077,0.032883495,1896183.5
14.640118,11.647754,-3.478452,-3.1782901,16.066849,2280984.2,114434.02,0.03085514,0.041656822,9500441.0
14.634268,12.046982,-1.6530966,-3.4561057,16.310162,2267680.0,170583.78,0.19145614,0.031552397,12117504.0
15.062569,11.722846,-1.6945295,-3.3277907,15.097701,3480089.8,123358.01,0.18368563,0.03587227,3604526.8
12.885567,10.857763,-2.4506967,-2.0544598,14.548241,394575.88,51935.78,0.08623349,0.12816206,2080753.5
13.013512,12.000594,-3.0860503,-2.6723177,16.442266,448431.7,162851.52,0.04568203,0.0690919,13828835.0
14.8040905,12.600376,-1.6298126,-1.5309839,16.267902,2687415.5,296670.12,0.19596629,0.21632272,11616097.0
13.613368,12.545732,-2.0684693,-1.3403448,15.692822,816978.5,280893.7,0.12637909,0.2617554,6535912.0
14.358337,11.15726,-4.072041,-3.8127024,14.671568,1720864.6,70070.695,0.017042568,0.022088407,2353862.0
13.516792,11.008718,-2.4073956,-2.749397,14.508924,741768.4,60398.38,0.09004951,0.063966416,2000531.6
14.754422,11.741663,-2.5573502,-3.3967555,15.173616,2557196.8,125701.2,0.07750986,0.03348173,3888820.2
12.781543,10.815091,-1.6267251,-3.3803942,16.038328,355593.25,49766.19,0.19657227,0.034034036,9233310.0
13.559961,11.322207,-3.555082,-3.1833162,15.238982,774491.0,82636.555,0.028579028,0.041447975,4151508.0
15.122709,11.859421,-2.664729,-2.6215572,15.23908,3695806.2,141410.28,0.06961821,0.07268958,4151915.8
12.4054575,10.69466,-3.7641573,-1.7783821,15.356393,244130.33,44119.633,0.023187144,0.16891122,4668707.5
14.017424,11.182113,-2.173806,-3.9600265,15.607937,1223741.6,71833.97,0.11374389,0.019062608,6004002.5
13.558448,11.756856,-2.050949,-1.1921731,14.8500395,773319.7,127625.56,0.12861279,0.30356088,2813780.5
14.865545,11.975697,-3.909768,-2.8122685,15.370025,2857750.2,158846.97,0.020045148,0.060068574,4732786.5
13.292323,12.001556,-2.441853,-1.9744065,15.343711,592628.56,163008.3,0.08699949,0.1388437,4609873.0
15.264234,12.705908,-4.476328,-2.7719853,16.683174,4257674.0,329689.9,0.011375107,0.06253772,17595858.0
13.748451,11.094814,-2.610883,-1.8064258,14.1096115,935139.75,65828.91,0.07346964,0.1642401,1341919.4
14.133969,12.461563,-1.6697648,-2.8185196,16.311468,1375006.9,258218.94,0.18829136,0.05969425,12133346.0
14.525392,11.8569145,-3.9329877,-3.9668982,15.805661,2033749.2,141056.31,0.019585071,0.018932065,7316636.0
13.4707575,11.101076,-3.5235865,-3.4419413,16.772335,708395.25,66242.41,0.029493466,0.0320025,19236788.0
12.7871275,10.912975,-2.1270127,-2.322501,14.060083,357584.7,54883.9,0.119192824,0.098028116,1277075.6
13.838408,12.077598,-2.8978987,-2.235641,15.702564,1023162.06,175887.11,0.055138964,0.10692357,6599894.5
12.5456085,10.314395,-3.0254836,-1.8724037,14.234288,280859.12,30163.713,0.048534345,0.15375364,1520102.4
12.750782,11.310399,-4.135156,-1.2749993,15.710531,344821.44,81666.49,0.016000167,0.27943116,6652686.0
13.607509,11.135378,-2.1065843,-2.5705829,16.580137,812205.5,68554.055,0.12165279,0.076490946,15873113.0
14.24082,11.851778,-1.4186105,-1.2085428,14.792239,1530063.8,140333.64,0.24205013,0.29863212,2655754.0
12.5829735,11.387778,-3.4814465,-1.9614495,15.43825,291551.94,88236.7,0.030762881,0.1406544,5066950.0
14.664539,12.111132,-3.2476912,-2.4734356,16.330008,2337375.8,181885.33,0.038863834,0.08429475,12360390.0
14.925972,12.53893,-2.7518368,-2.5956254,16.25689,3035758.8,278989.66,0.06381055,0.07459921,11488871.0
14.58268,11.415253,-3.4207017,-2.9002695,14.073824,2153661.0,90694.56,0.032689486,0.055008393,1294744.5
12.66791,10.54564,-4.1926684,-2.2209303,13.890261,317397.3,38011.348,0.015105922,0.10850811,1077614.9
13.616579,11.60867,-1.8910497,-0.97870237,14.569386,819606.06,110047.81,0.1509133,0.37579843,2125219.2
13.5560255,11.953645,-2.7769926,-2.6235006,16.32678,771448.75,155382.45,0.062225364,0.07254846,12320564.0
13.00009,10.536095,-2.6186364,-3.3784869,14.085914,442453.06,37650.242,0.07290221,0.034099013,1310492.6
12.585558,11.000204,-1.6759018,-2.3516467,14.196733,292306.44,59886.363,0.18713935,0.09521225,1464074.0
14.17021,11.477429,-3.6423557,-2.8350363,15.373774,1425751.9,96512.65,0.026190575,0.058716394,4750562.5
12.864841,10.904433,-2.743808,-2.7153454,15.006328,386482.34,54417.074,0.06432493,0.06618209,3289768.0
14.354879,11.598084,-2.2350554,-3.6357625,15.093804,1714924.1,108889.016,0.106986195,0.026363825,3590508.2
13.461009,11.010632,-3.1150289,-2.2099073,15.1295395,701523.06,60514.094,0.044377226,0.10971082,3721135.8
13.749247,11.6486635,-3.1904948,-1.8856847,15.107959,935883.8,114538.18,0.041151505,0.15172513,3641691.2
12.809842,11.118759,-3.368815,-1.9675794,14.856444,365800.03,67424.19,0.034430414,0.13979484,2831860.2
12.857352,10.77504,-3.5974045,-2.2074487,14.152481,383598.72,47812.37,0.027394734,0.10998088,1400697.8
13.965458,11.225768,-2.5665953,-3.6687634,16.457539,1161773.1,75039.36,0.07679657,0.025507994,14041652.0
14.373236,12.159077,-2.2365806,-1.4514929,15.311769,1746694.5,190818.25,0.106823154,0.23422036,4464950.0
12.97898,11.029482,-3.9997368,-1.2259023,13.937192,433210.94,61665.62,0.01832046,0.29349276,1129394.2
14.040385,11.516939,-4.061306,-3.7330923,16.788914,1252165.8,100402.18,0.017226506,0.023918757,19558366.0
14.296488,11.591278,-2.6633933,-3.541359,15.471608,1617654.5,108150.39,0.06971127,0.028973926,5238827.0
12.864842,10.303678,-2.9051588,-2.8844595,13.961298,386482.72,29842.164,0.0547401,0.055884987,1156950.2
13.20072,11.772283,-2.713045,-2.0313916,16.355276,540754.06,129609.664,0.066334516,0.13115288,12676699.0
14.685426,11.643744,-4.5195746,-3.6629794,15.082883,2386708.5,113976.15,0.010893656,0.02565596,3551508.0
13.588662,12.547114,-1.9915199,-2.8562794,16.635044,797041.6,281282.38,0.13648781,0.05748223,16769027.0
13.309465,11.297986,-4.5424466,-2.3692462,15.314621,602875.1,80659.03,0.010647325,0.09355121,4477704.0
14.688999,11.865545,-4.2678533,-3.5993032,16.275166,2395252.5,142279.02,0.014011831,0.027342767,11700774.0
14.260748,11.747981,-2.8472488,-2.5384061,15.754122,1560860.6,126497.914,0.058003683,0.0789922,6949093.5
14.753762,12.179664,-1.5203878,-3.9200523,16.68819,2555509.8,194787.34,0.2186271,0.019840058,17684348.0
14.879626,12.662147,-4.037839,-1.5703561,16.280252,2898275.0,315573.4,0.017635543,0.20797111,11760446.0
14.044547,11.553844,-2.9781904,-1.2357817,14.483406,1257388.0,104176.77,0.05088483,0.2906075,1950129.0
15.213066,12.467875,-1.4549719,-2.9784138,15.918917,4045299.2,259853.83,0.23340692,0.050873466,8194032.5
14.688241,11.176246,-3.5943637,-3.8037972,14.323484,2393437.0,71413.75,0.027478162,0.022285985,1661920.5
12.715748,10.980095,-2.4127736,-2.4661183,16.206762,332950.06,58694.125,0.08956653,0.08491383,10927164.0
12.542012,11.092711,-3.093656,-1.8221774,14.573368,279850.9,65690.625,0.0453359,0.16167334,2133700.0
14.233208,11.347962,-2.4335759,-1.6501137,14.216736,1518460.8,84792.5,0.087722585,0.19202808,1493653.8
12.273962,10.910147,-3.7118688,-1.5093727,15.227567,214049.38,54728.875,0.024431823,0.2210486,4104386.0
13.213465,11.703683,-3.648881,-2.840928,14.975773,547690.0,121016.586,0.02602023,0.058371466,3190770.0
13.622747,11.52619,-1.609588,-2.9089909,15.939324,824677.3,101335.27,0.19996998,0.054530732,8362971.5
13.831137,11.018516,-2.0397854,-2.810428,14.201902,1015748.9,60993.074,0.13005662,0.060179237,1471661.2
12.597797,11.231969,-1.5894701,-1.9302925,15.017911,295906.1,75506.11,0.20403369,0.14510575,3328096.0
14.64476,11.920673,-2.4625232,-3.2156718,15.996654,2291598.5,150342.81,0.08521965,0.04012837,8856423.0
15.037805,11.712235,-1.4602314,-2.8091702,14.554561,3394967.0,122056.02,0.23218253,0.06025497,2093945.5
12.663692,10.151139,-2.2291422,-3.4897592,15.612481,316061.62,25620.273,0.10762071,0.030508218,6031348.0
14.605213,11.871013,-3.119006,-2.9020116,15.751731,2202741.2,143059.05,0.044201087,0.054912645,6932499.0
12.850108,11.311747,-3.0751476,-2.7695594,15.547127,380829.9,81776.62,0.04618281,0.06268962,5649778.0
13.421419,11.861836,-1.5766245,-2.3616614,16.006361,674292.44,141752.3,0.20667154,0.09426348,8942815.0
13.081336,10.955899,-2.104791,-3.360489,14.677939,479901.44,57291.023,0.12187115,0.034718283,2368907.5
14.064258,11.937332,-3.7337847,-1.6932973,15.690593,1282417.6,152868.31,0.023902202,0.18391211,6521355.0
12.973575,10.561465,-2.2750669,-2.390424,13.84906,430875.56,38617.67,0.102790035,0.09159084,1034118.6
14.963004,12.039507,-2.2669632,-2.6132524,15.891278,3150287.0,169313.44,0.10362639,0.073295765,7970663.5
14.313916,12.140824,-3.108268,-3.4018176,16.016289,1646094.8,187366.95,0.04467827,0.033312667,9032040.0
13.005609,11.304676,-3.8721251,-1.5385361,14.891894,444901.66,81200.445,0.02081409,0.21469517,2934050.2
14.853624,12.060964,-2.9644446,-3.859566,16.612804,2823885.5,172985.6,0.051589113,0.021077145,16400205.0
14.825965,12.308272,-2.4790325,-3.3488605,16.985376,2746848.8,221520.94,0.083824284,0.035124354,23804290.0
12.984864,11.134743,-2.992897,-1.88744,14.482232,435767.56,68510.53,0.050141964,0.15145905,1947840.9
15.0117,12.301248,-2.4776354,-3.593124,15.890609,3307488.5,219970.25,0.08394148,0.02751225,7965329.0
14.944752,12.099041,-3.9489121,-1.5838497,15.374481,3093308.2,179699.44,0.01927566,0.20518368,4753925.0
12.253894,11.5579405,-2.4734983,-1.2608806,14.634851,209796.62,104604.36,0.08428947,0.28340435,2269003.8
12.850804,11.514343,-3.5175047,-1.4893692,15.061299,381095.12,100141.88,0.029673386,0.22551487,3475675.2
14.512892,11.485109,-2.4644735,-3.583153,15.14456,2008486.0,97256.72,0.085053615,0.027787944,3777450.5
12.253011,10.709145,-2.3706045,-2.0325716,15.578004,209611.42,44763.332,0.09342423,0.13099822,5826948.0
15.131232,12.465145,-1.6948729,-3.3021,16.241629,3727440.0,259145.55,0.18362257,0.036805797,11314873.0
14.391685,11.603486,-4.1921673,-1.1409473,14.600272,1779218.0,109478.78,0.015113494,0.31951618,2191884.5
13.183055,10.684633,-2.3971648,-2.7427115,14.415496,531285.56,43679.46,0.09097552,0.0643955,1822092.0
13.546177,10.730373,-3.5039468,-2.3575172,14.05673,763888.4,45723.76,0.030078435,0.09465494,1272800.6
12.987147,11.176223,-2.2381082,-1.9613692,14.413679,436763.6,71412.12,0.1066601,0.1406657,1818784.8
13.325194,11.256774,-2.320608,-1.3975192,14.495346,612432.7,77402.47,0.09821387,0.24720947,1973553.1
12.289256,11.780484,-2.6320763,-1.6023167,14.886486,217348.23,130677.04,0.07192896,0.20142932,2918224.8
12.6812725,10.085532,-2.8362825,-3.266518,14.322242,321667.12,23993.355,0.058643267,0.038138993,1659856.6
14.675814,12.22963,-1.5615041,-1.2776425,15.356657,2363877.0,204767.5,0.20982024,0.27869356,4669941.0
12.633722,11.814071,-3.279156,-1.4172783,15.296758,306729.75,135140.56,0.03766003,0.24237278,4398427.5
14.168994,11.337725,-3.8556974,-1.9617727,15.216587,1424019.4,83928.85,0.021158842,0.14060895,4059567.8
13.116429,11.904508,-1.4843698,-2.6433296,16.458862,497041.75,147931.95,0.22664514,0.07112406,14060251.0
15.04933,12.343643,-1.89343,-1.4807657,15.3616495,3434321.0,229496.53,0.15055452,0.22746345,4693314.0
13.924583,11.651653,-2.4194949,-1.9919204,14.83541,1115243.6,114881.14,0.08896655,0.13643317,2772916.2
13.259992,10.626543,-3.536066,-2.9909015,14.173024,573774.44,41214.402,0.02912769,0.050242126,1429770.0
13.706498,11.250407,-3.4850528,-1.3303926,14.355834,896719.3,76911.234,0.03065214,0.26437345,1716562.0
14.240506,11.083714,-3.4149616,-4.016547,15.065959,1529583.8,65102.195,0.03287767,0.01801506,3491908.5
15.229917,11.76395,-1.4612879,-3.7692583,15.345871,4114042.0,128534.2,0.23193738,0.023069168,4619841.5
15.142347,12.62272,-3.200024,-2.0569446,16.30197,3769102.0,303373.44,0.04076123,0.12784399,12018642.0
13.5679655,11.617453,-1.4216655,-2.1235213,14.84863,780715.06,111018.555,0.24131176,0.1196097,2809817.0
13.39812,10.237659,-2.6387098,-4.0608172,15.018389,658763.56,27935.664,0.0714534,0.017234929,3329686.5
14.859575,12.259829,-1.7452732,-2.5485237,16.210468,2840740.5,211045.4,0.17459728,0.078197025,10967735.0
14.334321,11.963249,-2.5113275,-1.3613907,15.787669,1680028.0,156882.0,0.081160426,0.2563041,7186172.0
14.918738,12.571408,-3.3597007,-1.355022,15.95231,3013878.5,288199.5,0.034745656,0.25794163,8472275.0
12.494991,10.546499,-3.4768078,-1.8938481,14.335171,266996.62,38044.023,0.03090591,0.1504916,1681456.1
12.990834,10.743676,-3.717092,-2.6950274,14.562185,438376.88,46336.08,0.024304543,0.067540534,2109972.0
14.535738,11.359764,-2.186689,-3.644403,15.134615,2054900.5,85799.125,0.11228793,0.02613701,3740070.2
14.736034,11.508865,-3.838936,-3.1122704,15.046631,2510605.2,99594.81,0.021516481,0.04449981,3425064.5
14.497285,12.294583,-1.9871082,-2.7834697,16.597776,1977383.1,218509.19,0.1370913,0.061823625,16155586.0
13.86769,11.113497,-3.0427668,-1.2207363,14.057212,1053564.9,67070.31,0.047702722,0.2950129,1273413.8
13.375812,10.338862,-2.6683826,-2.9220088,15.627478,644230.3,30910.846,0.069364324,0.053825457,6122479.0
15.105409,12.642104,-2.6247125,-2.6646774,16.041157,3632416.5,309311.5,0.07246059,0.06962181,9259464.0
14.737397,11.812024,-3.3852923,-1.7120415,15.06093,2514029.0,134864.27,0.033867743,0.18049693,3474392.8
14.207039,11.613155,-4.338501,-2.7069662,14.869336,1479239.9,110542.5,0.0130560845,0.06673898,2868604.2
13.491924,10.798214,-1.984227,-3.4256532,14.261475,723549.5,48933.324,0.13748686,0.032528028,1561995.4
13.637995,11.022494,-2.042693,-3.3778238,16.366573,837347.75,61236.23,0.12967902,0.03412163,12820722.0
13.192898,11.089798,-3.656547,-2.7935457,14.868586,536540.75,65499.51,0.025821518,0.06120382,2866452.0
12.324635,10.156093,-3.786497,-2.9233875,15.24448,225175.31,25747.496,0.02267489,0.053751294,4174395.5
12.893877,11.24706,-3.11487,-2.6512337,14.967784,397868.6,76654.21,0.044384275,0.070564106,3165380.8
12.963031,10.359509,-3.793975,-2.6905966,14.048021,426356.38,31555.7,0.02250596,0.06784046,1261764.0
14.240154,12.31455,-2.6712375,-1.6366116,15.578443,1529045.5,222916.02,0.06916658,0.19463845,5829504.5
15.036065,12.345431,-2.9391208,-3.411707,16.02544,3389066.5,229907.27,0.05291223,0.03298485,9115075.0
14.97316,12.023172,-1.4496381,-3.8109064,15.530967,3182443.2,166570.25,0.23465519,0.022128113,5559211.0
13.859415,11.745974,-2.0019052,-2.4309218,15.147314,1044882.56,126244.23,0.13507769,0.08795572,3787868.8
12.391443,10.126738,-3.138631,-2.7215405,14.787719,240732.89,25002.662,0.043342087,0.06577335,2643776.0
12.355506,11.014301,-2.2477705,-1.2518221,14.414397,232235.2,60736.57,0.105634466,0.28598323,1820091.4
13.796282,11.12744,-3.6606803,-2.6527271,14.336032,980954.94,68012.07,0.025715012,0.0704588,1682904.8
13.386269,12.032352,-3.3732457,-1.8915446,15.385195,651002.4,168106.4,0.0342782,0.15083864,4805130.5
13.268772,10.919994,-2.256187,-2.7096531,14.432443,578834.6,55270.49,0.104749136,0.06655989,1853233.8
14.277648,11.941269,-3.6407561,-1.8202384,15.802402,1587463.4,153471.31,0.026232501,0.16198714,7292825.0
13.5463085,11.040701,-4.462175,-2.2636983,14.61364,763988.9,62361.348,0.011537244,0.103965275,2221381.5
13.254331,11.742944,-1.9582562,-2.231064,15.9140625,570535.5,125862.305,0.14110425,0.107414074,8154353.5
13.3659725,11.406467,-3.3624566,-2.5817783,14.978102,637922.75,89901.28,0.034650035,0.075639375,3198209.8
14.523011,11.649492,-1.416593,-2.9840338,14.921583,2028914.0,114633.15,0.24253896,0.05058836,3022464.8
14.84,12.328823,-2.0447094,-1.3050908,15.270927,2785673.2,226120.45,0.12941779,0.2711479,4286270.0
14.74722,11.796224,-3.7042694,-3.1616993,16.138098,2538845.5,132750.1,0.024618197,0.04235371,10202035.0
13.5345125,10.992286,-1.742357,-2.5848095,14.19272,755029.8,59414.035,0.17510718,0.07541044,1458210.2
14.1684475,11.765967,-2.1098025,-1.6009465,16.21294,1423241.4,128793.73,0.12126192,0.2017055,10994879.0
14.167895,11.528375,-3.6887991,-2.3448477,14.870401,1422455.8,101556.914,0.025002008,0.0958618,2871661.5
12.394778,11.048381,-4.17576,-1.051996,14.378918,241537.08,62842.12,0.015363514,0.34923998,1756647.5
13.350575,11.085227,-1.4658289,-2.6660836,15.593698,628175.9,65200.8,0.23088653,0.069523975,5919115.5
13.007509,10.815779,-3.3617713,-2.5638409,15.186218,445748.1,49800.42,0.034673784,0.0770084,3938136.8
12.5253935,10.927605,-4.303753,-2.286036,14.335005,275238.56,55692.72,0.013517733,0.10166868,1681177.1
13.778363,11.537618,-2.4968116,-1.6065323,14.7868185,963534.2,102499.96,0.08234713,0.20058195,2641397.0
12.985083,10.552828,-2.5309618,-3.833843,15.327716,435862.72,38285.55,0.079582445,0.021626346,4536724.5
14.396105,11.493064,-3.6038866,-3.9859262,16.974815,1787100.1,98033.44,0.027217733,0.018575232,23554216.0
14.401086,11.573249,-3.6441712,-2.7053137,15.389937,1796023.9,106218.0,0.026143067,0.06684935,4827973.5
14.088053,11.304935,-3.335813,-2.22527,14.460787,1313298.9,81221.516,0.03558564,0.10803824,1906513.6
14.572735,12.187381,-1.7913624,-3.5936537,15.740438,2132349.2,196296.34,0.16673286,0.027497679,6854654.5
15.005644,12.687257,-4.508742,-2.733875,16.710907,3287519.2,323597.84,0.011012306,0.06496705,18090672.0
12.565557,10.7613945,-4.3026805,-2.7722619,14.620263,286517.97,47164.395,0.013532237,0.06252043,2236143.0
14.649493,11.742148,-3.4119518,-2.7236063,15.275734,2302470.5,125762.234,0.032976773,0.06563762,4306921.5
13.2779875,10.833885,-4.351325,-2.2873182,14.274068,584193.44,50710.344,0.012889721,0.1015384,1581790.4
14.573654,12.319662,-1.8499796,-2.2975693,15.75119,2134310.5,224058.42,0.15724036,0.10050284,6928751.5
12.801705,11.293382,-2.2390573,-2.4425526,15.645054,362835.7,80288.5,0.10655891,0.08693865,6231040.5
12.556298,11.688314,-1.501122,-2.9284086,16.801064,283877.56,119170.97,0.22287995,0.05348208,19797446.0
13.31782,10.793409,-3.1344573,-2.221375,13.964386,607932.75,48698.785,0.043523364,0.108459875,1160528.4
13.567076,10.901849,-1.9941038,-3.1964715,14.197283,780020.7,54276.617,0.13613561,0.040906288,1464878.4
15.132445,12.73414,-4.502531,-3.129027,16.720798,3731964.5,339130.53,0.011080915,0.04376036,18270504.0
14.647131,12.8391,-4.3345566,-1.7023032,16.755585,2297037.8,376660.62,0.013107685,0.18226326,18917250.0
13.494865,10.951958,-2.5844035,-2.9293232,13.981203,725680.75,57065.652,0.07544106,0.05343319,1180210.1
13.734436,11.364167,-4.0243416,-2.7929695,15.083109,922125.0,86177.74,0.017875189,0.061239097,3552311.0
13.102537,11.013306,-4.077678,-1.7919552,14.381708,490184.5,60676.13,0.016946767,0.16663404,1761556.1
12.960969,11.108846,-2.9975073,-1.9377689,15.085946,425478.2,66759.086,0.049911324,0.14402492,3562403.8
13.685599,11.337453,-2.7702644,-1.3094714,14.551914,878173.4,83906.04,0.06264544,0.26996273,2088411.4
13.605707,11.129583,-2.8848362,-1.8247911,14.149165,810743.6,68157.97,0.05586394,0.16125134,1396060.9
14.59933,11.717165,-1.9150261,-2.86243,14.789531,2189820.0,122659.195,0.14733799,0.05712976,2648570.8
14.163141,11.81426,-1.8854697,-2.2418077,14.990974,1415709.4,135166.08,0.15175776,0.10626623,3239645.2
13.042598,11.761901,-2.5043483,-1.9567618,16.103209,461666.38,128271.055,0.081728846,0.14131528,9852232.0
12.410305,10.163227,-2.646901,-2.9327834,14.306416,245316.62,25931.846,0.07087051,0.05324862,1633794.1
14.264472,11.641042,-3.4955404,-3.645794,15.583142,1566684.2,113668.516,0.030332353,0.02610068,5856966.0
13.708075,10.899228,-2.6363072,-3.5339077,14.295339,898134.0,54134.562,0.07162528,0.029190626,1615796.6
13.632134,11.8469305,-1.4105241,-2.5793352,15.263444,832455.0,139655.02,0.24401535,0.075824395,4254313.5
12.93087,11.339315,-3.6241417,-2.199757,14.815568,412862.56,84062.46,0.02667198,0.110830076,2718438.0
14.18047,11.242713,-2.151642,-3.1872914,14.769873,1440456.2,76321.73,0.116293035,0.04128354,2597013.5
12.966504,10.878465,-2.0567465,-2.800999,15.540457,427839.78,53022.133,0.12786932,0.06074935,5612219.0
13.515716,10.694108,-4.4502063,-3.10555,13.928063,740970.1,44095.277,0.011676158,0.044799868,1119131.4
13.738108,11.334148,-1.4855703,-3.234664,16.262882,925516.94,83629.234,0.2263732,0.039373435,11557929.0
14.409939,11.448079,-1.8149405,-3.6549118,14.891263,1811994.6,93721.15,0.16284761,0.02586378,2932198.5
14.108384,11.018043,-4.4269733,-4.02931,15.036056,1340273.4,60964.23,0.011950606,0.017786594,3389034.2
13.176575,11.266397,-3.1532438,-1.6290171,14.523409,527853.8,78150.945,0.042713348,0.19612224,2029721.0
12.504959,12.26556,-3.800647,-1.9521362,16.439573,269671.3,212258.5,0.022356302,0.14197047,13791642.0
12.31553,10.863441,-4.303314,-2.4524455,16.022776,223134.45,52231.523,0.013523664,0.086082816,9090820.0
13.84765,11.301102,-2.3236554,-2.0283134,14.542957,1032661.06,80910.73,0.097915016,0.13155721,2069789.1
14.267204,11.538289,-1.8668826,-2.472455,14.311933,1570970.8,102568.8,0.15460488,0.08437745,1642832.8
15.193024,12.729314,-4.121599,-2.6380424,16.20518,3965028.8,337497.66,0.016218556,0.0715011,10909878.0
13.903005,11.315373,-3.969611,-3.0519354,16.937782,1091435.8,82073.74,0.018880777,0.04726735,22697884.0
13.079916,11.992641,-1.7581102,-2.366251,16.246407,479220.44,161561.55,0.17237031,0.093831845,11369064.0
14.98068,12.439429,-4.2728176,-2.8587487,16.661743,3206467.8,252566.36,0.013942444,0.057340465,17222774.0
13.874384,11.26371,-2.9325666,-2.8755307,14.544106,1060640.9,77941.2,0.053260162,0.056386206,2072167.1
14.606756,11.120814,-2.6075907,-2.9325552,13.92447,2206142.8,67562.9,0.073711924,0.053260773,1115117.1
14.074923,12.4387,-3.4680822,-1.4128095,16.163857,1296167.8,252382.16,0.031176765,0.24345833,10468240.0
14.258288,11.588261,-1.4876214,-2.7377703,15.570666,1557026.4,107824.55,0.22590935,0.06471448,5784348.5
13.625081,10.707474,-2.1614726,-3.291018,14.036003,826604.06,44688.6,0.11515542,0.037215944,1246690.6
14.207493,11.794839,-4.1996517,-2.8068035,16.183144,1479911.5,132566.39,0.015000801,0.060397748,10672102.0
13.387915,10.752394,-2.900679,-2.9327507,14.252337,652074.9,46741.78,0.054985866,0.05325036,1547788.1
14.816259,12.508205,-2.538409,-3.3444598,16.893576,2720318.0,270548.16,0.07899198,0.03527927,21716344.0
12.754427,11.740004,-2.5276654,-2.600017,16.062656,346080.6,125492.79,0.07984521,0.07427231,9460695.0
14.93201,12.428773,-3.879653,-3.0539083,15.991006,3054143.2,249889.2,0.020657992,0.04717419,8806546.0
13.011743,12.063501,-4.468091,-2.0403876,16.791039,447639.1,173425.14,0.011469189,0.12997831,19599968.0
14.643369,11.617592,-3.1908538,-2.9838338,15.107925,2288412.0,111034.016,0.04113673,0.050598476,3641569.8
13.702735,11.430215,-3.1847632,-2.285964,14.702521,893351.1,92061.76,0.041388046,0.101675995,2427861.2
13.625276,11.290612,-4.0709295,-1.1465837,14.592748,826764.9,80066.45,0.017061522,0.31772035,2175453.5
12.511634,11.049094,-1.9988079,-2.9259555,15.7312565,271477.3,62886.965,0.1354967,0.05361344,6792003.0
14.419108,11.699041,-3.6623216,-2.3902354,15.830862,1828686.2,120456.19,0.025672842,0.091608115,7503364.0
13.985838,11.286717,-4.535903,-2.9088156,15.430386,1185693.0,79755.22,0.010717225,0.054540288,5027259.5
14.986164,12.294629,-1.7786369,-3.2478445,16.350561,3224099.0,218519.19,0.16886817,0.038857877,12617069.0
14.404108,11.759618,-4.3132577,-3.71762,16.8183,1801460.1,127978.53,0.013389858,0.024291717,20141648.0
12.848259,11.214591,-2.2589712,-2.732737,15.970845,380126.34,74205.31,0.10445789,0.06504103,8630778.0
13.025246,10.705327,-3.8083596,-1.874791,14.351825,453724.6,44592.77,0.02218454,0.15338701,1709693.6
13.387628,11.337827,-3.727422,-1.0889528,14.497358,651887.7,83937.414,0.02405477,0.33656877,1977528.4
13.654037,10.705137,-3.2838042,-2.8593307,14.293065,850889.44,44584.31,0.037485383,0.057307106,1612127.1
14.49751,12.27278,-2.7511754,-2.8017614,15.745356,1977828.2,213796.61,0.063852765,0.060703047,6888443.0
14.631226,11.674212,-4.506816,-3.1587596,15.880893,2260791.5,117502.21,0.011033536,0.042478397,7888312.0
13.496604,10.781338,-4.003302,-3.9315896,16.580639,726943.44,48114.445,0.018255258,0.019612473,15881078.0
14.251487,11.844426,-1.992663,-1.3495703,14.767529,1546472.0,139305.7,0.13633189,0.2593517,2590932.8
12.519401,11.693216,-3.5661175,-1.1365532,14.849807,273594.03,119756.56,0.028265381,0.3209233,2813125.8
13.938014,11.327954,-4.5388384,-1.6301239,15.087565,1130323.0,83112.83,0.010685812,0.19590531,3568177.2
12.588159,11.206448,-3.245676,-1.8750901,14.945507,293067.6,73603.484,0.03894223,0.15334114,3095645.8
12.706578,9.959877,-4.2702327,-2.81331,14.704976,329911.03,21160.193,0.013978531,0.06000605,2433828.5
13.229855,12.690316,-2.8224256,-1.7280531,16.052032,556740.56,324589.38,0.059461538,0.1776299,9360717.0
13.500805,11.200337,-1.7414066,-1.1134032,13.944255,730003.7,73155.12,0.17527369,0.32843933,1137399.2
13.563696,10.887053,-2.8594131,-3.4526012,14.010398,777388.8,53479.438,0.057302378,0.03166317,1215174.1
13.15442,11.265336,-1.4509298,-1.6109653,15.021617,516287.94,78068.04,0.23435229,0.19969477,3340452.8
14.777564,11.773963,-3.690203,-1.8992314,14.761769,2617065.0,129827.63,0.024966935,0.14968361,2576054.0
13.076796,11.329822,-1.7395612,-2.2329042,14.944748,477727.4,83268.164,0.17559743,0.1072166,3093296.5
14.540698,11.809487,-1.5301385,-3.1935806,16.447304,2065118.2,134522.58,0.21650568,0.041024715,13898671.0
14.192639,11.397223,-3.1392074,-3.3722355,16.106775,1458092.1,89074.06,0.04331712,0.034312844,9887435.0
12.358109,12.090225,-1.9066375,-1.3824277,15.950851,232840.62,178122.22,0.14857914,0.25096855,8459930.0
14.960059,12.027739,-1.6374093,-2.6156237,15.237646,3141023.2,167332.58,0.19448324,0.073122166,4145965.0
14.069302,11.212598,-2.4444036,-2.8801892,14.566403,1288902.5,74057.555,0.08677787,0.056124143,2118891.0
13.093206,11.563432,-2.636275,-2.6004014,15.058743,485632.0,105180.34,0.07162758,0.07424377,3466800.0
14.785662,12.305349,-3.294995,-2.9322636,16.345072,2638343.2,220874.38,0.03706823,0.053276304,12547999.0
13.44688,10.543312,-2.8394783,-3.7737951,14.897531,691681.1,37922.96,0.058456156,0.022964744,2950633.8
12.767506,11.73813,-2.661544,-3.080768,16.991283,350636.6,125257.84,0.0698403,0.045923967,23945320.0
14.851632,11.813266,-3.3281887,-3.7383034,15.269575,2818265.2,135031.83,0.035857998,0.023794439,4280477.5
13.408582,10.597009,-2.4233627,-3.743229,15.294998,665691.56,40014.96,0.0886231,0.023677526,4390695.5
13.688183,11.1149025,-2.7596369,-1.2674745,14.367824,880445.06,67164.664,0.06331476,0.28154173,1737266.8
14.10112,11.624405,-1.8295739,-3.2847075,16.955677,1330572.6,111793.08,0.16048194,0.037451535,23107714.0
14.225407,11.563964,-4.5270557,-1.8160365,14.738559,1506661.2,105236.336,0.010812464,0.16266923,2516951.0
12.750961,10.74012,-2.7222242,-2.3039036,14.118498,344883.28,46171.59,0.065728396,0.09986824,1353897.2
12.295175,11.801374,-3.3930194,-1.7006162,15.915175,218638.42,133435.62,0.03360705,0.18257098,8163433.5
14.17048,12.145256,-1.6852291,-1.9368838,15.618457,1426136.8,188199.16,0.18540196,0.14415246,6067497.5
14.456198,13.082379,-3.9991205,-1.1960443,16.199173,1897784.5,480402.38,0.018331755,0.302388,10844547.0
14.82198,12.405781,-1.8042445,-1.2864428,15.766951,2735926.0,244209.27,0.16459876,0.27625173,7038816.5
15.009823,12.295569,-3.5503607,-3.587696,16.833397,3301286.8,218724.77,0.02871428,0.027661989,20448026.0
12.969114,12.148189,-2.8282924,-2.6760712,16.025618,428958.0,188751.88,0.05911371,0.06883306,9116692.0
15.259121,12.662513,-3.6243665,-2.456623,15.995525,4235961.5,315688.97,0.026665984,0.085723944,8846437.0
14.088602,11.170777,-3.3322914,-1.6961904,14.35705,1314020.5,71024.3,0.035711184,0.18338081,1718650.5
14.167428,10.996899,-3.7069733,-3.9979653,14.397832,1421791.1,59688.74,0.024551721,0.018352943,1790189.2
13.66768,11.2824955,-3.2281585,-3.1725702,16.315918,862577.06,79419.2,0.039630413,0.041895777,12187458.0
13.775885,11.328549,-4.1749897,-1.0299706,14.498255,961148.94,83162.3,0.01537535,0.35701743,1979301.9
14.164501,11.015184,-2.984118,-3.9315019,14.604777,1417635.9,60790.23,0.0505841,0.019614192,2201781.5
13.362752,11.654734,-2.694947,-2.7592883,15.407278,635871.6,115235.56,0.06754596,0.06333683,4912424.0
14.325084,11.915974,-4.264074,-1.1941401,14.92197,1664580.5,149637.9,0.014064888,0.30296436,3023635.2
14.056933,11.167859,-2.3020782,-3.6917284,15.079461,1273059.2,70817.336,0.100050695,0.024928879,3539376.2
14.993357,12.531877,-3.4503918,-1.538789,15.86163,3247372.2,277028.75,0.031733204,0.21464087,7737819.0
14.730945,12.133486,-3.7786252,-2.658567,16.03295,2497859.2,185997.0,0.022854088,0.07004853,9183780.0
14.396663,11.789238,-3.78281,-2.2914503,15.780872,1788097.4,131825.98,0.02275865,0.101119705,7137494.5
14.207809,10.982554,-3.31879,-2.8539722,14.008391,1480380.1,58838.66,0.036196604,0.05761501,1212738.2
13.9828005,11.344132,-2.767217,-2.7880123,14.543643,1182096.9,84468.37,0.06283664,0.061543424,2071208.9
14.609775,11.813376,-1.7363977,-3.7855325,15.335928,2212811.8,135046.77,0.17615381,0.022696774,4574134.0
14.033951,11.290875,-1.4328271,-3.0460246,14.5675,1244134.6,80087.53,0.23863332,0.04754757,2121216.0
13.428259,12.114812,-4.5905037,-1.7200778,16.297237,678920.2,182555.94,0.010147746,0.17905222,11961903.0
14.6824255,11.806382,-3.916838,-3.017691,15.346914,2379558.5,134105.52,0.019903934,0.048914034,4624664.0
12.5713625,10.328335,-4.421006,-2.6073968,14.975359,288186.3,30587.137,0.012022129,0.073726214,3189449.8
13.467586,10.244159,-2.464318,-3.9791164,14.28129,706151.8,28117.818,0.08506683,0.018702157,1593255.6
13.240128,12.130196,-2.2915678,-1.2153132,15.33732,562489.4,185386.03,0.10110782,0.2966171,4580507.5
12.773559,10.209235,-3.8757367,-3.5155272,15.008527,352765.44,27152.793,0.020739054,0.029732123,3297010.8
14.771597,12.350096,-2.4154184,-2.440883,15.882199,2601495.2,230982.16,0.08932996,0.08708393,7898625.5
13.387673,12.030617,-1.7016257,-2.7715871,16.118196,651917.56,167814.88,0.18238677,0.06256263,10001008.0
14.370025,11.378228,-2.233366,-2.0538604,14.108415,1741094.9,87398.05,0.107167095,0.12823889,1340314.2
13.526895,12.265827,-2.2389722,-2.177324,16.133032,749299.9,212315.19,0.10656798,0.11334443,10150483.0
13.046672,11.187109,-4.534851,-2.093664,14.913267,463551.1,72193.766,0.0107285045,0.123234786,2997434.0
13.487532,10.417561,-4.3978415,-3.3185332,14.518635,720378.25,33441.758,0.01230387,0.0362059,2020054.0
13.202075,11.801048,-2.6745014,-2.0902987,15.216626,541487.4,133392.11,0.06894119,0.1236502,4059726.5
13.633074,11.087797,-1.7869581,-2.8612788,15.185973,833237.4,65368.59,0.16746882,0.057195574,3937171.8
13.224577,10.9575615,-4.481642,-1.8866913,14.529637,553810.0,57386.336,0.011314821,0.15157248,2042402.4
12.883323,10.851108,-2.9444335,-3.2900147,14.98511,393691.44,51591.26,0.05263187,0.0372533,3220703.2
14.087365,11.232396,-1.4673136,-3.4158237,14.745481,1312396.1,75538.375,0.23054397,0.032849338,2534433.0
14.183286,11.372653,-1.8946522,-1.2452203,14.344921,1444517.2,86912.14,0.15037061,0.28787747,1697931.1
15.351141,11.272575,-2.724981,-3.6416306,14.268091,4644252.5,78635.25,0.065547444,0.02620957,1572364.6
13.008841,12.079089,-3.295874,-2.8258476,15.644531,446341.9,176149.64,0.03703566,0.059258405,6227785.0
12.571151,11.031426,-4.128533,-1.4718364,14.382702,288125.3,61785.652,0.016106492,0.22950363,1763307.5
12.4005575,12.233904,-2.4071271,-1.7210304,16.160154,242937.02,205644.42,0.09007369,0.17888173,10429557.0
13.337446,10.974874,-1.517755,-2.750824,15.092265,619982.3,58388.46,0.21920344,0.063875206,3584986.0
12.59839,11.263432,-2.2603118,-1.2128657,16.007574,296081.38,77919.5,0.10431795,0.29734397,8953670.0
13.23436,10.879138,-3.351401,-2.3469262,14.290321,559254.4,53057.844,0.035035234,0.09566276,1607710.0
12.881931,10.9822855,-4.202671,-2.9255066,16.608236,393144.03,58822.84,0.0149555765,0.053637512,16325458.0
13.388186,11.778575,-4.4840775,-1.1405348,16.105267,652252.1,130427.78,0.011287296,0.31964803,9872529.0
12.894584,11.520555,-3.8746161,-2.2300625,15.382495,398149.84,100765.83,0.020762306,0.10752171,4792175.0
15.227543,12.336351,-3.7223384,-3.5771253,15.937369,4104288.2,227829.17,0.024177365,0.027955947,8346637.5
14.332495,11.522414,-3.3162305,-3.1516821,15.324081,1676962.6,100953.39,0.036289364,0.042780105,4520266.0
13.610224,11.022815,-2.2956617,-3.891608,15.318751,814413.7,61255.855,0.100694746,0.020412497,4496237.0
14.923748,12.39627,-2.0308056,-2.9056387,16.365242,3029015.0,241897.61,0.13122976,0.054713834,12803665.0
13.50277,10.934,-3.09284,-2.5300608,14.409697,731439.94,56050.03,0.045372915,0.07965418,1811555.8
13.39189,11.8915,-2.0904744,-2.383321,15.429468,654671.94,146020.23,0.123628475,0.09224372,5022649.5
14.035272,11.074703,-3.408998,-3.4990222,14.899526,1245779.0,64518.24,0.033074323,0.030226924,2956526.5
13.081253,10.98091,-2.4022539,-2.2417665,14.359194,479861.62,58742.004,0.09051371,0.10627062,1722339.0
13.201026,10.64608,-3.6643565,-2.8438456,13.967325,540919.6,42027.523,0.025620654,0.058201414,1163944.5
14.23138,12.292435,-4.514962,-1.89359,16.17906,1515688.6,218040.19,0.010944019,0.15053044,10628610.0
13.412597,11.205369,-1.5309671,-2.2966673,14.5455675,668369.7,73524.13,0.21632636,0.10059353,2075198.8
13.217628,11.156387,-4.524387,-2.6502967,16.552166,549974.7,70009.58,0.010841359,0.07063025,15435274.0
13.844884,10.866661,-1.8072885,-4.1149135,14.080548,1029809.0,52399.957,0.16409849,0.016327353,1303480.1
12.31662,11.299646,-2.4247622,-1.2113708,14.47063,223377.81,80793.06,0.08849916,0.29778877,1925371.9
13.006012,11.109283,-2.6568022,-2.7163744,14.702724,445081.2,66788.32,0.070172265,0.06611402,2428354.5
12.722535,10.932364,-3.1050847,-2.2666192,14.668306,335217.6,55958.434,0.044820722,0.10366205,2346197.2
13.43966,11.611686,-3.85559,-2.3296218,15.365918,686705.0,110380.164,0.021161113,0.09733255,4713391.0
14.303927,11.644893,-4.576254,-1.8548717,15.421729,1629734.1,114107.09,0.010293384,0.15647301,4983929.0
14.173595,11.458704,-4.419844,-2.8423808,14.867429,1430587.0,94722.23,0.012036108,0.058286734,2863138.0
13.761583,11.135588,-2.3800945,-2.4160225,14.374641,947501.06,68568.445,0.09254183,0.089276,1749151.6
12.753058,10.411952,-4.487729,-2.54484,15.174573,345607.3,33254.723,0.011246154,0.0784856,3892542.0
14.59107,11.473376,-2.1765802,-3.7291129,14.948824,2171807.2,96122.266,0.11342877,0.02401413,3105930.5
14.735518,11.187881,-4.465585,-3.6638725,14.405276,2509310.2,72249.555,0.011497965,0.025633058,1803565.9
14.982313,12.906921,-3.2089252,-1.2080203,15.936268,3211707.0,403092.53,0.04040001,0.2987882,8337449.0
12.632795,10.365877,-2.7450645,-2.552355,15.837664,306445.53,31757.275,0.06424416,0.077897996,7554573.0
14.4813795,11.677561,-4.103325,-4.036152,16.962687,1946180.9,117896.31,0.016517665,0.01766532,23270256.0
14.064975,11.400986,-2.3633711,-3.2280993,15.133522,1283337.6,89409.81,0.09410246,0.039632756,3735985.0
14.825379,12.072635,-1.3895336,-3.3613396,15.597763,2745240.8,175016.36,0.2491915,0.03468876,5943228.5
12.976644,11.819625,-3.2296746,-1.5942136,15.217185,432199.94,135893.25,0.039570373,0.20306815,4061996.0
14.769595,12.537112,-1.5916516,-2.8608453,16.45426,2596292.8,278482.97,0.2035891,0.05722037,13995688.0
13.181095,10.443247,-4.375192,-3.5187244,16.224339,530245.4,34311.88,0.012585724,0.029637216,11120919.0
13.315376,11.241044,-3.5564332,-1.8494096,14.803377,606449.25,76194.46,0.028540442,0.15733004,2685499.0
12.369662,12.968067,-1.5404917,-1.962879,16.577412,235546.19,428509.06,0.21427572,0.14045349,15829908.0
14.890918,12.180347,-4.592709,-2.4371572,16.268847,2931186.2,194920.58,0.010125391,0.08740899,11627069.0
14.291602,11.274365,-2.8437645,-2.3724608,13.985031,1609770.4,78776.14,0.058206134,0.09325097,1184736.8
12.811127,10.694198,-2.7622278,-1.3244053,14.443183,366270.25,44099.23,0.06315093,0.26596108,1873245.2
13.007982,12.162061,-2.3103871,-1.0447896,15.435939,445958.97,191388.52,0.09922283,0.35176584,5055255.0
13.380406,11.828289,-3.5734038,-2.0798833,15.235262,647197.25,137075.77,0.02806018,0.12494479,4136092.0
14.462206,11.769313,-2.2610304,-2.7150896,15.212391,1909221.0,129225.32,0.10424301,0.06619903,4042568.8
13.750893,11.113715,-4.554102,-1.4227263,14.401065,937425.56,67084.96,0.010523947,0.24105594,1795986.2
12.654124,11.067623,-3.0954564,-2.2516546,16.739439,313051.9,64063.06,0.045254357,0.105224974,18614270.0
13.332415,11.295827,-3.3254356,-3.1629295,16.855042,616870.6,80485.06,0.035956852,0.042301636,20895440.0
12.443836,11.539788,-2.2361479,-1.6732907,14.632068,253681.86,102722.69,0.106869385,0.18762861,2262696.2
12.863872,10.507494,-1.9170853,-3.3379433,13.855733,386107.7,36588.67,0.1470349,0.035509914,1041042.25
12.271587,10.312714,-1.7764814,-1.5015018,14.161984,213541.69,30113.041,0.16923256,0.22279532,1414072.6
14.121269,11.713749,-4.4866576,-2.6779447,16.826082,1357654.6,122240.9,0.01125821,0.06870422,20299000.0
13.092661,10.965783,-3.218845,-2.4836931,15.325554,485367.16,57860.09,0.040001236,0.08343452,4526927.0
12.6688175,10.952477,-3.8593574,-2.5487301,14.985508,317685.6,57095.32,0.021081543,0.07818088,3221984.2
12.731532,10.444834,-2.263447,-3.2325926,14.046821,338247.16,34366.37,0.103991404,0.039455075,1260250.0
13.691084,11.539874,-3.4964476,-2.7061892,15.827148,883003.0,102731.5,0.03030485,0.06679085,7475551.5
14.398229,11.754531,-2.138656,-2.7009377,15.098968,1790899.6,127329.17,0.11781309,0.067142524,3609094.8
14.632773,11.373097,-3.5757957,-3.8959167,15.598538,2264293.5,86950.77,0.027993144,0.020324735,5947838.5
12.825223,10.021956,-2.3485048,-4.0164747,14.910155,371469.84,22515.438,0.09551187,0.018016366,2988121.0
15.265095,12.697945,-4.552033,-3.4654012,16.754099,4261342.5,327074.97,0.010545744,0.03126046,18889162.0
13.274928,10.132474,-1.5739806,-4.1060176,14.097066,582408.94,25146.498,0.20721869,0.016473247,1325189.4
12.393177,11.757808,-1.462964,-2.7060156,15.797203,241150.62,127747.09,0.23154894,0.06680244,7255011.5
13.324572,10.993576,-2.6366074,-2.5902357,16.76209,612051.44,59490.746,0.07160378,0.07500236,19040726.0
13.7713175,10.938597,-1.5977836,-3.2792363,14.392274,956769.2,56308.273,0.2023445,0.037657004,1780267.0
14.304849,12.322054,-1.9544653,-2.6623745,15.848298,1631236.1,224594.97,0.1416402,0.069782324,7635340.5
13.776781,11.3489895,-4.0878687,-2.9997911,15.930632,962010.94,84879.63,0.016774949,0.049797468,8290589.5
14.294312,11.723762,-3.293528,-3.4611018,16.705294,1614137.9,123471.0,0.03712265,0.031395152,17989408.0
15.150067,12.402337,-1.4110336,-3.7411382,16.399618,3798312.0,243369.72,0.24389106,0.023727082,13251458.0
14.668521,12.0758295,-4.081972,-1.8927597,15.671235,2346700.8,175576.39,0.016874155,0.15065548,6396331.0
12.631033,11.517236,-4.1423793,-1.8239589,14.9458685,305905.94,100431.96,0.015885012,0.16138558,3096764.8
13.473048,10.7596445,-3.0293798,-2.8731973,14.894019,710019.9,47081.93,0.04834561,0.056517933,2940291.0
14.157939,12.52765,-2.5454652,-1.3504711,16.071259,1408363.5,275860.3,0.07843655,0.25911814,9542428.0
13.111523,11.32533,-3.0807657,-2.4583478,16.106325,494608.94,82894.98,0.04592408,0.08557622,9882985.0
14.739263,11.779697,-1.9249389,-3.2038367,15.238392,2518723.0,130574.266,0.14588466,0.04060611,4149058.0
14.562808,12.380698,-2.5034509,-3.3119829,16.08853,2111286.5,238160.05,0.08180222,0.036443837,9708667.0
13.065716,11.407975,-3.410092,-1.4700729,14.712427,472463.5,90036.93,0.033038158,0.22990873,2452030.8
12.947216,11.099286,-4.058477,-2.164588,15.400044,419666.66,66123.94,0.017275311,0.11479723,4877017.5
15.358472,12.452189,-2.8409748,-2.5127232,15.824857,4678424.0,255809.8,0.05836874,0.08104723,7458439.5
14.17137,11.322505,-4.5676403,-1.2859274,14.325267,1427406.2,82661.15,0.010382431,0.27639413,1664885.4
14.908376,12.064488,-4.0462556,-2.4893477,15.509229,2982808.2,173596.4,0.017487733,0.08296407,5439668.5
14.006968,12.242241,-3.1332116,-1.225591,15.396825,1211012.8,207366.06,0.04357762,0.29358417,4861341.0
13.975908,11.636771,-3.4864402,-1.1392041,14.683223,1173977.8,113184.125,0.030609643,0.32007366,2381456.2
14.339066,11.921278,-3.6025527,-1.5613774,15.240858,1688017.9,150433.73,0.027254064,0.20984682,4159303.0
13.562558,11.762558,-1.99504,-1.8800203,15.144363,776504.9,128355.37,0.1360082,0.15258701,3776708.5
14.485886,11.6966305,-2.6947317,-3.5390968,15.867425,1954970.4,120166.13,0.0675605,0.029039543,7782786.5
12.250402,10.23033,-3.6572077,-2.671524,13.904122,209065.4,27731.674,0.025804466,0.06914676,1092656.4
12.385858,11.16208,-2.1636121,-2.3403168,14.948499,239391.98,70409.24,0.114909306,0.09629713,3104920.8
13.978091,11.187512,-1.9922248,-3.1621456,16.09218,1176543.2,72222.9,0.13639164,0.04233481,9744175.0
13.175873,11.762971,-4.09935,-1.1180787,14.998507,527483.44,128408.375,0.016583452,0.32690728,3264139.0
12.982987,11.646774,-3.7472317,-2.6311831,15.209169,434950.47,114322.0,0.023582939,0.07199323,4029566.5
13.86502,10.940087,-3.6292336,-2.928206,14.436093,1050755.2,56392.266,0.026536515,0.05349292,1860011.8
14.629855,11.174642,-3.7996063,-3.738604,14.417104,2257695.5,71299.29,0.02237958,0.023787286,1825024.1
14.449302,11.961203,-3.8342307,-2.1845212,15.5115185,1884742.4,156561.25,0.021617964,0.1125316,5452138.5
12.472748,10.492366,-3.598904,-3.299893,17.00178,261123.25,36039.32,0.02735369,0.036887117,24197976.0
13.1344185,11.867731,-3.8186746,-1.5885601,16.216576,506064.03,142590.34,0.021956883,0.20421946,11034923.0
12.78082,11.249393,-3.3865547,-1.3952721,15.536748,355336.28,76833.305,0.033825014,0.2477656,5591443.0
15.106028,12.207852,-2.725391,-3.21617,15.6312685,3634665.2,200356.27,0.065520585,0.040108375,6145732.5
13.9546,11.513874,-4.275214,-2.0381796,16.156225,1149227.2,100094.91,0.013909069,0.13026562,10388658.0
14.455497,11.835955,-3.5944102,-2.7386248,15.287505,1896454.8,138130.56,0.027476884,0.06465921,4357918.5
13.96673,11.674009,-2.0363536,-3.0949378,15.88884,1163252.0,117478.35,0.13050371,0.04527783,7951250.0
13.243625,11.103934,-3.6778154,-2.4424872,16.758562,564459.94,66432.01,0.025278136,0.086944334,18973656.0
14.254082,11.664889,-3.8178837,-1.9251711,15.169396,1550490.2,116411.82,0.021974254,0.14585079,3872444.0
13.612732,11.268693,-2.8980691,-3.3298416,15.187896,816458.94,78330.55,0.055129565,0.035798773,3944748.5
13.675303,10.8731575,-2.607002,-2.4310591,14.280863,869178.2,52741.48,0.07375533,0.08794364,1592575.1
13.98904,11.25207,-2.3866806,-3.1969774,16.057775,1189496.1,77039.26,0.091934346,0.040885597,9414631.0
13.887402,11.279722,-2.52477,-1.967642,14.666917,1074538.2,79199.26,0.080076724,0.1397861,2342939.5
13.949089,11.091829,-4.429077,-2.5339139,14.499909,1142911.0,65632.695,0.01192549,0.07934786,1982579.6
12.746576,10.548696,-2.4731894,-2.7715757,13.969657,343374.28,38127.67,0.084315516,0.062563345,1166661.6
13.274481,11.152324,-2.929237,-1.34207,14.1792965,582148.5,69725.664,0.053437803,0.2613042,1438766.2
12.916801,11.470705,-3.195424,-2.3825424,14.800176,407094.84,95865.84,0.040949155,0.09231558,2676915.2
13.401304,10.955013,-3.6640887,-2.976647,16.444118,660864.56,57240.29,0.025627514,0.05096343,13854470.0
13.331486,11.380085,-3.5446038,-1.43476,14.606006,616297.94,87560.48,0.028880062,0.23817253,2204487.5
12.856372,11.842647,-2.4290574,-2.3723698,16.099575,383222.8,139058.03,0.08811986,0.09325946,9816498.0
12.364583,12.075686,-3.6227572,-1.4088705,15.253391,234352.81,175551.28,0.026708933,0.2444192,4211760.5
14.659902,11.795642,-3.1192396,-3.157613,15.420526,2326560.8,132672.89,0.04419076,0.04252713,4977934.0
14.11486,11.423114,-2.289886,-2.571132,14.871693,1348980.4,91410.336,0.10127801,0.07644896,2875372.0
13.7653265,11.169297,-2.4921298,-2.754728,14.382978,951054.4,70919.25,0.08273357,0.06362632,1763795.2
14.970506,12.190735,-1.7115479,-2.943596,16.18785,3174008.0,196955.84,0.18058605,0.05267597,10722458.0
14.779148,11.969688,-3.3740766,-2.9156299,15.782079,2621214.0,157895.45,0.03424973,0.0541699,7146110.0
14.058121,11.74254,-2.1530108,-2.220949,15.583931,1274571.6,125811.54,0.116133966,0.1085061,5861587.0
12.999976,11.31265,-1.5360575,-2.0941024,15.491134,442402.84,81850.5,0.21522798,0.12318076,5342123.0
13.887652,11.096139,-3.6237195,-4.011203,16.841589,1074807.8,65916.164,0.026683245,0.018111598,20616226.0
14.291977,11.907922,-4.321241,-2.393311,15.310894,1610373.9,148437.88,0.01328339,0.091326796,4461047.0
14.929937,12.5142565,-3.884612,-3.6105692,16.665905,3047820.8,272190.22,0.020555802,0.027036453,17294602.0
13.8361025,11.402525,-2.0273376,-2.1952684,14.603683,1020805.4,89547.54,0.13168566,0.11132868,2199374.2
15.232884,12.814622,-2.7287154,-2.1281812,16.022242,4126270.0,367552.7,0.065303124,0.11905363,9085966.0
14.140932,11.951053,-4.520215,-1.9244969,16.899982,1384614.1,154980.2,0.010886682,0.14594917,21855922.0
13.321661,10.315416,-3.6711895,-2.956039,13.882597,610272.56,30194.54,0.025446182,0.05202458,1069387.9
13.141719,11.085189,-3.388324,-2.1865761,14.344631,509772.0,65198.312,0.03376522,0.1123006,1697439.0
14.191893,11.907459,-4.0871596,-0.96667963,14.965431,1457003.8,148369.23,0.016786847,0.38034382,3157942.2
15.262749,12.583803,-3.8746195,-2.7158039,15.957191,4251356.5,291793.94,0.020762237,0.06615175,8513736.0
14.120157,11.423547,-2.8864264,-3.1665924,15.303916,1356145.8,91449.92,0.055775173,0.042146977,4430026.0
14.161767,11.057265,-2.1471221,-3.5720406,14.672335,1413765.1,63402.926,0.116819866,0.028098458,2355667.5
14.041685,10.787789,-3.9486952,-3.955339,13.944287,1253794.5,48425.863,0.019279841,0.019152176,1137436.1
15.156062,12.553432,-2.6190557,-2.2837584,16.264172,3821150.5,283065.2,0.07287164,0.1019005,11572841.0
14.0396595,11.358045,-4.0128174,-2.6647224,15.443039,1251257.4,85651.73,0.018082378,0.06961867,5091275.5
13.596749,11.0054035,-3.326467,-2.1728792,14.218798,803513.56,60198.547,0.035919785,0.11384935,1496736.6
15.387393,12.574629,-4.172652,-2.9295363,16.480701,4815705.0,289129.2,0.015411339,0.053421803,14370692.0
14.163761,11.565837,-2.6779718,-2.8020465,16.093838,1416587.1,105433.625,0.068702355,0.06068574,9760339.0
14.267216,11.519357,-2.774976,-3.7253606,15.307347,1570988.8,100645.195,0.062350973,0.024104405,4445253.0
12.231837,11.8452215,-2.9767196,-1.5978869,16.121086,205219.88,139416.55,0.05095973,0.20232359,10029949.0
14.687865,11.433767,-2.3709183,-4.025217,14.823695,2392538.0,92389.38,0.09339493,0.017859546,2740621.2
12.703532,11.824985,-1.480825,-1.597248,14.718733,328907.62,136623.55,0.22744998,0.20245291,2467541.5
12.776428,10.946161,-2.162867,-2.784776,15.220483,353779.2,56735.832,0.11499495,0.06174292,4075413.8
13.732784,11.241882,-4.5394115,-1.576266,14.27739,920603.1,76258.36,0.010679689,0.20674564,1587053.2
14.3157015,11.925964,-3.568616,-2.9041946,15.855529,1649036.1,151140.38,0.02819485,0.054792903,7690749.5
14.328661,12.071911,-3.821287,-2.7074404,16.711529,1670545.9,174889.72,0.0218996,0.066707335,18101924.0
14.166023,12.453306,-4.38657,-1.5412042,15.851272,1419795.2,256095.62,0.012443337,0.2141231,7658078.5
12.559853,10.697463,-3.981288,-3.3250763,16.394947,284888.34,44243.47,0.018661588,0.03596977,13189704.0
14.193395,11.602607,-2.1094966,-2.2498362,14.613682,1459193.9,109382.56,0.12129901,0.10541649,2221474.8
12.971203,11.753899,-4.430276,-2.7552218,16.516924,429854.84,127248.69,0.011911203,0.06359491,14900777.0
14.831503,12.156323,-3.8870273,-1.7045703,15.411527,2762103.0,190293.61,0.020506214,0.18185051,4933339.5
13.098177,10.932793,-3.8382778,-3.2817943,16.958437,488051.88,55982.402,0.021530649,0.037560802,23171578.0
14.495835,12.05532,-4.356353,-2.3035524,16.097416,1974518.9,172012.05,0.012825078,0.099903315,9795326.0
13.019986,11.02737,-3.570834,-1.7086432,14.535572,451344.5,61535.56,0.028132385,0.18111135,2054559.5
14.425826,11.751699,-2.0434282,-3.0966656,15.847207,1841012.1,126969.16,0.12958372,0.045199662,7627014.5
13.469338,11.529216,-2.6527925,-2.0095208,16.247,707390.7,101642.375,0.070454195,0.1340529,11375810.0
13.873915,11.3087015,-2.339252,-1.010114,14.015726,1060143.4,81527.98,0.09639972,0.36417747,1221666.0
14.391535,12.028839,-3.6006384,-1.4174887,15.291649,1778951.6,167516.83,0.027306285,0.2423218,4376014.0
13.2161455,11.162519,-2.0291107,-1.6010194,14.481087,549160.25,70440.2,0.13145237,0.20169081,1945611.2
12.68213,12.135431,-2.4184604,-1.4042399,15.612069,321943.03,186359.2,0.08905863,0.24555363,6028864.0
15.036639,11.796277,-3.6969905,-4.110955,15.69101,3391012.8,132757.19,0.024798045,0.016392108,6524080.0
14.183211,11.910408,-1.8821459,-1.4190382,16.24639,1444409.8,148807.39,0.15226302,0.24194661,11368869.0
14.85805,12.729673,-4.5590687,-1.4720815,16.486893,2836411.8,337619.03,0.010471807,0.22944738,14459941.0
12.527816,10.359671,-1.9051272,-2.9752166,14.087201,275906.1,31560.785,0.14880371,0.051036377,1312180.9
15.256716,12.627851,-3.8847663,-3.5341365,16.86934,4225785.5,304933.97,0.020552631,0.029183945,21196378.0
15.0724325,12.3795395,-3.9713278,-3.432625,16.494993,3514586.8,237884.25,0.01884839,0.032302033,14577550.0
14.140188,11.481499,-3.2484863,-2.8912606,15.325674,1383584.6,96906.195,0.038832944,0.055506196,4527471.0
12.493164,11.209327,-3.7243748,-1.7005588,15.286384,266509.22,73815.7,0.024128182,0.18258147,4353034.0
13.863778,12.00401,-1.6770307,-3.0070715,16.055668,1049451.4,163408.78,0.1869282,0.04943624,9394809.0
14.778059,11.776148,-4.5950503,-3.1809645,15.322913,2618360.8,130111.6,0.010101712,0.041545566,4514988.5
14.988889,12.685992,-2.477625,-2.6885502,16.77868,3232895.5,323188.9,0.08394236,0.067979425,19359248.0
14.43605,11.751809,-3.3011017,-2.9280343,15.91144,1859931.9,126983.08,0.036842555,0.053502105,8132996.0
14.024071,10.990638,-2.6545806,-3.9337866,15.144245,1231903.1,59316.203,0.070328325,0.01956943,3776261.8
12.757908,10.753177,-3.604164,-1.9526478,15.050839,347287.38,46778.395,0.027210185,0.14189786,3439509.5
13.180586,11.201787,-2.1778264,-1.1134387,14.40452,529975.4,73261.24,0.1132875,0.32842764,1802202.4
14.09216,11.583945,-3.5132709,-2.9217956,15.173782,1318704.2,107360.25,0.029799286,0.05383693,3889465.8
14.198271,10.767295,-3.952157,-3.999035,14.407693,1466326.4,47443.504,0.019213215,0.018333325,1807929.6
15.127689,12.472284,-4.1172957,-2.12207,15.885643,3714257.5,261002.25,0.016288504,0.11978341,7925873.0
13.931574,11.345968,-1.7574077,-3.50322,14.987327,1123067.0,84623.58,0.17249145,0.0301003,3227849.2
14.792474,12.156503,-2.9133782,-2.3828983,16.416864,2656377.2,190327.72,0.05429201,0.09228273,13481978.0
12.4806385,10.240049,-3.4197385,-3.0172856,16.068592,263191.84,28002.508,0.03272099,0.048933864,9517018.0
14.608667,11.74069,-3.6082628,-2.4880292,15.159234,2210363.2,125578.99,0.027098883,0.08307353,3833290.2
14.613121,11.97038,-1.6620116,-3.1470327,16.21145,2220229.2,158004.67,0.18975687,0.042979468,10978513.0
14.463805,11.947627,-1.5096968,-3.1388595,15.349452,1912276.9,154450.22,0.22097696,0.04333219,4636415.0
13.808838,10.42811,-3.234802,-3.960168,15.253422,993349.56,33796.418,0.039368,0.019059915,4211889.0
13.392993,11.381067,-3.4866931,-1.9277803,15.40946,655394.75,87646.53,0.030601902,0.14547075,4923154.5
13.434136,11.835947,-3.2570498,-2.266349,16.120035,682922.3,138129.52,0.038501818,0.10369005,10019414.0
13.576279,11.071007,-1.5779477,-3.0716872,14.566658,787232.3,64280.19,0.20639825,0.0463429,2119430.5
12.659978,10.615127,-3.8904958,-1.482421,13.93909,314889.78,40746.555,0.020435212,0.22708723,1131539.6
14.976923,12.58498,-2.9489667,-2.4075284,16.03376,3194442.0,292137.53,0.052393813,0.090037555,9191228.0
14.576856,12.193373,-2.8258955,-2.4022102,16.449373,2141154.2,197476.08,0.059255566,0.09051767,13927464.0
13.45446,10.8320675,-3.6101394,-3.4350646,16.927462,696943.9,50618.25,0.027048077,0.03222333,22464832.0
13.444783,11.441041,-2.9351294,-1.3759849,14.992069,690232.1,93063.84,0.053123843,0.2525907,3243194.2
13.845662,11.354,-3.5853999,-3.0878563,16.141945,1030610.75,85306.0,0.02772558,0.045599602,10241359.0
12.570415,10.571353,-3.2056236,-2.8050354,14.117964,287913.25,39001.406,0.040533617,0.060504634,1353174.4
13.274296,12.173861,-3.3215299,-2.2390664,16.05963,582040.8,193660.23,0.036097564,0.10655794,9432101.0
12.772632,10.549821,-2.369154,-3.0020063,13.907737,352438.6,38170.6,0.09355985,0.04968728,1096612.9
14.7399645,12.68359,-3.377013,-1.6357527,16.227238,2520491.5,322413.44,0.034149308,0.1948057,11153208.0
12.283984,10.713194,-2.4523284,-1.4210942,14.038897,216205.4,44944.96,0.08609289,0.24144968,1250303.1
12.272815,10.78122,-3.8304696,-1.4602499,13.90388,213803.95,48108.8,0.021699423,0.23217824,1092391.8
13.621862,10.963705,-3.786511,-3.692099,15.467989,823947.75,57739.977,0.022674577,0.024919638,5219901.0
14.770607,12.126994,-2.4177358,-1.3571018,15.102625,2598921.2,184793.47,0.08912318,0.2574057,3622318.8
13.972771,12.362666,-2.5433257,-2.7979631,15.81127,1170300.0,233904.02,0.07860455,0.060934052,7357787.0
15.288475,11.939309,-2.210874,-3.5073376,15.893236,4362147.5,153170.83,0.109604806,0.02997662,7986284.5
13.188535,11.384232,-4.1574893,-3.248053,16.564447,534204.9,87924.305,0.015646793,0.03884977,15626010.0
13.456446,10.836176,-2.4276814,-2.399343,14.938908,698329.06,50826.64,0.08824119,0.090777576,3075283.5
14.830172,11.894945,-4.063608,-2.7053535,15.287038,2758428.2,146524.1,0.017186893,0.06684669,4355883.0
13.595785,11.605914,-4.4787126,-1.5355905,16.229877,802739.2,109744.93,0.011348014,0.2153285,11182689.0
14.860492,12.09676,-2.7579746,-3.4036663,15.853805,2843345.0,179289.98,0.06342009,0.03325114,7677500.5
12.5877905,10.605886,-3.9248247,-3.1275847,15.074249,292959.75,40371.785,0.019745598,0.043823518,3520977.8
13.294149,10.523341,-3.470504,-3.0929844,15.208035,593711.9,37173.12,0.03110135,0.045366358,4025000.0
13.459542,10.968943,-2.7755637,-1.6218082,13.981165,700494.8,58043.188,0.06231434,0.19754119,1180165.1
13.797777,11.616239,-1.4517652,-2.7750504,16.486555,982422.94,110883.86,0.2341566,0.062346336,14455060.0
14.017421,11.173203,-3.7580318,-2.528456,14.446824,1223738.1,71196.82,0.023329612,0.07978211,1880078.5
14.866171,11.767055,-2.5184999,-3.631492,15.481813,2859538.8,128933.82,0.0805804,0.026476655,5292564.5
14.897798,12.760828,-4.4620547,-1.5981171,16.146214,2951421.8,348302.97,0.01153863,0.20227702,10285169.0
13.661884,11.172679,-4.5590754,-1.3535317,14.371278,857592.5,71159.484,0.010471737,0.25832632,1743278.0
12.528299,12.8671875,-2.5685995,-1.6527599,16.00188,276039.53,387390.12,0.07664281,0.1915206,8902838.0
14.744762,11.64072,-3.9973547,-3.7515407,15.142084,2532613.8,113631.99,0.018364152,0.02348154,3768110.0
13.961982,11.73973,-1.398921,-2.6104176,15.140921,1157741.6,125458.445,0.24686319,0.073503844,3763728.5
15.138243,12.392509,-1.506777,-2.4578073,15.800142,3753663.0,240989.7,0.22162311,0.08562249,7276367.0
14.884149,11.771583,-1.7556988,-3.9740832,15.446923,2911411.5,129518.97,0.17278646,0.018796526,5111090.0
13.634824,10.634641,-3.4582825,-1.616732,13.92912,834696.75,41549.496,0.031483788,0.19854648,1120314.6
13.41212,10.697728,-2.3616097,-3.1917117,14.174157,668051.06,44255.2,0.09426836,0.04110146,1431390.9
14.951605,11.8679695,-2.3180892,-2.9335024,15.494247,3114580.0,142624.34,0.09846154,0.053210344,5358783.0
14.555994,11.786585,-2.2067173,-3.459841,16.17981,2096949.1,131476.69,0.11006136,0.03143476,10636580.0
12.585093,10.510891,-3.9336429,-1.5627742,13.950062,292170.4,36713.176,0.019572243,0.20955393,1144023.2
14.578319,12.653559,-4.2520576,-1.3131686,15.85898,2144289.0,312874.9,0.014234914,0.26896644,7717339.0
14.349039,11.292044,-2.5438364,-2.5738862,14.638706,1704937.6,80181.15,0.07856442,0.07623869,2277767.2
14.834686,12.17586,-2.7393608,-3.6813593,16.153103,2770909.8,194047.92,0.064611636,0.025188712,10356272.0
12.789206,10.185583,-3.040595,-2.8079329,13.928457,358328.53,26518.11,0.047806434,0.060329575,1119572.2
15.000439,11.790736,-2.3480911,-2.8310156,15.191816,3270451.8,132023.62,0.09555139,0.05895295,3960244.5
13.437565,10.228125,-3.4818203,-4.0133157,15.5036545,685267.7,27670.568,0.030751381,0.01807337,5409431.0
13.248104,11.322997,-1.613733,-3.1568365,16.522362,566994.06,82701.836,0.19914281,0.042560168,14982026.0
12.933084,10.948675,-4.3120046,-2.6157591,16.82728,413777.44,56878.64,0.013406648,0.073112264,20323330.0
14.980571,12.403208,-3.6738577,-3.675591,16.666925,3206116.0,243581.72,0.025378378,0.025334429,17312260.0
14.64883,12.127516,-3.2105606,-3.0392556,15.840995,2300945.0,184889.9,0.040333997,0.04787051,7579781.0
14.809734,12.713442,-2.3072402,-0.9955325,15.821356,2702625.8,332183.2,0.09953557,0.36952662,7432373.5
14.443756,11.671709,-3.6620748,-2.4212599,15.070314,1874319.2,117208.43,0.025679179,0.088809654,3507150.5
13.402889,11.840702,-3.7969174,-2.5737638,16.440462,661912.9,138787.89,0.022439837,0.07624802,13803905.0
14.148193,12.246463,-2.323723,-2.3525343,15.479519,1394704.9,208243.39,0.097908385,0.095127776,5280434.0
14.008884,11.258783,-3.8218496,-2.5049493,14.708309,1213336.4,77558.16,0.021887282,0.08167974,2441954.2
13.994837,11.184844,-4.45118,-1.6643839,14.497484,1196411.0,72030.44,0.011664795,0.18930726,1977777.4
13.419384,11.099849,-4.5202885,-1.6165682,14.514513,672921.5,66161.16,0.010885883,0.19857901,2011744.9
14.773328,11.805712,-3.1628454,-3.182185,15.568365,2606002.0,134015.64,0.042305194,0.04149489,5771053.0
13.517665,10.956041,-3.8800316,-2.9304445,15.254813,742415.94,57299.164,0.020650173,0.05337331,4217753.5
14.92785,12.829288,-2.458802,-2.974242,16.696095,3041464.8,372982.78,0.08553737,0.051086143,17824678.0
15.154723,12.425755,-3.0567958,-3.7155142,16.420395,3816037.5,249136.08,0.04703817,0.02434292,13529660.0
13.092614,11.733558,-2.4961877,-1.6355736,15.569223,485344.47,124686.48,0.08239853,0.19484058,5776008.5
15.08137,12.456225,-4.04593,-3.5882056,16.238438,3546140.5,256844.31,0.01749343,0.027647898,11278825.0
14.307069,12.129501,-3.96825,-1.6201689,15.91556,1634861.8,185257.38,0.018906489,0.19786528,8166572.0
12.618843,11.294474,-2.6086242,-2.8052518,15.974568,302199.62,80376.22,0.07363578,0.060491536,8662972.0
13.539187,11.37182,-2.6100247,-2.252357,14.599003,758567.75,86839.81,0.07353273,0.10515109,2189104.0
12.628412,11.149433,-3.4430215,-2.4662852,15.245664,305105.3,69524.41,0.031967945,0.08489966,4179339.0
14.291657,11.827456,-3.9926307,-2.5010262,16.0229,1609859.5,136961.69,0.018451111,0.08200081,9091947.0
13.678228,11.935188,-1.7259291,-1.2811298,15.353923,871724.2,152540.94,0.17800759,0.27772334,4657190.0
12.399849,11.067829,-2.9455986,-2.0825467,14.6927185,242764.94,64076.254,0.05257058,0.12461246,2404177.8
13.54628,11.75376,-3.7983732,-2.7729907,16.620832,763967.0,127231.09,0.022407195,0.06247488,16532397.0
12.332085,10.179764,-3.8725772,-3.4015892,15.433254,226859.16,26364.238,0.020804683,0.033320278,5041702.0
14.012479,11.179491,-2.9554892,-3.940443,15.652732,1217705.4,71645.89,0.05205319,0.0194396,6279066.5
13.984492,11.364557,-2.4648912,-1.0480442,14.528102,1184098.5,86211.36,0.08501809,0.35062283,2039268.9
14.95087,12.475352,-2.558469,-3.1391978,16.09266,3112290.8,261804.23,0.07742318,0.04331753,9748860.0
14.061143,12.38954,-4.059815,-1.2207578,16.128237,1278429.5,240275.08,0.017252212,0.2950065,10101927.0
12.208562,10.997763,-2.7774203,-1.7025601,14.338822,200498.47,59740.332,0.062198754,0.18221644,1687607.4
14.6208315,11.972873,-3.7617905,-2.331476,15.373727,2237414.5,158399.05,0.023242088,0.09715225,4750340.5
13.589271,12.201771,-1.6659172,-2.0296187,15.3996315,797526.7,199141.47,0.18901722,0.13138561,4875004.0
14.253532,11.667003,-4.5662627,-2.362595,15.77703,1549638.8,116658.09,0.010396742,0.09417551,7110122.0
13.720592,11.067715,-2.7845135,-3.122109,16.25722,909446.56,64068.92,0.06175913,0.04406414,11492662.0
14.981918,11.754908,-1.7172173,-3.4027677,15.298215,3210439.2,127377.15,0.17956513,0.033281032,4404842.0
12.341909,11.058006,-2.368313,-1.0024592,14.284524,229098.98,63449.926,0.093638554,0.36697587,1598416.4
14.50613,12.563703,-3.7619827,-2.2553656,16.254498,1994951.4,285987.28,0.023237621,0.104835205,11461424.0
15.201703,12.503682,-2.9466093,-2.9124393,16.615343,3999592.8,269327.16,0.052517477,0.054343008,16441893.0
12.748283,11.435237,-4.462257,-1.2834865,15.666805,343960.94,92525.26,0.011536297,0.27706963,6368059.0
14.332071,11.480562,-3.0239365,-2.3801184,14.598547,1676252.6,96815.484,0.04860949,0.09253962,2188106.2
13.184623,10.778646,-1.5397707,-1.9922929,13.871193,532119.2,47985.13,0.21443026,0.13638236,1057261.9
14.876234,12.099113,-1.6329317,-3.5740035,16.387892,2888460.0,179712.47,0.19535601,0.028043358,13096974.0
14.047589,11.772528,-3.848485,-2.9660075,16.411285,1261219.0,129641.43,0.021312,0.05150855,13406972.0
12.881815,11.165795,-2.7688968,-1.9200796,16.13062,393098.28,70671.336,0.06273117,0.1465953,10126021.0
13.218228,10.957543,-4.014527,-1.95574,14.996432,550305.2,57385.297,0.018051494,0.14145976,3257375.2
12.833762,11.534956,-1.5526291,-2.180731,14.6214075,374655.47,102227.5,0.21169068,0.11295892,2238703.5
14.213703,11.193254,-2.0659313,-3.5724702,14.445933,1489130.8,72638.8,0.12670024,0.028086388,1878404.6
13.785689,10.851209,-2.6746807,-3.9849405,14.861726,970619.06,51596.477,0.06892883,0.01859355,2846856.0
13.185883,11.6951685,-2.0669973,-1.9568882,15.44978,532789.94,119990.58,0.12656525,0.14129743,5125714.5
12.344927,10.491625,-2.3180985,-2.058967,15.096839,229791.31,36012.625,0.09846063,0.12758568,3601420.8
12.501047,11.560702,-2.7383952,-2.623888,14.782983,268618.4,104893.66,0.06467405,0.07252035,2631284.8
13.068861,10.817916,-3.170636,-2.6992347,16.45759,473951.84,49906.97,0.041976895,0.067256965,14042375.0
13.242639,10.945864,-3.7750928,-1.2432278,14.164801,563903.6,56718.953,0.022934962,0.28845164,1418060.5
14.32011,11.718238,-1.6228873,-3.2485368,16.484026,1656322.5,122790.86,0.19732814,0.038830984,14418547.0
12.895768,10.55104,-4.531205,-2.7757576,15.700308,398621.72,38217.152,0.010767691,0.06230226,6585019.5
14.310935,11.84946,-2.2171028,-1.7147194,15.079094,1641194.8,140008.67,0.10892423,0.18001422,3538077.0
13.435183,10.875668,-4.084947,-1.3234067,14.348044,683637.1,52874.03,0.01682403,0.2662268,1703242.6
13.070361,11.072141,-2.3051043,-2.7693279,14.995639,474663.38,64353.12,0.0997484,0.06270414,3254791.8
13.914048,11.021067,-4.2558537,-3.0230138,14.575195,1103555.9,61148.87,0.01418098,0.048654363,2137602.2
14.264291,11.684515,-2.407545,-1.583367,14.940966,1566400.4,118719.05,0.09003606,0.20528275,3081619.0
14.369365,12.217065,-3.216192,-1.3436792,15.427531,1739946.1,202210.56,0.040107496,0.26088405,5012930.5
14.276164,11.200909,-2.2800355,-3.7629726,14.381649,1585109.5,73196.92,0.10228058,0.02321463,1761452.0
14.778909,11.904559,-2.4276037,-3.810195,16.425201,2620586.5,147939.56,0.088248044,0.022143861,13594847.0
14.910742,12.673864,-4.250439,-1.1973844,16.39906,2989874.0,319292.97,0.014257971,0.30198306,13244055.0
12.343022,11.29578,-3.5679731,-1.1219647,16.082384,229354.1,80481.305,0.02821298,0.3256394,9649186.0
14.164865,11.981748,-1.7599208,-1.2716889,14.828874,1418151.1,159811.08,0.17205848,0.28035772,2754850.2
12.806824,10.514336,-2.2645702,-2.6781027,16.49244,364697.56,36839.86,0.10387467,0.06869336,14540367.0
12.535889,11.348562,-3.3800814,-1.808283,15.564027,278142.44,84843.38,0.034044683,0.16393538,5746071.0
14.063604,11.165631,-1.5235028,-3.8012838,15.55773,1281580.1,70659.74,0.21794711,0.02234207,5710001.0
14.671447,12.056557,-2.4648054,-3.6565368,16.639343,2353576.8,172224.94,0.08502539,0.025821785,16841274.0
14.276314,11.3201475,-3.1329162,-3.98187,16.616257,1585346.9,82466.51,0.043590494,0.018650731,16456922.0
14.526853,11.765341,-1.7654086,-3.3221602,15.559034,2036722.8,128713.055,0.17111684,0.036074817,5717455.0
13.113991,11.430272,-4.5215945,-1.5053935,14.594124,495831.2,92067.02,0.010871675,0.22192995,2178449.2
13.4978895,11.406717,-3.3300312,-2.7382517,14.921704,727878.56,89923.74,0.03579199,0.06468333,3022830.8
13.747047,11.838543,-1.8743649,-1.4207044,15.057735,933827.9,138488.55,0.1534524,0.24154383,3463310.2
14.147662,11.793843,-3.9029613,-3.16189,16.807413,1393964.1,132434.47,0.020182058,0.042345632,19923552.0
13.03962,10.655291,-2.5769496,-2.798668,14.465213,460293.88,42416.41,0.076005496,0.06089112,1914970.6
14.141892,12.808645,-4.4490066,-1.2055008,16.432743,1385944.5,365362.5,0.011690175,0.29954195,13697763.0
14.168837,11.649524,-1.4089202,-3.4858592,15.019289,1423795.2,114636.75,0.24440706,0.030627433,3332685.5
14.113362,11.611314,-3.7050056,-3.55648,16.154997,1346962.1,110339.12,0.02460008,0.028539108,10375905.0
14.164929,11.822924,-3.9375608,-1.9535562,15.08774,1418243.1,136342.27,0.01949571,0.14176902,3568800.0
14.134547,11.658117,-1.503888,-3.0727265,15.321973,1375801.8,115626.13,0.2222643,0.04629476,4510745.0
14.960874,12.165291,-3.3400846,-2.7621994,16.459702,3143582.5,192007.72,0.035433963,0.063152716,14072056.0
12.259743,11.760187,-2.5008688,-1.4421638,15.4827385,211027.3,128051.414,0.08201371,0.23641564,5297462.5
13.020464,10.921628,-3.221206,-1.5031418,14.215992,451560.2,55360.85,0.039906904,0.22243024,1492543.0
14.55938,11.322753,-2.476894,-3.794644,15.037933,2104060.5,82681.65,0.08400375,0.02249091,3395404.2
13.400508,10.38171,-4.298654,-2.8072016,14.475658,660338.56,32264.088,0.013586833,0.060373705,1935078.4
12.687852,12.286154,-1.5083853,-1.8934228,15.318492,323790.47,216675.0,0.22126697,0.1505556,4495070.5
13.7815075,11.125548,-3.025197,-3.2447126,16.826967,966568.56,67883.51,0.048548255,0.038979765,20316974.0
13.52733,11.156577,-4.4791985,-2.9121196,15.043041,749626.5,70022.87,0.011342501,0.054360382,3412791.8
14.556076,12.14085,-3.94686,-2.3633406,16.546011,2097121.1,187371.78,0.019315256,0.094105326,15340562.0
14.862482,12.410982,-4.4747667,-2.1123202,16.796892,2849009.8,245482.8,0.011392879,0.120956995,19715036.0
13.954998,10.900115,-4.2609367,-2.8473847,14.120091,1149684.4,54182.594,0.01410908,0.0579958,1356056.5
14.20754,12.230056,-3.8650968,-0.9518165,15.154121,1479980.6,204854.61,0.020960893,0.38603914,3813742.0
14.78819,12.086848,-4.54669,-2.882391,16.506308,2645021.8,177521.72,0.0106022395,0.056000706,14743422.0
12.99924,11.173331,-3.9769852,-1.7288841,14.617203,442077.25,71205.92,0.018742058,0.17748235,2229310.2
14.236016,11.774809,-4.330772,-2.7457483,15.296067,1522731.4,129937.51,0.013157387,0.064200245,4395392.0
15.050898,12.200778,-2.491212,-3.8837028,15.832774,3439709.5,198943.88,0.08280955,0.0205745,7517725.5
14.076828,12.21508,-4.425855,-1.5777764,15.726993,1298639.9,201809.66,0.011963976,0.20643361,6763104.5
12.282883,10.418345,-2.4753137,-1.3059599,14.193559,215967.39,33468.016,0.0841366,0.27091235,1459433.2
14.656305,11.6594715,-4.3709764,-1.8602605,15.105459,2318208.8,115782.83,0.012638893,0.15563208,3632600.0
14.398622,11.554639,-1.8674295,-3.5735412,14.87655,1791603.5,104259.56,0.15452035,0.028056325,2889372.0
15.017382,12.374133,-1.7019027,-3.4046044,15.864377,3326335.0,236601.62,0.18233626,0.03321996,7759101.0
14.742614,11.779891,-1.4168742,-2.8832905,15.159945,2527178.0,130599.55,0.24247076,0.055950355,3836014.8
13.363317,11.187263,-3.166058,-3.320451,17.01815,636230.7,72204.85,0.0421695,0.03613653,24597376.0
13.049725,10.928481,-2.6486738,-1.1708623,13.83679,464968.34,55741.55,0.07074498,0.31009942,1021507.56
12.946591,10.18944,-4.3049927,-3.700751,15.490919,419404.6,26620.578,0.013500985,0.024704965,5340977.0
13.381651,11.133854,-2.3325715,-2.6887033,14.905843,648003.2,68449.664,0.09704587,0.06796902,2975262.2
13.274714,11.36098,-2.273133,-2.43815,15.906387,582284.5,85903.516,0.102989,0.08732226,8092007.0
13.507703,10.612937,-2.404448,-3.689931,14.153826,735056.6,40657.434,0.090315334,0.024973728,1402582.5
14.335052,12.311221,-3.1792653,-1.6509205,15.994685,1681255.8,222175.11,0.04161622,0.19187321,8839008.0
14.007689,11.203434,-2.152657,-2.666191,14.347629,1211887.4,73382.0,0.11617506,0.0695165,1702534.5
12.655884,10.743119,-2.032683,-2.202555,13.927667,313603.22,46310.28,0.13098364,0.11052042,1118687.5
12.655098,11.773669,-2.604178,-2.4622455,15.605844,313356.88,129789.51,0.07396392,0.08524332,5991447.0
13.462857,10.985662,-3.2548597,-2.2606945,14.546869,702820.8,59021.82,0.038586233,0.104278035,2077902.0
13.5454035,11.116069,-1.5115665,-3.843463,15.052752,763297.75,67243.04,0.22056419,0.0214193,3446092.5
12.5097685,10.820357,-3.579946,-2.2196922,14.354706,270971.38,50028.96,0.027877202,0.10864254,1714626.5
12.602342,10.218699,-3.6916308,-3.2092533,16.797443,297253.8,27410.994,0.02493131,0.04038676,19725906.0
12.477549,10.44975,-2.1924155,-3.2781196,14.829507,262379.88,34535.74,0.11164674,0.03769908,2756595.2
13.526162,11.92624,-3.7016244,-1.8356352,16.260082,748751.3,151182.05,0.0246834,0.15951215,11525612.0
14.23003,11.822431,-1.6644421,-3.3956912,15.632048,1513643.2,136275.06,0.18929625,0.03351738,6150523.0
12.391181,10.634344,-3.6705604,-1.594274,14.759779,240669.77,41537.176,0.025462197,0.20305589,2570931.8
13.735989,11.699382,-3.7347894,-3.380945,15.772735,923557.75,120497.2,0.0238782,0.034015298,7079647.5
12.229523,10.216194,-4.320201,-1.691184,14.209044,204745.44,27342.408,0.013297211,0.18430117,1482209.5
12.73508,10.560678,-3.110006,-4.0604844,14.441963,339449.25,38587.26,0.044600684,0.017240666,1870961.9
12.472139,10.2380905,-3.6428566,-3.106248,16.0174,260964.42,27947.709,0.026177458,0.044768617,9042089.0
12.467173,10.094895,-2.3634388,-3.306252,14.109379,259671.5,24219.064,0.09409609,0.03665329,1341607.1
13.001678,11.073734,-3.895213,-1.407476,14.376846,443156.6,64455.754,0.020339044,0.24476029,1753012.5
14.438229,12.318754,-1.8006042,-2.1802247,15.577391,1863987.6,223855.1,0.16519904,0.113016136,5823375.5
13.538547,10.559142,-1.9452112,-3.9874105,14.255981,758081.8,38528.062,0.14295703,0.01854768,1553438.5
13.515699,10.796108,-3.6065254,-3.7136333,16.927866,740958.1,48830.395,0.027146004,0.024388751,22473918.0
14.331606,11.496384,-1.6926014,-2.1755717,14.793739,1675472.8,98359.43,0.18404013,0.11354323,2659741.0
13.959407,11.475474,-3.8414714,-2.4128234,16.483639,1154764.4,96324.15,0.021461999,0.089562066,14412966.0
14.857093,12.405079,-2.8773336,-2.7170813,16.344831,2833697.2,244037.92,0.056284636,0.0660673,12544984.0
12.9718895,10.769601,-3.5495026,-1.0511489,13.8283,430150.1,47553.035,0.02873893,0.34953594,1012872.06
15.361594,12.293578,-3.8202775,-3.9872491,16.480125,4693054.5,218289.66,0.021921718,0.018550673,14362417.0
13.470217,12.360082,-3.8668454,-2.511747,15.945212,708012.3,233300.28,0.020924274,0.0811264,8412358.0
13.5263,10.450405,-3.4549701,-3.5256333,14.791481,748854.8,34558.37,0.03158825,0.029433161,2653741.2
13.027234,10.237346,-3.1348023,-3.4270744,14.198299,454627.7,27926.9,0.043508355,0.03248183,1466368.4
13.873239,11.04557,-3.2483528,-3.768862,15.792284,1059426.8,62665.754,0.03883813,0.023078311,7219411.5
14.010173,11.460929,-2.690276,-3.255512,14.875325,1214900.6,94933.21,0.06786221,0.038561072,2885836.0
12.51542,10.982333,-2.3824358,-2.7633276,15.838612,272507.1,58825.645,0.09232542,0.06308151,7561738.0
13.329802,10.728543,-2.8453507,-2.2921948,14.102778,615260.8,45640.16,0.05811388,0.10104444,1332781.1
14.343742,11.564209,-3.040374,-3.2671516,15.5395,1695930.9,105262.13,0.047817,0.03811484,5606853.5
12.914187,11.058656,-2.9593122,-1.1560766,14.556246,406032.06,63491.145,0.05185457,0.31471854,2097477.0
15.325791,12.120693,-2.8955202,-3.0256157,16.378002,4528002.0,183632.77,0.055270266,0.048527934,12968088.0
12.425155,11.0443125,-2.0832145,-1.8220062,14.275439,248986.69,62586.977,0.124529265,0.16170102,1583961.0
14.189478,11.837538,-4.0228477,-2.902173,15.92395,1453489.8,138349.42,0.017901914,0.054903783,8235381.0
14.140951,11.444524,-4.013271,-1.4766839,15.072679,1384640.6,93388.53,0.01807418,0.22839382,3515451.8
13.420065,11.129202,-2.550436,-3.6214676,16.751913,673379.9,68131.98,0.078047626,0.026743399,18847918.0
13.41749,10.327052,-3.9946563,-3.6075609,15.595717,671648.25,30547.928,0.018413773,0.02711791,5931083.5
14.5522175,11.862255,-3.2715688,-2.7172592,15.605905,2089044.8,141811.66,0.03794685,0.06605555,5991813.0
13.882741,11.452197,-2.052052,-2.3541493,14.856851,1069541.9,94107.88,0.128471,0.094974265,2833011.0
13.607898,10.754487,-4.216915,-3.379945,15.488204,812521.56,46839.73,0.014744058,0.034049325,5326495.0
13.328748,10.1597805,-3.7898471,-3.2821343,16.558207,614612.8,25842.625,0.022599056,0.03754803,15528794.0
14.196438,11.98292,-4.1897306,-2.0811398,15.298037,1463641.1,159998.5,0.015150365,0.1247879,4404056.5
13.304208,10.843003,-1.9633812,-3.4333324,15.217348,599713.8,51174.84,0.14038296,0.032279193,4062658.5
15.253866,11.875855,-3.0957851,-3.960229,15.500703,4213761.0,143753.52,0.04523948,0.019058751,5393488.0
13.254957,10.951918,-3.946116,-3.0846164,14.781554,570893.06,57063.367,0.019329634,0.04574758,2627528.5
14.931768,12.145332,-2.6493897,-3.1689126,15.626483,3053406.5,188213.52,0.07069434,0.042049296,6116392.0
12.806463,10.996082,-2.0547984,-2.1903403,14.247575,364566.12,59640.03,0.12811866,0.11187867,1540434.1
14.265373,11.335733,-1.561856,-3.5159833,14.869166,1568096.9,83761.89,0.20974642,0.029718565,2868117.2
14.009829,11.421429,-3.7952821,-1.0764816,14.508823,1214482.5,91256.42,0.022476563,0.34079248,2000331.4
14.130516,10.881514,-3.8755517,-4.1305494,14.281994,1370266.9,53184.04,0.020742891,0.016074045,1594377.4
13.4078045,11.004245,-3.2804234,-2.507842,14.29758,665174.4,60128.836,0.037612326,0.0814438,1619421.9
13.463333,11.0281925,-3.4800565,-3.5905492,16.431557,703155.4,61586.164,0.03080567,0.027583176,13681522.0
14.687595,11.502445,-3.4729328,-3.9002514,15.616527,2391892.2,98957.445,0.031025903,0.020236824,6055797.5
14.385565,11.421423,-4.0232377,-3.8609173,15.129941,1768363.0,91255.91,0.017894933,0.021048682,3722630.0
14.111769,11.085339,-2.0904722,-3.1196768,14.303988,1344817.2,65208.074,0.12362874,0.04417144,1629833.5
14.077164,11.196782,-2.936629,-3.400742,14.778045,1299075.9,72895.49,0.053044237,0.033348516,2618323.2
14.657399,11.738093,-2.295479,-1.0024726,14.637927,2320745.8,125253.305,0.100713134,0.36697093,2275993.2
14.93694,12.466654,-2.683105,-2.666227,16.595856,3069239.0,259536.81,0.0683506,0.069514,16124585.0
14.524441,12.257042,-4.169609,-3.0634944,16.49979,2031816.5,210458.11,0.015458302,0.046724133,14647646.0
14.728426,12.591534,-3.074069,-2.9829605,16.357431,2491576.0,294058.4,0.04623265,0.050642684,12704050.0
12.551577,11.654468,-3.1032534,-1.5404217,14.697529,282540.34,115204.91,0.04490288,0.21429071,2415770.5
13.684379,10.859003,-3.6650393,-1.1464477,13.937788,877102.06,52000.21,0.025603166,0.31776357,1130067.6
12.4914665,10.435162,-3.6988173,-2.8583102,15.754287,266057.2,34035.574,0.024752785,0.057365615,6950240.0
13.907538,12.1093235,-1.4479064,-2.8155453,16.591972,1096395.4,181556.73,0.2350619,0.05987206,16062089.0
14.3665695,11.497349,-2.0951746,-3.3163695,14.74519,1735089.5,98454.4,0.12304876,0.036284324,2533696.0
12.37875,11.233687,-3.0469015,-1.7640488,15.978903,237696.48,75635.984,0.047505897,0.17134969,8700602.0
13.719953,10.944379,-4.216709,-3.204921,15.268291,908865.7,56634.797,0.014747095,0.040562104,4274986.5
13.355248,10.899452,-2.9501078,-2.5034897,14.478103,631118.2,54146.695,0.052334063,0.081799045,1939814.1
13.278972,12.053102,-4.052632,-2.0104845,16.617811,584768.7,171630.9,0.017376581,0.13392378,16482524.0
15.060681,12.817566,-2.6532106,-2.5294244,16.218275,3473528.0,368636.34,0.07042474,0.07970488,11053692.0
14.045686,11.004032,-2.5139573,-3.0142555,14.106027,1258820.5,60116.05,0.08094727,0.04908236,1337117.4
15.070654,12.337486,-4.5123296,-3.9295254,16.870153,3508341.2,228087.88,0.010972869,0.019652998,21213608.0
14.193727,11.326026,-4.386849,-3.7595036,15.713692,1459678.1,82952.71,0.012439867,0.023295302,6673745.0
15.359995,12.086364,-4.5936985,-2.5142295,15.204649,4685555.0,177435.73,0.010115378,0.08092524,4011392.5
13.647365,11.000512,-3.1180959,-3.0973182,14.518019,845230.5,59904.812,0.044241328,0.04517018,2018809.9
14.846118,11.815332,-2.5542064,-2.405738,15.1760645,2802767.8,135311.17,0.07775392,0.0901989,3898352.0
14.985493,12.150472,-2.6322088,-3.6361227,16.258398,3221935.0,189183.3,0.07191943,0.02635433,11506217.0
14.779423,12.331375,-4.4710045,-2.8961172,16.192608,2621934.0,226698.25,0.011435823,0.05523728,10773585.0
13.085192,11.373337,-3.9044192,-1.2917501,16.426975,481755.38,86971.59,0.020152656,0.27478945,13618984.0
13.603198,11.527017,-3.4414403,-2.360227,15.414645,808711.94,101419.09,0.032018535,0.09439878,4948748.0
13.620937,11.267349,-4.3507237,-3.172541,16.625643,823185.94,78225.37,0.012897475,0.041897006,16612114.0
14.783243,11.789465,-1.749659,-3.6850374,15.460428,2631970.0,131855.9,0.17383322,0.025096238,5180583.5
12.7876005,10.978909,-4.4936376,-2.353718,14.609267,357753.88,58624.53,0.011179903,0.095015235,2211689.5
12.915742,10.63067,-3.669744,-1.6394479,13.841402,406663.75,41384.83,0.025482992,0.19408716,1026229.56
14.303167,12.033756,-2.819457,-2.4981325,15.574566,1628495.9,168342.56,0.059638314,0.082238436,5806949.0
15.148345,12.3433485,-2.6345289,-3.6595438,16.505276,3791775.8,229428.9,0.071752764,0.025744256,14728217.0
13.900866,11.645249,-4.336705,-2.689562,16.141237,1089103.6,114147.8,0.013079552,0.06791067,10234115.0
13.042257,10.285498,-3.659328,-3.031383,13.893693,461509.22,29304.537,0.025749812,0.04824886,1081319.9
13.093767,10.428426,-4.5288053,-1.854243,14.711151,485904.4,33807.09,0.010793564,0.15657142,2448904.0
14.674787,11.331708,-4.438743,-3.247572,14.282152,2361450.5,83425.39,0.011810774,0.03886847,1594629.8
12.911813,10.519509,-4.219764,-3.1762896,14.950847,405069.03,37030.95,0.014702111,0.041740242,3112219.5
12.644983,12.232445,-4.1134048,-1.9662733,16.277306,310203.34,205344.6,0.016352005,0.13997754,11725841.0
13.01574,10.843131,-2.6789958,-1.4816405,14.210203,449432.25,51181.38,0.06863204,0.22726457,1483928.0
15.077513,12.114535,-2.5335326,-3.2684712,16.177668,3532487.0,182505.45,0.07937811,0.038064573,10613821.0
14.054485,11.080056,-1.7271044,-3.356552,14.207392,1269946.5,64864.527,0.1777985,0.034855235,1479761.9
14.61715,12.30013,-4.484524,-2.8047063,15.830678,2229193.2,219724.53,0.01128226,0.060524542,7501983.5
12.799283,11.136302,-3.6062527,-2.4838421,15.823008,361957.84,68617.44,0.02715341,0.08342209,7444660.0
12.956847,11.856656,-1.4192013,-2.01529,16.349995,423728.06,141019.88,0.24190716,0.13328174,12609924.0
12.967453,11.695727,-3.937404,-2.3660488,16.31953,428245.97,120057.66,0.01949877,0.093850814,12231565.0
12.3388405,11.327748,-2.401381,-1.32867,14.961717,228396.97,83095.7,0.09059276,0.26482925,3146233.8
12.909451,10.310273,-2.2682908,-3.3116813,14.983544,404113.28,30039.64,0.103488915,0.03645483,3215663.8
13.865861,11.439362,-2.5703497,-2.8924284,17.006762,1051639.5,92907.68,0.07650878,0.055441417,24318832.0
13.427635,10.17677,-4.4064217,-3.9081855,14.8166485,678496.9,26285.434,0.012198752,0.020076897,2721376.8
14.016683,11.0258875,-2.4010508,-2.8400388,14.879891,1222835.1,61444.37,0.09062268,0.0584234,2899043.5
12.912948,10.32272,-2.3885477,-4.0271287,13.840415,405529.0,30415.863,0.091762856,0.01782544,1025217.1
12.806746,11.125519,-2.0037303,-2.256706,14.332705,364669.06,67881.5,0.13483138,0.10469478,1677314.5
15.009005,12.560884,-3.8289082,-2.0356698,15.711342,3298586.5,285182.47,0.02173333,0.13059299,6658081.0
13.86993,11.139406,-2.706431,-1.5622423,14.154199,1055927.8,68830.77,0.0667747,0.20966542,1403105.6
12.6993475,11.429413,-1.9020826,-1.0672141,14.533533,327534.12,91987.945,0.14925745,0.34396544,2050374.6
13.138842,12.394238,-3.4597523,-1.7971157,15.612881,508307.38,241406.73,0.031437546,0.16577636,6033758.5
13.956114,11.430844,-1.8422388,-1.775659,14.68074,1150967.9,92119.72,0.15846227,0.1693718,2375552.0
13.492387,10.935924,-3.6267724,-3.6525912,16.805155,723884.25,56157.953,0.026601907,0.025923867,19878610.0
14.05115,11.457476,-4.4511266,-2.7779732,16.42294,1265718.2,94605.95,0.011665418,0.062164377,13564129.0
13.793254,11.94157,-1.4226702,-2.0785966,16.24866,977989.2,153517.56,0.24106944,0.12510566,11394703.0
14.045465,12.15382,-2.4098506,-1.9512331,15.730594,1258543.2,189817.81,0.089828715,0.14209874,6787503.0
14.676161,11.670161,-3.3343697,-3.6514301,16.012709,2364697.8,117027.15,0.035637043,0.025953984,8999762.0
13.2323,12.187901,-4.529366,-1.3564818,16.18732,558103.56,196398.4,0.010787513,0.25756535,10716774.0
13.376513,11.484111,-3.5712976,-2.9036818,15.838993,644682.06,97159.66,0.02811934,0.05482101,7564623.0
14.691788,11.734122,-2.0816998,-2.391366,14.922067,2401941.0,124756.89,0.12471803,0.0915046,3023926.5
12.765414,10.672605,-1.4077609,-2.7495236,13.943224,349904.03,43157.2,0.24469057,0.063958324,1136227.2
12.318069,10.65063,-2.1984293,-2.7017534,14.376018,223701.86,42219.184,0.11097733,0.06708778,1751560.4
15.3007555,12.500945,-4.072814,-3.7044427,16.233164,4416047.0,268591.0,0.0170294,0.02461393,11219499.0
14.684819,11.148386,-2.1199217,-3.8142216,13.996481,2385261.2,69451.64,0.12004103,0.022054875,1198379.8
12.95508,10.551486,-3.9759269,-2.9922523,14.7478485,422979.94,38234.21,0.018761903,0.0501743,2540441.8
14.640603,11.682512,-2.2516322,-3.6066046,15.54405,2282091.8,118481.52,0.10522733,0.027143855,5632422.5
12.303463,11.986585,-2.2398903,-1.7531153,16.120779,220458.11,160585.97,0.10647018,0.17323343,10026870.0
14.45507,11.757026,-1.8031108,-1.9716951,14.958752,1895644.6,127647.23,0.16478547,0.13922067,3136919.0
14.397046,11.519928,-2.5303986,-3.8250537,15.611198,1788783.0,100702.71,0.079627275,0.021817263,6023616.5
13.21647,11.004457,-2.5833728,-3.0271761,16.773327,549338.3,60141.625,0.07551886,0.04845227,19255878.0
13.271207,11.4168415,-3.824858,-2.9920986,16.851574,580245.7,90838.77,0.021821534,0.050182015,20823110.0
13.611796,10.803581,-2.5507367,-3.8333547,16.53045,815695.5,49196.67,0.078024164,0.021636909,15103708.0
12.36539,10.524571,-2.5689993,-2.137716,14.143966,234541.97,37218.88,0.076612175,0.11792387,1388821.0
12.946172,11.285901,-4.33352,-2.8052363,16.4221,419228.66,79690.13,0.01312128,0.06049247,13552750.0
12.439048,10.0898075,-2.664058,-3.534866,16.777039,252470.03,24096.154,0.06966495,0.029162662,19327482.0
14.28472,12.510694,-4.0314116,-1.324605,16.813026,1598730.5,271222.16,0.017749257,0.26590797,20035704.0
13.507826,11.219548,-3.5427933,-2.625853,16.55993,735147.06,74574.08,0.028932398,0.07237799,15555593.0
14.318166,11.384271,-3.332763,-3.6276367,15.404374,1653104.8,87927.74,0.035694346,0.026578926,4898179.5
14.352326,11.951512,-2.449006,-3.118535,16.583689,1710551.5,155051.45,0.0863794,0.044221904,15929587.0
12.953948,10.957144,-2.0407345,-2.7784464,15.02027,422501.4,57362.37,0.12993324,0.062134963,3335957.8
12.877921,11.537105,-1.4789058,-2.9648993,15.258415,391570.6,102447.38,0.2278869,0.051565662,4232973.5
14.63751,11.833801,-1.4624099,-2.6933434,15.394075,2275044.8,137833.44,0.2316773,0.067654364,4847993.0
15.020807,13.005848,-1.7802535,-2.8436286,16.722084,3337749.2,445008.2,0.1685954,0.058214042,18294006.0
13.472507,11.205813,-3.7724066,-2.376368,14.729849,709636.0,73556.82,0.022996653,0.09288733,2495123.8
12.918869,11.857964,-3.9973383,-1.3067076,15.74771,407937.4,141204.38,0.018364456,0.27070987,6904681.5
14.787693,12.287232,-4.4836373,-2.9887664,16.559126,2643708.0,216908.83,0.011292265,0.050349507,15543077.0
14.307107,11.879041,-4.3542595,-1.1459328,14.89777,1634924.1,144212.14,0.0128519535,0.3179272,2951340.2
12.977509,10.720426,-2.741286,-1.0457796,13.947932,432573.94,45271.168,0.06448736,0.35141775,1141589.6
13.306659,10.907593,-3.101165,-1.1960125,13.959592,601185.44,54589.277,0.04499675,0.3023976,1154978.0
14.97818,11.993418,-3.3676524,-2.8980913,16.17614,3198459.8,161687.02,0.034470465,0.055128343,10597618.0
14.233756,11.9836645,-2.4217606,-2.8164318,15.494795,1519293.6,160117.7,0.088765204,0.05981901,5361717.0
12.985106,10.306755,-4.0658174,-3.0798662,13.928094,435873.12,29934.145,0.017148966,0.045965407,1119165.5
14.352317,11.375375,-4.093181,-3.0329065,15.113486,1710535.2,87149.016,0.016686069,0.04817541,3661876.5
14.851183,11.94502,-4.2793503,-2.496538,15.401472,2816999.8,154048.03,0.013851658,0.08236968,4883985.0
13.586086,11.688563,-1.5609263,-2.6103396,14.979125,794991.2,119200.63,0.2099415,0.073509574,3201484.0
13.505796,11.103412,-3.4265413,-3.229263,15.300125,733656.7,66397.3,0.03249915,0.03958666,4413264.0
12.677006,10.644624,-4.3997984,-1.4011954,14.040358,320297.56,41966.367,0.012279815,0.24630235,1252131.1
14.032165,11.586186,-2.4841955,-3.5098383,16.492203,1241914.4,107601.125,0.08339262,0.029901749,14536928.0
13.845866,11.316477,-3.3941748,-3.3748267,16.991297,1030821.06,82164.35,0.033568244,0.03422405,23945638.0
13.551085,11.25283,-3.8799002,-1.4946816,14.619113,767647.1,77097.766,0.020652886,0.22432002,2233572.8
15.363725,12.504733,-2.4580646,-3.245455,16.128298,4703063.5,269610.38,0.085600466,0.03895084,10102544.0
12.393775,11.07353,-2.4783072,-3.250625,16.265205,241294.88,64442.6,0.0838851,0.038749985,11584811.0
15.05866,12.234514,-3.1409788,-2.2818863,15.698845,3466512.2,205769.98,0.043240454,0.10209145,6575393.0
13.179672,11.984348,-2.1817613,-1.2734982,15.089547,529491.44,160227.23,0.11284261,0.27985093,3575255.2
13.440195,11.609548,-3.9989905,-1.9718174,14.846618,687072.5,110144.414,0.018334137,0.13920364,2804168.8
13.038117,11.518957,-1.6825608,-3.5346477,15.412267,459602.56,100604.99,0.18589732,0.02916903,4936991.5
13.018658,10.898129,-3.7027655,-1.0721681,13.937944,450745.28,54075.12,0.024655249,0.34226564,1130244.4
12.986342,11.581891,-2.4145403,-1.025067,14.586948,436412.2,107139.94,0.089408435,0.35877243,2162874.0
12.393037,10.361869,-2.8594155,-1.7837075,14.241966,241116.83,31630.238,0.05730224,0.16801408,1531818.6
12.951854,10.689174,-2.5676668,-2.2504072,14.470435,421617.5,43878.234,0.07671433,0.10535631,1924997.4
14.694656,12.22133,-3.5340185,-2.912696,16.422039,2408841.2,203074.81,0.02918739,0.054329067,13551923.0
12.993554,11.180113,-1.7584071,-2.9896734,14.736383,439570.8,71690.45,0.17231913,0.050303865,2511481.8
13.4733925,10.795401,-2.5444534,-3.950854,15.0877905,710264.3,48795.855,0.07851596,0.019238263,3568980.2
15.280534,12.347564,-3.3779507,-2.4437366,15.821502,4327644.0,230398.05,0.0341173,0.08683578,7433458.0
14.052704,11.060807,-1.7250657,-3.867854,14.321078,1267686.1,63627.895,0.17816134,0.020903178,1657926.5
14.822815,11.958191,-4.2517905,-2.8874989,15.915501,2738210.0,156090.45,0.014238716,0.05571539,8166089.0
13.526363,11.409605,-2.608985,-3.3147216,15.842646,748902.0,90183.8,0.073609225,0.036344167,7592304.0
12.610851,10.418074,-2.1774623,-3.0102222,16.969566,299794.12,33458.918,0.113328755,0.04928073,23430902.0
13.301237,10.906545,-4.338383,-2.599999,14.376076,597934.9,54532.094,0.013057623,0.07427365,1751662.2
12.426262,10.850295,-3.048013,-2.3113282,14.277095,249262.52,51549.36,0.04745312,0.099129505,1586585.6
13.310779,11.642548,-1.5518738,-2.4868062,15.565428,603667.4,113839.81,0.21185063,0.08317519,5754126.5
12.964864,10.799168,-4.4042683,-4.019731,16.28343,427138.56,48980.016,0.012225049,0.017957794,11797876.0
14.53268,12.838078,-1.8856535,-1.7056824,16.490181,2048625.4,376275.75,0.15172987,0.18164839,14507568.0
13.369662,10.741908,-3.6509216,-2.9409084,14.293478,640280.94,46254.223,0.025967186,0.052817725,1612793.0
13.066069,11.552062,-1.9923488,-1.9399357,14.913602,472630.25,103991.25,0.13637473,0.14371319,2998437.5
13.196271,10.700542,-3.1649349,-3.0173378,14.277843,538353.6,44379.92,0.04221689,0.04893131,1587773.9
14.312142,11.357182,-1.5177858,-3.5817332,14.996917,1643177.4,85577.83,0.21919669,0.027827425,3258953.8
12.823501,10.156387,-2.0629106,-3.4626555,13.961481,370830.6,25755.084,0.12708354,0.03134641,1157162.1
13.496277,11.068458,-3.7373898,-1.7582428,16.159159,726705.7,64116.54,0.023816187,0.17234744,10419178.0
14.097757,12.1005535,-1.4121714,-3.0388093,15.491647,1326105.9,179971.45,0.24361373,0.04789188,5344864.5
12.415503,10.1297655,-4.0173745,-2.430461,15.417913,246594.98,25078.482,0.018000161,0.08799627,4964948.5
13.478113,10.244538,-2.7796779,-4.0521107,14.800663,713625.2,28128.492,0.062058493,0.017385641,2678220.0
13.215644,11.708177,-2.994405,-1.0570029,14.690001,548884.8,121561.625,0.050066408,0.34749573,2397652.0
15.147653,12.206349,-3.620921,-3.9761643,16.404203,3789151.2,200055.36,0.026758024,0.01875745,13312359.0
12.32044,12.292071,-3.848253,-1.3887719,16.074385,224232.84,217960.98,0.021316944,0.24938138,9572306.0
15.221296,12.661024,-2.3431702,-2.6754684,16.50823,4078730.2,315219.38,0.09602275,0.06887456,14771795.0
15.111271,12.284597,-2.4531937,-2.9456892,15.952625,3653773.0,216338.03,0.086018436,0.05256582,8474950.0
13.103397,10.558287,-4.353381,-2.8386776,16.029612,490606.34,38495.117,0.012863247,0.058502976,9153177.0
13.171891,11.231558,-2.0737891,-2.2958097,16.186697,525387.44,75475.086,0.12570855,0.10067984,10710092.0
14.41138,11.924281,-2.1807275,-1.1444428,14.976038,1814607.6,150886.19,0.112959325,0.31840128,3191616.2
12.59187,10.549338,-2.8486037,-2.6228414,14.112042,294157.4,38152.188,0.057925142,0.0725963,1345185.4
12.521663,11.027728,-4.543381,-2.8407636,16.309021,274213.62,61557.566,0.010637378,0.05838107,12103691.0
15.013391,12.39286,-3.0481198,-2.8642104,15.928556,3313085.8,241074.28,0.047448054,0.057028145,8273403.0
13.231441,10.652006,-3.220784,-3.2656934,14.165612,557624.2,42277.324,0.039923746,0.038170457,1419211.9
14.8862095,11.766879,-2.042565,-3.6262488,15.774023,2917417.8,128911.2,0.1296956,0.026615838,7088774.5
13.701194,10.939357,-3.169633,-3.5013006,15.1069765,891975.4,56351.086,0.04201902,0.030158134,3638116.0
14.677777,11.792206,-2.4283266,-2.0924957,15.138235,2368523.5,132217.8,0.088184275,0.123378836,3753634.2
13.117842,11.751702,-2.3170357,-2.350321,16.552795,497744.28,126969.516,0.09856533,0.095338546,15444993.0
14.818916,11.869331,-2.0324209,-3.8820932,16.455914,2727555.5,142818.72,0.13101795,0.020607645,14018852.0
12.672402,10.547944,-4.406048,-1.4952073,14.753941,318826.5,38099.027,0.0122033125,0.22420213,2555965.5
13.213873,11.349162,-2.7784975,-1.3123314,15.320673,547913.6,84894.29,0.062131792,0.2691917,4504885.5
13.621334,10.720239,-3.4389126,-2.5753467,14.036962,823512.56,45262.707,0.03209957,0.076127425,1247886.1
14.004957,11.622902,-3.1847668,-2.8959947,15.716632,1208580.6,111625.18,0.041387897,0.055244047,6693395.5
13.16874,10.745889,-3.7247732,-1.2733744,13.936912,523734.56,46438.71,0.02411857,0.27988556,1129077.6
12.299915,10.783146,-2.035976,-1.5405438,14.5631075,219677.39,48201.523,0.130553,0.21426456,2111918.8
14.796694,12.037654,-2.0516553,-3.5397398,15.605095,2667610.8,168999.98,0.12852198,0.029020876,5986963.5
14.62308,11.815361,-3.0429368,-1.4029499,14.810588,2242451.5,135315.05,0.047694612,0.24587059,2704933.5
12.481769,11.098592,-1.9203982,-2.0668123,14.399391,263489.44,66078.05,0.14654858,0.12658867,1792982.9
13.543893,11.19249,-3.9742606,-1.8827914,14.675728,762145.56,72583.266,0.018793192,0.15216476,2363674.2
14.974474,12.612347,-4.418599,-1.5352333,15.97303,3186628.2,300242.78,0.012051103,0.21540543,8649656.0
14.861541,12.175043,-1.924977,-3.2765133,16.574083,2846329.5,193889.39,0.14587912,0.037759684,15777309.0
13.190314,11.127902,-4.2166247,-2.5880744,14.50484,535156.4,68043.47,0.0147483405,0.07516463,1992378.9
14.791242,12.069995,-1.5278857,-3.1881967,15.5942135,2653106.2,174554.95,0.21699397,0.041246183,5922170.0
13.549992,11.958394,-2.1149914,-1.963746,15.189851,766807.94,156122.16,0.120634325,0.14033176,3952468.2
14.50188,11.973058,-2.4344752,-3.2764995,16.72618,1986489.8,158428.36,0.087643735,0.037760206,18369076.0
14.388953,12.012647,-4.399628,-2.3252528,15.455059,1774365.1,164826.17,0.012281906,0.09775873,5152842.5
13.574791,10.647877,-3.7702522,-4.1339936,14.532733,786062.0,42103.105,0.02304625,0.016018778,2048734.8
14.67813,11.942587,-3.9248493,-1.327404,14.779969,2369359.2,153673.72,0.019745113,0.26516473,2623367.2
12.430266,10.706433,-1.7086874,-3.142845,15.941875,250262.69,44642.13,0.18110335,0.04315984,8384333.5
14.500741,11.580794,-3.0093312,-3.6658592,15.646745,1984229.0,107022.5,0.049324654,0.025582181,6241585.0
13.512701,10.5321245,-2.43118,-3.923181,14.097544,738739.8,37501.062,0.08793301,0.01977808,1325822.6
15.051864,12.396846,-4.2342916,-2.0870545,15.889466,3443034.2,242036.98,0.014490072,0.124051996,7956233.5
13.893968,12.620886,-4.4240203,-2.251377,16.213919,1081616.9,302817.56,0.011985948,0.10525418,11005643.0
14.916637,12.535456,-3.9795527,-3.5640945,16.606895,3007553.2,278022.06,0.018693998,0.028322618,16303583.0
14.13325,11.125007,-2.9454827,-2.4122896,14.015431,1374018.5,67846.74,0.052576672,0.089609884,1221306.1
14.448197,12.413984,-2.6023364,-2.3156214,15.875737,1882662.1,246220.88,0.07410025,0.09870483,7847748.0
13.559019,10.686994,-3.4419136,-2.3395298,13.975514,773761.6,43782.68,0.032003384,0.09637295,1173515.4
12.921303,10.463056,-3.7107363,-3.0535936,15.083334,408931.44,34998.33,0.024459507,0.04718904,3553110.5
13.17241,10.6418295,-2.2702892,-3.5277326,14.383945,525660.06,41849.266,0.10328231,0.029371437,1765501.8
14.663754,11.986444,-4.306613,-1.6575149,15.682888,2335541.8,160563.45,0.013479127,0.19061208,6471303.0
13.304099,11.670224,-2.8550792,-2.179438,15.278201,599648.56,117034.516,0.057551265,0.113105066,4317560.5
14.219437,12.263575,-2.611234,-0.9404598,15.431509,1497693.2,211837.47,0.07344386,0.39044827,5032910.5
13.906962,11.121988,-2.4856434,-2.5045965,14.943834,1095764.0,67642.266,0.08327196,0.081708565,3090471.8
14.247572,11.964212,-2.3416588,-2.6938965,16.842213,1540429.6,157033.19,0.09616798,0.067616954,20629088.0
14.468594,11.573796,-2.8029408,-3.4847906,15.122605,1921455.6,106276.164,0.06063149,0.030660179,3695422.0
14.28795,11.377156,-3.4323368,-3.9572551,16.182302,1603901.4,87304.41,0.032311346,0.019115511,10663129.0
14.578496,10.991998,-3.7253013,-2.9109797,13.960371,2144669.5,59396.926,0.024105838,0.054422382,1155878.2
15.061856,12.371156,-1.818255,-2.9151897,16.537647,3477611.5,235898.22,0.16230874,0.054193746,15212793.0
13.978725,11.46152,-3.4721448,-0.9617844,14.524948,1177289.6,94989.36,0.031050362,0.38221025,2032847.6
14.921926,11.93913,-3.19374,-3.4149601,15.443169,3023499.8,153143.38,0.04101818,0.032877717,5091936.0
14.274982,11.478535,-1.7696176,-1.1952095,14.333971,1583237.6,96619.39,0.17039815,0.30264056,1679440.1
12.547593,11.07301,-3.3276882,-1.0938858,14.254655,281417.1,64409.117,0.035875946,0.33491257,1551379.1
14.615431,11.190056,-2.0549858,-4.078036,14.40396,2225363.5,72406.83,0.12809466,0.016940707,1801193.8
13.463906,11.198722,-2.8943503,-3.0847957,16.276459,703558.5,73037.03,0.055334967,0.045739375,11715915.0
13.644926,11.643093,-2.558002,-1.727983,15.585495,843171.9,113901.93,0.07745935,0.17764236,5870762.0
12.567101,12.211876,-3.150967,-1.0378535,15.337614,286960.7,201164.03,0.042810716,0.3542142,4581853.0
14.1290865,11.123569,-2.713897,-2.6322796,14.083227,1368309.4,67749.24,0.06627802,0.07191434,1306976.8
14.793767,11.99377,-1.4429331,-3.500867,16.392645,2659814.5,161743.92,0.23623385,0.030171217,13159374.0
14.512751,11.474534,-3.3668678,-3.0730748,14.760494,2008202.5,96233.62,0.03449752,0.046278637,2572771.5
13.354845,11.332488,-2.9392061,-1.2452986,14.483124,630863.7,83490.49,0.052907713,0.28785494,1949578.5
15.139981,12.360159,-2.750035,-1.8664062,15.639799,3760194.5,233318.31,0.063925624,0.15467855,6198383.5
13.642569,10.748751,-3.6421509,-4.059538,14.926397,841186.44,46571.81,0.02619594,0.017256992,3037050.2
13.752341,11.724603,-1.9373083,-2.3672144,16.014605,938784.56,123574.9,0.14409128,0.093741484,9016841.0
14.589139,11.336244,-2.5435307,-3.9884896,15.177555,2167617.0,83804.64,0.07858843,0.018527677,3904167.2
13.846381,11.3495,-3.8120875,-2.7726061,15.012346,1031352.06,84922.95,0.022101993,0.062498912,3309627.8
14.369292,11.852442,-2.3898454,-2.7454405,15.313207,1739820.1,140426.83,0.091643855,0.064220004,4471375.5
14.339411,12.056657,-1.6935502,-3.2947903,16.985458,1688600.8,172242.19,0.18386559,0.03707582,23806242.0
12.769364,10.38541,-3.6697888,-3.186687,14.171262,351288.94,32383.693,0.02548185,0.0413085,1427252.5
13.554274,11.003282,-3.0305753,-3.0304897,14.885927,770098.44,60070.945,0.04828785,0.048291985,2916594.5
14.752165,12.49947,-2.311739,-1.8790176,16.62759,2551430.8,268195.03,0.09908879,0.15274009,16644497.0
14.659593,11.343034,-3.73231,-3.8404155,14.793609,2325842.0,84375.625,0.023937475,0.021484673,2659393.5
13.70987,11.4697695,-3.841923,-2.2668452,16.359097,899748.3,95776.195,0.02145231,0.10363862,12725222.0
12.789059,10.53339,-3.8204286,-2.81568,14.200027,358275.9,37548.55,0.021918405,0.059863996,1468904.5
14.714314,12.344974,-3.9420142,-1.4204334,16.178375,2456663.0,229802.05,0.019409081,0.24160928,10621335.0
13.106448,11.710941,-2.5606906,-2.2317374,15.124566,492105.38,121898.17,0.07725137,0.107341774,3702675.0
14.771944,12.149433,-2.526887,-3.5044582,15.900527,2602398.5,188986.94,0.07990739,0.030063057,8044724.0
13.757841,11.134243,-3.9997783,-2.4303448,16.18943,943961.94,68476.305,0.0183197,0.08800648,10739405.0
12.971181,11.731171,-4.138934,-2.361203,16.384253,429845.4,124389.2,0.015939832,0.09430671,13049398.0
12.864979,10.5009365,-3.3399103,-2.7604623,14.089358,386535.44,36349.527,0.03544014,0.063262515,1315014.6
13.494729,12.114358,-2.5249715,-1.1503273,14.830135,725581.75,182473.08,0.080060594,0.31653315,2758328.2
12.509843,10.660749,-4.455042,-1.29217,14.870704,270991.53,42648.586,0.011619833,0.2746741,2872530.0
14.13833,11.301793,-1.3894924,-3.5156398,14.851985,1381016.6,80966.69,0.24920177,0.029728778,2819260.0
14.731044,11.786595,-3.4863727,-3.6306543,15.953896,2498107.0,131478.06,0.030611709,0.02649884,8485722.0
14.615009,11.810274,-2.6545868,-3.3412094,15.400331,2224425.8,134628.47,0.07032789,0.035394125,4878413.0
13.815253,11.012755,-4.532748,-2.470171,14.382271,999742.75,60642.75,0.010751089,0.0845704,1762547.6
13.841029,11.253616,-3.0467486,-2.9065437,14.878232,1025847.0,77158.445,0.047513157,0.05466434,2894236.8
14.211007,11.425903,-4.0199656,-2.94392,14.773543,1485121.5,91665.68,0.017953582,0.052658904,2606563.8
12.733215,10.77839,-1.606823,-1.6970865,14.32957,338816.97,47972.824,0.20052367,0.18321656,1672064.8
13.005983,11.478122,-4.443469,-2.3607113,16.228203,445068.44,96579.5,0.011755088,0.09435308,11163977.0
13.015142,10.301944,-4.522217,-3.058318,14.024907,449163.6,29790.469,0.010864912,0.04696663,1232933.9
14.615826,11.835189,-1.8909032,-3.5735118,15.759152,2226242.2,138024.83,0.15093541,0.028057149,6984140.0
13.002681,13.016575,-2.181993,-1.315632,16.67431,443601.0,449807.44,0.11281646,0.2683047,17440588.0
12.2082,10.563729,-2.8816884,-2.4341648,14.548424,200426.02,38705.203,0.056040067,0.087670945,2081134.6
14.154198,11.428602,-2.3981853,-3.2267687,15.545907,1403104.2,91913.41,0.09088273,0.039685525,5642890.5
15.180991,12.712752,-3.3703175,-3.553746,16.317844,3917605.5,331954.22,0.034378722,0.028617239,12210959.0
15.222867,12.77809,-4.593481,-2.6601243,16.819632,4085141.8,354367.4,0.010117577,0.069939524,20168480.0
14.597287,11.920954,-1.8035278,-3.1143193,15.778213,2185351.2,150384.97,0.16471677,0.044408724,7118535.5
13.161955,11.628565,-3.8114946,-1.2064539,14.986824,520192.84,112259.09,0.022115102,0.2992566,3226227.5
14.928879,12.055706,-3.8174832,-3.4592378,16.021557,3044596.0,172078.5,0.02198306,0.031453725,9079747.0
14.508113,11.836766,-2.3603883,-1.6086563,15.083231,1998910.6,138242.72,0.09438357,0.20015639,3552744.5
14.614271,12.068704,-1.8040868,-2.8189552,16.259274,2222784.2,174329.7,0.16462472,0.059668254,11516295.0
14.822815,12.1730795,-3.2567992,-2.9167302,16.189949,2738210.0,193509.03,0.038511466,0.05411033,10744978.0
15.213661,11.939026,-3.6985898,-3.063141,16.580973,4047707.2,153127.45,0.024758415,0.046740647,15886380.0
14.361738,11.829088,-3.182796,-2.6954677,15.79165,1726726.9,137185.34,0.041469544,0.0675108,7214834.5
14.551939,11.616127,-4.401247,-3.649297,16.540867,2088463.1,110871.484,0.012262039,0.026009407,15261851.0
13.552298,11.319685,-2.4167433,-3.2544472,15.125092,768578.2,82428.375,0.08921168,0.038602155,3704621.2
15.321156,12.5192995,-2.9990146,-1.4498308,15.601437,4507059.5,273566.38,0.04983615,0.23460999,5965101.5
14.849359,12.238086,-3.3173492,-3.5800617,16.0485,2811865.0,206506.2,0.036248792,0.02787398,9327710.0
14.459349,11.962017,-3.8544345,-2.2719388,15.579664,1903773.8,156688.81,0.02118558,0.10311207,5836630.5
12.706167,10.667412,-4.3943706,-2.4464045,14.2292385,329775.44,42933.676,0.01234665,0.08660442,1512445.6
12.656304,11.291166,-2.778736,-1.7493802,14.672698,313735.12,80110.83,0.062116966,0.17388168,2356523.5
14.181582,12.27779,-2.1903481,-2.1822371,16.461544,1442058.9,214870.34,0.11187779,0.11278892,14098008.0
13.945629,11.042446,-4.490026,-4.0335703,14.651572,1138963.4,62470.277,0.011220352,0.017710984,2307262.2
14.536948,11.599923,-3.8376424,-3.0742373,15.152946,2057388.9,109089.414,0.021544334,0.04622487,3809263.8
12.35284,10.760036,-3.912807,-1.3796449,14.662562,231617.0,47100.387,0.019984327,0.25166792,2332759.2
12.632595,10.984627,-1.9443661,-1.4143425,14.248406,306384.2,58960.723,0.1430779,0.24308538,1541715.6
13.747794,10.6680975,-3.0997474,-3.9840117,14.862371,934525.44,42963.125,0.045060582,0.01861083,2848694.8
13.997376,11.911502,-4.263639,-1.2764511,14.92779,1199453.4,148970.25,0.014071005,0.27902576,3041282.0
13.833553,12.964729,-2.9185262,-1.8066435,16.16137,1018206.5,427081.16,0.054013234,0.16420437,10442236.0
12.857614,11.022559,-3.1373684,-2.9146168,16.033308,383698.97,61240.203,0.04339685,0.054224804,9187074.0
13.013516,10.751963,-3.4295604,-1.2322258,13.818172,448433.84,46721.637,0.03240118,0.29164273,1002665.44
14.72049,11.610369,-1.764911,-4.048287,15.240106,2471882.2,110234.89,0.17120202,0.017452246,4156174.5
14.443242,11.847436,-1.839393,-2.283088,15.251302,1873356.1,139725.62,0.15891385,0.10196884,4202969.0
13.924795,11.0269,-3.4706933,-3.7295797,15.3150425,1115479.8,61506.633,0.031095464,0.024002923,4479592.0
13.797449,10.623709,-3.3579328,-4.104538,14.029107,982100.7,41097.754,0.03480714,0.01649764,1238123.0
14.993936,12.616212,-2.0253253,-1.4825169,15.866683,3249252.8,301405.53,0.13195091,0.22706547,7777014.0
13.548672,10.494309,-3.189424,-3.5029347,15.565193,765796.5,36109.434,0.04119559,0.030108893,5752776.5
14.329854,11.417175,-4.188053,-2.554301,15.074472,1672540.0,90869.1,0.015175802,0.077746555,3521763.5
13.972446,11.142238,-4.5390244,-1.3362164,13.925938,1169920.6,69025.94,0.010683825,0.26283824,1116754.9
13.569833,10.923887,-4.018614,-2.6266172,14.349467,782174.25,55486.07,0.01797787,0.072322704,1705667.9
15.012433,12.869043,-1.7144868,-1.1340673,15.73503,3309915.0,388109.72,0.1800561,0.32172206,6817682.5
14.292949,11.747319,-4.0668235,-3.1334505,16.548199,1611939.6,126414.22,0.017131722,0.043567207,15374159.0
15.205304,12.022432,-4.3357234,-3.767308,15.65479,4014021.5,166447.02,0.0130924,0.023114203,6292002.5
14.187974,11.547683,-4.052466,-2.9387937,15.368371,1451305.4,103536.836,0.017379465,0.052929543,4724966.5
12.356009,10.987667,-3.9958546,-1.4510391,14.177359,232351.95,59140.254,0.018391721,0.23432668,1435980.8
14.765823,11.944816,-1.4980968,-3.378658,16.567083,2586518.5,154016.6,0.22355522,0.034093175,15667254.0
14.200082,12.289015,-2.5008779,-1.4485663,16.58269,1468984.4,217295.8,0.082012974,0.23490682,15913674.0
12.914142,10.60358,-2.0907733,-3.3593454,14.993816,406013.5,40278.797,0.12359152,0.034758,3248865.2
12.76931,9.9766035,-3.910434,-3.5354724,16.16799,351269.84,21517.105,0.020031806,0.029144986,10511598.0
14.236661,12.065392,-3.7469568,-1.7560451,16.577194,1523713.4,173753.27,0.023589423,0.17272663,15826467.0
15.23731,12.279083,-3.178559,-3.9876099,16.732815,4144573.2,215148.39,0.04164562,0.018543985,18491372.0
14.367258,11.946668,-2.423135,-2.8863313,15.52489,1736284.5,154302.11,0.08864328,0.055780478,5525531.0
13.274608,11.727497,-3.9901657,-1.0698893,14.609528,582222.3,123933.09,0.01849665,0.3430465,2212265.2
14.177346,11.482037,-3.450425,-2.4744186,14.832201,1435963.0,96958.33,0.03173215,0.08421193,2764032.0
13.711434,12.404676,-3.5150793,-1.8290472,15.88961,901156.6,243939.72,0.029745445,0.16056648,7957379.5
13.542425,11.138011,-4.4775352,-2.7299123,14.913182,761027.8,68734.805,0.011361382,0.06522501,2997179.5
13.307222,10.9169235,-1.4877144,-3.1693773,14.0505905,601524.4,55101.02,0.22588836,0.04202976,1265009.9
13.62176,12.403539,-3.1439059,-2.541453,16.653906,823863.7,243662.34,0.04311407,0.0787519,17088322.0
14.756884,12.111421,-2.8999398,-1.3590974,15.441954,2563498.8,181937.89,0.055026535,0.25689256,5085753.0
12.471134,11.037013,-3.424163,-1.548372,14.398525,260702.23,62131.79,0.03257653,0.2125938,1791430.9
12.946922,10.61495,-2.2977102,-2.0846124,14.2031555,419543.4,40739.367,0.100488685,0.124355316,1473506.5
14.131752,11.462087,-3.2313478,-2.8259788,15.964547,1371961.5,95043.19,0.03950422,0.059250638,8576592.0
13.44098,11.288205,-3.6629684,-1.0056789,14.423237,687611.94,79873.96,0.025656242,0.3657962,1836251.5
13.469023,11.241955,-4.0833306,-2.7804565,14.059506,707167.44,76263.89,0.016851246,0.06201019,1276339.0
14.075298,11.1940155,-1.7188445,-2.6298447,14.7792635,1296654.9,72694.1,0.17927317,0.07208966,2621516.5
13.739034,12.292122,-1.9371847,-0.9469559,15.732233,926374.4,217972.0,0.14410909,0.38792008,6798639.5
12.697645,12.377746,-2.7804153,-2.5617027,16.46429,326977.03,237457.9,0.062012747,0.077173226,14136782.0
13.443117,11.282415,-1.9447088,-3.3723574,16.030613,689083.06,79412.84,0.14302887,0.034308665,9162347.0
13.5413885,11.765481,-1.8556263,-2.7617962,15.299705,760239.3,128731.1,0.15635498,0.06317818,4411408.5
14.230795,11.161312,-2.8644452,-3.0975747,15.002323,1514801.4,70355.21,0.057014752,0.04515859,3276620.5
14.380045,11.588655,-2.9619045,-3.2977479,15.174334,1758628.8,107867.13,0.05172032,0.036966328,3891610.2
14.856117,12.040966,-2.2802224,-3.5768936,16.200851,2830934.0,169560.66,0.10226146,0.027962428,10862765.0
12.867793,10.761332,-3.533352,-1.4070978,14.273168,387624.78,47161.426,0.029206853,0.24485286,1580366.9
13.963836,11.001284,-3.668005,-2.1528327,14.226913,1159890.0,59951.047,0.025527347,0.116154656,1508933.1
14.707244,11.898573,-4.3454294,-2.8025186,15.896736,2439354.2,147056.61,0.012965939,0.0606571,8014285.0
13.754299,11.393335,-2.0039167,-1.161616,14.272017,940624.4,88728.41,0.13480625,0.31298,1578548.9
15.075014,12.394423,-3.3443234,-2.947358,16.409197,3523671.8,241451.17,0.03528408,0.052478176,13379000.0
12.726553,10.795852,-1.9030231,-2.1868923,14.162692,336567.16,48817.87,0.14911714,0.112265095,1415073.5
13.25236,10.9861555,-2.9611118,-2.9944594,14.884043,569412.44,59050.926,0.051761337,0.050063685,2911103.5
13.434425,10.825108,-2.3888128,-2.8142145,16.204092,683119.7,50267.176,0.09173853,0.059951793,10898024.0
14.960545,12.366966,-2.8424625,-1.6227431,15.492184,3142548.2,234912.0,0.05828197,0.19735658,5347735.0
14.704236,11.931004,-1.7573191,-3.6897428,16.223392,2432028.0,151903.94,0.17250672,0.024978425,11110404.0
14.520883,12.262587,-4.268049,-2.406722,16.767653,2024599.8,211628.28,0.014009092,0.09011018,19146922.0
12.454297,10.861764,-2.5211575,-2.5503426,16.560673,256349.52,52143.977,0.08036653,0.07805492,15567139.0
14.081985,11.912472,-4.4604373,-1.0747463,15.25124,1305354.9,149114.8,0.011557308,0.34138438,4202708.5
13.461708,10.977431,-1.4870539,-3.5880039,14.763829,702013.6,58537.996,0.2260376,0.027653474,2581366.0
13.571606,10.788465,-3.4132788,-3.2880685,14.403692,783562.2,48458.574,0.03293304,0.037325874,1800711.1
13.643003,11.073604,-2.6431296,-2.2471745,14.35936,841552.3,64447.332,0.071138285,0.10569745,1722624.9
13.053813,11.828194,-4.4383397,-1.9741272,15.638917,466873.2,137062.69,0.01181554,0.13888247,6192918.0
14.63722,11.963701,-2.773499,-3.611958,16.552313,2274385.2,156952.94,0.062443133,0.02699893,15437541.0
12.8606,10.400238,-3.0292184,-1.9236989,14.077553,384846.75,32867.45,0.048353415,0.14606568,1299581.4
13.1029415,10.7045765,-4.41155,-1.9053237,15.856675,490382.75,44559.316,0.012136352,0.14877447,7699571.0
13.340532,10.599174,-3.5824506,-2.9229248,14.085092,621898.56,40101.68,0.027807469,0.053776175,1309415.8
13.279103,11.061211,-4.45918,-3.0725222,15.578539,584845.7,63653.566,0.01157185,0.046304222,5830066.0
13.85586,11.783268,-1.9342262,-2.7485049,16.36242,1041174.3,131041.32,0.14453608,0.06402351,12767573.0
13.193968,11.880231,-2.6184833,-1.596379,15.1586,537115.2,144383.89,0.07291336,0.2026289,3830860.0
12.924792,10.474856,-2.2789297,-3.302453,16.361912,410360.9,35413.78,0.10239374,0.036792804,12761097.0
13.274776,11.195214,-2.1322987,-2.2244415,15.428054,582320.6,72781.3,0.118564434,0.10812779,5015551.0
13.729492,11.572278,-2.919651,-1.1211833,14.693347,917577.4,106114.93,0.05395251,0.32589394,2405689.2
14.163439,11.232537,-4.1597304,-2.311142,14.34099,1416130.6,75549.04,0.015611766,0.09914796,1691269.6
14.0139065,12.266356,-2.5901046,-2.2896602,16.089561,1219445.1,212427.6,0.07501219,0.10130087,9718691.0
12.950613,12.22877,-2.8122997,-2.3437135,16.742054,421094.7,204591.44,0.060066696,0.095970586,18663008.0
15.280298,11.691989,-3.3607128,-3.710491,14.997804,4326624.5,119609.664,0.034710508,0.024465509,3261845.5
12.286657,10.9216795,-2.646047,-1.4858522,15.803322,216784.12,55363.703,0.07093104,0.22630939,7299539.5
13.992367,11.708945,-3.9728763,-1.1549141,14.820702,1193459.5,121655.1,0.018819226,0.31508458,2732429.2
14.167938,11.891466,-3.0360887,-1.6399688,15.875519,1422516.8,146015.22,0.048022352,0.1939861,7846034.5
14.264637,11.400539,-3.5213296,-1.1871032,13.98786,1566942.8,89369.914,0.029560104,0.30510384,1188092.6
12.985082,11.718213,-2.0161173,-1.8753735,15.111007,435862.3,122787.82,0.13317153,0.1532977,3652808.0
13.436782,10.773063,-3.6542082,-2.845076,16.754923,684731.4,47717.94,0.025881983,0.058129843,18904732.0
14.947654,12.166769,-3.3220105,-1.7686274,15.3452215,3102298.2,192291.75,0.03608022,0.17056695,4616842.0
12.4457445,10.586157,-4.210614,-2.1486099,14.252941,254166.42,39583.074,0.014837252,0.1166462,1548722.8
12.777961,10.556563,-4.445627,-2.774593,14.264868,354321.78,38428.836,0.011729747,0.062374853,1567304.4
12.94315,10.651416,-2.626992,-2.7090929,14.258168,417963.56,42252.375,0.0722956,0.06659719,1556839.2
14.238479,11.912061,-4.220026,-2.0563214,16.387163,1526485.6,149053.53,0.014698262,0.12792368,13087435.0
13.957359,11.29136,-4.0150213,-1.3292842,14.510804,1152402.4,80126.336,0.01804257,0.26466665,2004297.5
12.758858,11.21135,-1.9173757,-2.3437448,14.88376,347617.4,73965.234,0.1469922,0.09596759,2910281.8
14.982454,12.297358,-2.637748,-2.8291423,15.722303,3212160.5,219116.22,0.071522154,0.05906349,6731465.0
14.578961,12.050909,-2.1148686,-3.1029465,15.937231,2145667.8,171255.02,0.12064914,0.04491666,8345483.5
13.125788,11.723355,-2.9106367,-1.3636736,14.796789,501715.12,123420.84,0.054441057,0.25571963,2667865.2
14.435135,12.089314,-3.099744,-2.235523,15.396693,1858229.9,177960.06,0.04506073,0.10693619,4860701.0
14.414506,12.294519,-3.9044015,-2.7742865,16.751966,1820289.2,218495.22,0.020153012,0.06239398,18848926.0
12.40017,10.235576,-3.8810208,-2.6650772,13.996194,242842.97,27877.514,0.020629756,0.06959398,1198035.8
12.702509,10.114317,-3.7484808,-3.2241502,14.665769,328571.22,24694.033,0.023553502,0.03978958,2340250.8
14.766851,12.352546,-3.3782687,-2.289866,15.669128,2589179.0,231548.75,0.034106452,0.10128003,6382870.0
13.318581,12.750529,-3.5139492,-1.0023566,16.003536,608395.6,344734.3,0.02977908,0.3670135,8917589.0
14.215112,11.593939,-2.7659595,-3.308163,15.338081,1491229.9,108438.54,0.062915705,0.03658332,4583994.5
15.095948,12.23112,-4.4534,-2.6181815,16.532938,3598214.2,205072.75,0.011638925,0.07293538,15141320.0
14.341823,12.19597,-2.6836472,-3.6070607,16.60743,1692678.2,197989.56,0.06831355,0.027131477,16312292.0
15.284313,11.647314,-2.8096104,-2.8466256,14.940432,4344030.5,114383.73,0.060228456,0.058039844,3079973.8
13.312622,11.520806,-3.9196682,-1.6655542,14.845643,604781.25,100791.195,0.01984768,0.18908584,2801437.0
14.10706,11.157215,-2.7211943,-2.4411829,14.150209,1338500.4,70067.555,0.06579613,0.087057814,1397519.5
14.979276,12.081979,-3.4653683,-2.7121518,16.13848,3201966.5,176659.39,0.03126149,0.06639379,10205927.0
12.944001,11.52462,-3.4898574,-1.4995136,15.650276,418319.7,101176.32,0.030505221,0.2232387,6263666.0
14.414473,11.729531,-1.7378097,-3.4582505,16.06615,1820228.5,124185.45,0.17590527,0.031484798,9493811.0
12.804933,10.448918,-2.4609566,-4.075997,15.384416,364008.53,34507.03,0.08535326,0.016975284,4801388.0
14.942481,12.017713,-4.3209014,-2.9822173,15.401133,3086292.2,165663.28,0.013287901,0.050680336,4882327.5
12.729014,10.566208,-2.9097645,-2.2078817,13.982471,337396.6,38801.254,0.05448856,0.10993327,1181708.1
13.220077,11.361066,-4.107681,-1.9554106,14.837559,551323.25,85910.89,0.016445871,0.14150636,2778880.5
12.488205,10.748753,-2.8526967,-2.3480704,15.766727,265190.84,46571.9,0.057688545,0.09555337,7037246.0
13.386552,11.05349,-1.4663193,-2.7035298,14.448894,651186.8,63163.992,0.23077333,0.06696871,1883973.2
14.697366,11.585342,-1.9478556,-3.6693933,15.141986,2415376.5,107510.35,0.1425795,0.02549193,3767740.0
13.159022,10.739933,-3.8231928,-2.2239094,14.099849,518669.6,46162.96,0.0218579,0.10818534,1328882.2
12.321805,11.320459,-1.478775,-2.2910159,15.731235,224539.06,82492.23,0.2279167,0.10116364,6791854.5
14.504228,11.692888,-3.63605,-4.037542,16.27244,1991159.4,119717.28,0.026356246,0.017640783,11668926.0
14.219067,11.328261,-2.2980452,-3.9061558,16.452168,1497139.1,83138.35,0.10045502,0.020117689,13966435.0
13.305508,11.020821,-3.257987,-3.3798888,15.063225,600493.8,61133.83,0.03846575,0.034051243,3482374.0
12.243909,11.682802,-3.638182,-1.626644,15.107478,207712.23,118515.875,0.026300116,0.19658822,3639941.5
13.461629,11.1172085,-3.3918118,-1.76061,14.282041,701958.06,67319.72,0.033647656,0.17193995,1594451.9
14.470034,11.473707,-2.3172784,-3.1559346,16.41786,1924224.6,96154.08,0.098541416,0.04259857,13495408.0
14.26373,11.65702,-2.5231292,-3.616339,15.4414215,1565522.2,115499.28,0.08020823,0.026880909,5083047.5
15.047884,12.369482,-3.8471606,-3.4162605,16.496645,3429359.2,235503.73,0.021340245,0.03283499,14601648.0
12.850454,11.12003,-1.7764654,-2.9303887,16.350178,380961.78,67509.96,0.16923527,0.053376287,12612233.0
14.219312,12.830072,-4.084412,-2.1582928,16.368837,1497506.1,373275.62,0.016833033,0.115522176,12849781.0
15.179871,12.457732,-3.606939,-3.1063323,16.165283,3913218.0,257231.62,0.027134778,0.04476484,10483186.0
14.771293,11.668404,-3.9244695,-3.8301091,15.18967,2600703.8,116821.64,0.019752614,0.021707246,3951752.0
12.973404,10.942741,-3.1909173,-2.3426533,14.312653,430802.03,56542.137,0.041134123,0.09607239,1644016.0
13.355126,10.3108,-4.277593,-3.861843,14.709276,631041.2,30055.459,0.01387602,0.021029204,2444316.8
12.58585,10.61184,-3.8285024,-1.538676,14.070499,292391.75,40612.867,0.021742152,0.21466513,1290447.2
14.204619,11.975758,-4.3080025,-1.2155262,15.591782,1475665.1,158856.67,0.01346041,0.2965539,5907785.5
14.104481,12.21463,-2.770309,-1.1177154,15.639381,1335051.9,201718.84,0.06264265,0.32702607,6195795.0
14.02781,11.513417,-3.256094,-3.3182786,16.588852,1236518.2,100049.19,0.03853864,0.03621512,16012047.0
14.736813,12.361131,-3.831478,-2.8765697,15.860006,2512559.8,233545.16,0.02167755,0.05632765,7725262.5
14.75795,11.84552,-1.9102898,-3.6654394,15.421711,2566233.5,139458.17,0.14803748,0.025592925,4983838.5
14.623307,11.550632,-4.4768615,-2.4686615,14.603657,2242960.5,103842.695,0.011369039,0.08469815,2199315.5
13.47187,11.179172,-3.2664435,-2.2356958,15.003565,709184.06,71623.0,0.03814184,0.10691771,3280691.8
14.109441,11.353042,-4.4423666,-2.8997934,15.544909,1341690.4,85224.28,0.011768055,0.05503459,5637259.0
13.685242,10.510572,-4.260075,-3.808317,15.012295,877859.4,36701.484,0.014121242,0.022185488,3309457.2
14.250039,11.887768,-3.6211622,-2.618821,15.9093685,1544234.9,145476.2,0.026751569,0.072888754,8116166.5
13.060556,11.675099,-3.9537125,-1.121806,15.034914,470032.16,117606.48,0.019183353,0.32569104,3385167.8
13.671503,11.572572,-2.863714,-1.9451181,15.652118,865881.25,106146.1,0.05705646,0.14297034,6275211.5
13.007702,11.882541,-2.0930343,-2.236899,15.702777,445833.97,144717.77,0.123312406,0.10678916,6601298.5
12.530687,10.834779,-4.5276628,-1.6118352,14.456185,276699.5,50755.68,0.010805903,0.19952111,1897761.0
12.586191,11.088419,-3.0670602,-1.610988,14.353513,292491.6,65409.25,0.04655782,0.19969022,1712582.0
13.873737,11.189173,-2.7886071,-3.4482896,15.9887495,1059955.4,72342.914,0.061506826,0.03179998,8786698.0
12.455175,11.03016,-2.1638875,-1.681168,13.929165,256574.77,61707.45,0.11487766,0.18615642,1120364.8
12.773504,10.392653,-3.4961808,-3.7345967,14.323259,352746.25,32619.105,0.030312935,0.0238828,1661546.5
14.205572,12.086091,-4.2142696,-2.3574617,16.760624,1477071.8,177387.34,0.014783115,0.09466019,19012818.0
14.547058,11.526224,-3.0013075,-2.6709812,14.886752,2078294.4,101338.75,0.049722016,0.06918431,2919001.5
12.503741,11.299287,-2.4511151,-2.864042,16.009666,269343.1,80764.02,0.08619741,0.057037745,8972424.0
14.145961,11.736285,-4.595267,-3.4803956,16.784365,1391594.5,125027.02,0.010099526,0.030795228,19469598.0
14.072431,11.426531,-3.18661,-2.917061,15.085119,1292941.8,91723.22,0.04131168,0.054092426,3559459.5
13.094867,11.036538,-4.4331403,-2.5086863,16.75161,486438.97,62102.29,0.0118771335,0.08137507,18842204.0
12.680117,11.841634,-2.8498108,-2.7619562,15.655842,321295.53,138917.27,0.057855263,0.06316808,6298624.5
14.397997,11.488002,-3.7362328,-3.8801908,15.41992,1790484.6,97538.44,0.02384376,0.020646885,4974920.5
14.996372,11.67908,-2.8272507,-1.6365107,14.237129,3257179.5,118075.555,0.05917532,0.19465807,1524427.1
14.682024,11.874608,-2.7059038,-2.871561,15.939965,2378603.2,143574.31,0.066809915,0.056610487,8368333.0
14.457639,11.946199,-3.4526126,-2.1686816,16.381565,1900521.2,154229.88,0.031662803,0.11432824,13014375.0
14.260723,12.045016,-2.818455,-1.4761641,16.294725,1560821.9,170248.81,0.059698105,0.22851256,11931893.0
14.190334,11.809447,-2.7433803,-2.3839865,15.653902,1454735.0,134517.19,0.064352445,0.09218236,6286418.5
12.214626,11.131751,-3.3003714,-1.4686228,14.363677,201718.08,68305.875,0.03686947,0.23024236,1730078.0
15.09996,11.483054,-2.4129465,-3.8056026,14.964422,3612679.5,97057.05,0.08955105,0.022245789,3154757.5
14.312477,12.210322,-1.4203975,-2.4904459,15.513762,1643727.5,200851.75,0.24161795,0.08287301,5464387.0
12.731021,10.905836,-4.0162015,-3.427161,15.60203,338074.28,54493.47,0.01802129,0.032479018,5968641.0
14.679536,11.816447,-4.0654955,-2.5300775,15.257364,2372692.2,135462.11,0.017154487,0.07965285,4228527.0
13.972043,11.847139,-4.501619,-2.7454543,15.369003,1169448.8,139684.19,0.011091027,0.06421912,4727955.0
14.040051,11.302271,-2.8545885,-1.3808736,14.374575,1251747.9,81005.38,0.05757951,0.25135887,1749034.9
12.7384405,10.554867,-4.374116,-2.4870038,16.432823,340591.97,38363.69,0.012599275,0.083158754,13698860.0
14.167417,11.50818,-2.716555,-3.5400567,16.897514,1421774.9,99526.55,0.06610208,0.029011682,21802046.0
14.864479,12.012629,-4.50963,-3.2285366,16.63219,2854705.0,164823.19,0.0110025285,0.03961543,16721246.0
14.420324,11.758617,-4.573066,-2.833242,16.28458,1830911.2,127850.56,0.010326249,0.058821846,11811453.0
12.930732,12.168708,-3.3919642,-1.301737,15.507222,412805.47,192664.94,0.03364253,0.27205884,5428764.5
12.749949,12.12647,-1.7771404,-2.8817315,16.125132,344534.47,184696.58,0.16912107,0.05603765,10070608.0
12.61814,10.41262,-4.4377193,-1.8515574,14.089884,301987.28,33276.93,0.011822872,0.15699248,1315705.8
13.462478,10.80816,-2.4577997,-3.7867277,14.742225,702554.1,49422.438,0.085623145,0.022669664,2526194.8
13.3299675,12.428628,-3.42263,-2.3635578,16.417416,615362.94,249852.98,0.032626513,0.09408489,13489412.0
15.384331,12.430726,-2.4462764,-3.5304575,16.371742,4800980.5,250377.75,0.0866155,0.029291512,12887163.0
14.194344,12.019752,-2.90533,-1.5046618,15.220129,1460579.1,166001.4,0.05473073,0.22209239,4073972.0
12.550664,11.246188,-1.7285105,-2.0776224,14.4810505,282282.6,76587.42,0.17754868,0.1252276,1945540.8
15.115086,11.948709,-4.3366456,-2.3275394,15.6108885,3667737.8,154617.33,0.0130803315,0.09753545,6021750.0
15.149511,12.646443,-2.307541,-1.0771405,15.7735815,3796200.8,310656.6,0.09950565,0.340568,7085645.5
14.755012,11.854421,-2.060323,-2.5784593,15.265702,2558704.2,140704.98,0.12741281,0.07589084,4263932.0
12.382926,11.096896,-2.2357426,-2.030894,15.812722,238691.2,65966.09,0.10691271,0.13121815,7368481.5
14.175551,11.054456,-2.1015694,-3.6152143,14.27385,1433388.0,63225.043,0.12226439,0.026911156,1581446.4
13.423849,11.129066,-4.185647,-3.2053442,16.540926,675932.94,68122.75,0.01521236,0.040544942,15262753.0
14.334431,12.467725,-3.3599474,-1.1279204,15.583756,1680212.2,259814.92,0.034737084,0.32370573,5860564.5
12.6569395,11.190381,-3.2050207,-2.492427,16.161472,313934.47,72430.375,0.040558062,0.08270898,10443312.0
12.986865,10.77721,-1.8324159,-2.8212533,14.391396,436640.3,47916.26,0.16002649,0.059531286,1778704.0
14.640814,11.998936,-1.5302359,-3.11368,15.443976,2282573.0,162581.66,0.21648459,0.04443713,5096050.5
14.612172,11.783599,-3.9457793,-1.8343254,14.91055,2218123.5,131084.69,0.019336142,0.15972121,2989301.0
14.304577,11.386994,-4.455134,-2.1664388,14.642643,1630792.9,88167.56,0.011618764,0.11458495,2286752.0
14.491794,12.303972,-2.8281386,-2.1506615,16.436481,1966554.6,220570.4,0.059122805,0.11640713,13749066.0
14.257774,11.418232,-2.666563,-2.8848617,14.9434,1556226.2,90965.17,0.06949065,0.055862516,3089131.0
13.843334,11.855927,-2.0866785,-2.5941975,15.486313,1028214.3,140917.16,0.12409864,0.0747058,5316431.5
12.275202,10.542292,-4.462487,-2.5675297,15.676738,214314.92,37884.285,0.011533641,0.07672485,6431625.0
14.968636,11.754975,-4.021929,-3.7654912,15.343008,3168077.8,127385.77,0.01791837,0.023156233,4606634.0
14.288521,11.931347,-3.2997234,-1.420606,15.276354,1604817.9,151956.1,0.03689337,0.24156758,4309592.0
13.522961,10.50441,-2.054817,-3.709998,14.171885,746358.0,36476.0,0.12811628,0.024477575,1428141.5
14.252208,12.179408,-4.0425344,-2.7180908,16.382029,1547587.4,194737.56,0.01755293,0.06600065,13020409.0
12.550713,10.738676,-3.9139183,-1.8334291,16.225506,282296.3,46104.973,0.01996213,0.15986444,11133908.0
13.659354,11.175441,-1.9221665,-1.3748733,13.980225,855425.44,71356.29,0.14628969,0.25287163,1179055.9
12.891606,11.0959635,-2.1849363,-3.5438604,16.397669,396966.16,65904.59,0.1124849,0.02890154,13225652.0
13.262849,11.165183,-2.6186662,-3.0694094,14.787539,575416.2,70628.08,0.072900034,0.04644858,2643299.5
14.665331,11.919746,-2.5802205,-3.2834737,15.582457,2339226.5,150203.52,0.0757573,0.037497774,5852951.5
14.184241,11.21795,-3.7167947,-3.1836314,15.191798,1445898.2,74454.98,0.02431177,0.041434914,3960172.8
12.512199,11.228771,-3.041995,-2.63111,16.748125,271630.9,75265.055,0.04773955,0.0719985,18776658.0
14.967579,12.318706,-3.7122617,-3.1153185,15.793727,3164731.8,223844.2,0.024422225,0.044364374,7229836.0
12.877899,10.703963,-3.6360495,-1.5075674,13.913665,391562.0,44532.0,0.02635626,0.22144802,1103133.0
14.084507,11.54995,-3.3879051,-2.664023,15.627569,1308650.5,103771.81,0.033779368,0.06966739,6123039.5
12.703115,11.608059,-3.0113928,-2.4170685,16.404451,328770.6,109980.56,0.049223073,0.089182675,13315660.0
12.61312,10.542626,-4.427011,-1.8127782,14.189716,300475.06,37896.97,0.011950155,0.1632001,1453836.2
14.523215,11.198264,-2.2268624,-3.4101517,14.292504,2029328.1,73003.61,0.10786634,0.033036187,1611223.4
13.855462,11.355719,-1.9396746,-3.049842,15.051462,1040760.3,85452.73,0.14375071,0.047366414,3441652.0
13.44479,11.633988,-3.9576623,-2.020357,15.215012,690236.7,112869.59,0.01910773,0.13260813,4053177.0
12.799837,11.014617,-1.8392653,-2.674729,14.279089,362158.47,60755.746,0.15893415,0.0689255,1589752.6
12.251766,11.116135,-2.6490333,-1.7094042,15.02168,209350.72,67247.47,0.07071955,0.18097357,3340663.0
14.005018,10.861914,-2.3701284,-3.8307118,14.974856,1208654.4,52151.785,0.093468726,0.021694167,3187847.2
15.018935,12.09984,-3.4641564,-3.2269983,15.507115,3331506.8,179843.11,0.031299397,0.039676417,5428185.0
15.1688385,12.450832,-3.043821,-3.592616,16.448105,3870284.2,255462.88,0.047652457,0.027526226,13909809.0
14.107639,12.228764,-4.478505,-1.3332881,15.552611,1339275.5,204590.06,0.011350368,0.26360908,5680849.5
13.367974,11.18569,-4.3588686,-2.6519709,16.49275,639201.0,72091.39,0.012792854,0.07051211,14544888.0
14.649521,11.433263,-2.0797272,-3.690168,15.875125,2302534.2,92342.78,0.124964304,0.02496781,7842945.0
13.855975,10.869626,-3.7908554,-2.021244,14.055088,1041294.44,52555.555,0.022576282,0.13249053,1270712.1
14.044438,11.203654,-4.1025457,-2.0001252,14.244468,1257251.2,73398.17,0.01653054,0.13531834,1535655.2
12.665859,11.254557,-3.2191157,-1.6485467,14.940936,316747.2,77231.03,0.039990406,0.19232921,3081527.8
13.943904,11.282141,-4.3411264,-1.8696316,14.940132,1137000.1,79391.03,0.013021852,0.15418044,3079051.5
12.903836,11.408687,-1.8107285,-1.3343982,15.0427885,401850.84,90101.01,0.16353495,0.2633166,3411929.5
12.757124,10.798187,-2.790851,-1.626076,14.196401,347015.22,48932.02,0.06136896,0.19669992,1463586.8
12.59415,10.684773,-2.2028253,-3.3946178,15.619895,294828.66,43685.586,0.110490546,0.033553377,6076230.0
14.591802,11.687419,-2.909164,-3.0816362,15.518499,2173396.2,119064.3,0.054521292,0.04588412,5490332.5
14.977871,11.930483,-1.51088,-3.423967,15.320065,3197471.8,151824.86,0.22071566,0.032582924,4502145.0
13.778849,11.762115,-3.6592429,-2.3510811,15.270458,964002.0,128298.46,0.025752002,0.09526611,4284259.0
14.717326,11.602414,-4.100022,-3.8553417,15.261732,2464072.8,109361.49,0.016572313,0.02116637,4247037.0
13.412606,11.833549,-3.5929193,-1.5672846,15.501849,668376.06,137798.61,0.02751788,0.20861088,5399674.0
12.610253,10.806243,-2.108517,-1.6591821,14.535136,299614.9,49327.793,0.1214179,0.19029456,2053664.2
12.497625,11.067377,-2.3836951,-2.9421158,15.571199,267700.84,64047.297,0.09220922,0.052753996,5787433.0
14.307617,11.7111635,-2.3003232,-2.4449804,14.875435,1635758.5,121925.26,0.10022644,0.086727835,2886152.5
13.530156,11.327474,-2.6448295,-1.7210811,14.372586,751747.75,83072.88,0.07101746,0.17887266,1745560.5
13.926707,11.301536,-2.8647723,-2.657763,15.309328,1117614.8,80945.84,0.056996107,0.07010487,4454066.5
13.81445,11.263939,-1.43261,-2.5758882,16.767324,998940.25,77959.05,0.23868513,0.076086216,19140642.0
13.489396,10.878906,-1.8782618,-3.3388054,14.28265,721722.56,53045.55,0.15285558,0.035479315,1595423.9
14.159702,11.732614,-1.4797839,-3.7004664,16.093107,1410849.1,124568.81,0.22768688,0.024711998,9753212.0
13.746095,11.1416445,-3.336249,-2.075995,14.40303,932938.6,68985.01,0.035570126,0.12543157,1799519.8
14.075125,11.1308775,-3.402388,-3.529335,15.054519,1296429.8,68246.234,0.03329367,0.029324409,3452187.8
15.072482,12.715407,-4.44587,-1.6859189,16.47319,3514761.0,332836.75,0.0117269,0.1852741,14263157.0
13.504463,11.388223,-4.292114,-2.3830898,15.807712,732679.2,88275.92,0.013675987,0.092265055,7331653.5
12.518843,11.567484,-2.167774,-2.2326097,15.760258,273441.4,105607.42,0.11443207,0.10724817,6991864.0
14.1298685,11.716835,-2.5993915,-2.1850317,15.98166,1369379.9,122618.73,0.07431879,0.11247417,8724624.0
14.130901,11.618852,-3.2411196,-2.3467748,15.132329,1370794.9,111173.984,0.03912007,0.09567724,3731530.2
14.607172,11.772654,-2.6304276,-3.6087985,16.818617,2207060.2,129657.75,0.07204765,0.02708437,20148026.0
13.567653,10.933136,-2.4345827,-2.923975,16.243639,780470.9,56001.625,0.08763431,0.053719725,11337643.0
12.801932,10.578022,-3.3972614,-3.198769,16.00122,362918.06,39262.375,0.033464793,0.04081241,8896964.0
14.489037,11.477451,-1.7758781,-3.7898953,15.029885,1961140.1,96514.766,0.1693347,0.022597969,3368187.5
14.6665745,11.637781,-2.6114833,-3.2270312,15.353201,2342137.2,113298.49,0.07342555,0.03967511,4653829.0
15.265354,12.568054,-3.8390746,-3.1904309,15.995085,4262448.0,287234.5,0.021513501,0.041154135,8842540.0
14.68055,11.169105,-2.386116,-3.9695508,14.381211,2375098.8,70905.59,0.09198626,0.018881911,1760681.1
13.143885,12.703085,-3.8694358,-1.7501173,16.0652,510877.28,328760.56,0.020870142,0.17375356,9484797.0
13.601752,11.023788,-1.613557,-3.8250773,14.650326,807543.56,61315.53,0.19917788,0.02181675,2304388.2
13.109848,10.390862,-4.075696,-2.4540265,14.166249,493781.3,32560.738,0.016980393,0.08594683,1420116.2
12.80696,10.656635,-3.4051225,-3.1740594,16.6067,364747.3,42473.484,0.033202752,0.041833434,16300411.0
13.0201845,11.271852,-1.8495095,-2.6767302,15.27035,451434.03,78578.35,0.15731432,0.06878771,4283797.5
14.547912,11.773723,-3.37319,-3.1808233,15.281977,2080069.0,129796.44,0.03428011,0.04155143,4333892.5
13.359445,11.162894,-4.301513,-2.3417723,14.6929245,633772.06,70466.61,0.013548043,0.09615707,2404673.0
14.8618555,11.756574,-2.3270128,-2.7025213,14.995772,2847225.2,127589.54,0.097586825,0.06703628,3255226.2
13.705869,11.059638,-2.2954311,-3.3116183,16.395891,896155.06,63553.543,0.10071796,0.036457125,13202162.0
13.444432,11.589462,-3.9606607,-2.2618814,15.084149,689989.94,107954.195,0.019050524,0.10415435,3556008.8
13.438905,10.943872,-1.6810542,-2.4097502,14.09243,686186.5,56606.125,0.1861776,0.08983773,1319060.2
14.18219,11.8002615,-3.3215988,-3.2027264,16.359795,1442935.2,133287.2,0.03609508,0.040651225,12734108.0
13.967448,11.643309,-3.961908,-2.2600071,14.76009,1164087.6,113926.484,0.019026775,0.10434974,2571731.2
14.810217,11.9995985,-3.180724,-3.5615633,16.176168,2703930.2,162689.45,0.04155556,0.028394403,10597921.0
13.447593,11.661298,-2.5971675,-2.0392435,14.812418,692174.06,115994.47,0.07448426,0.13012712,2709888.2
12.250488,10.526264,-3.8088648,-1.8608898,15.218526,209083.36,37281.938,0.022173336,0.15553418,4067446.2
13.704223,10.884977,-2.0965257,-3.8805687,14.355309,894681.1,53368.574,0.12288262,0.020639084,1715660.2
13.580389,11.210984,-1.5833354,-2.480605,14.525064,790474.75,73938.15,0.20528923,0.08369259,2033084.1
13.711085,11.543137,-3.4455247,-3.026218,15.124439,900842.1,103067.21,0.031888027,0.048498716,3702205.2
14.546599,11.735363,-2.45649,-3.3110404,15.32334,2077341.2,124911.78,0.08573535,0.036478203,4516918.0
12.689804,10.390224,-3.8804624,-2.3468637,15.051208,324423.2,32539.97,0.020641278,0.09566873,3440775.8
14.774004,12.075451,-2.6699643,-2.6748898,15.610059,2607764.8,175509.92,0.0692547,0.06891442,6016756.0
12.547304,11.501051,-3.9068723,-1.4643669,15.507269,281335.78,98819.57,0.020103281,0.23122433,5429018.5
12.44418,11.855657,-3.1510818,-1.571689,15.246776,253768.97,140879.0,0.042805795,0.20769408,4183989.0
12.315929,11.103387,-3.94566,-1.8768542,14.786075,223223.64,66395.66,0.019338446,0.15307088,2639433.0
12.325896,10.194179,-3.6849637,-2.7106326,14.304632,225459.6,26747.027,0.025098085,0.06649473,1630883.1
14.270943,12.503016,-1.5814581,-1.6143547,16.765522,1576854.6,269147.94,0.20567499,0.19901904,19106172.0
14.726638,12.454591,-4.2492104,-2.4637134,16.225948,2487124.8,256424.81,0.014275502,0.08511829,11138836.0
15.069002,12.364933,-1.5752672,-3.4841197,16.153273,3502551.0,234434.86,0.20695224,0.030680757,10358030.0
13.862371,11.182401,-1.8933294,-3.1073043,14.828496,1047976.2,71854.66,0.15056966,0.044721346,2753810.0
12.795785,11.737164,-3.3063025,-1.2809407,15.91583,360693.9,125136.89,0.03665144,0.27777588,8168776.0
13.713884,11.708794,-1.4604121,-2.878861,16.404846,903367.2,121636.66,0.23214059,0.05619874,13320919.0
14.283076,11.42144,-3.6444335,-3.9019816,15.401968,1596104.1,91257.47,0.026136212,0.02020184,4886408.0
13.874519,11.261332,-4.0850854,-3.2586942,15.740017,1060784.6,77756.05,0.016821703,0.03843856,6851765.5
13.780248,11.273566,-3.2209187,-2.5776196,14.752094,965351.6,78713.21,0.03991837,0.07595459,2551250.8
13.508887,10.974655,-3.9971776,-3.2684965,15.094399,735927.8,58375.71,0.018367406,0.03806361,3592645.8
13.448695,11.8064375,-2.7179625,-2.1670592,15.265516,692937.56,134112.94,0.06600911,0.11451389,4263139.0
12.311004,10.594037,-4.3814807,-1.2309325,14.1616,222126.8,39896.227,0.012506826,0.29202014,1413529.2
14.75815,11.58706,-1.5948778,-3.975861,14.910646,2566747.5,107695.164,0.20293331,0.018763138,2989589.0
15.123753,11.962985,-4.4816904,-2.7805629,15.5380945,3699664.0,156840.56,0.011314271,0.062003598,5598977.5
14.658395,11.644224,-1.6963147,-2.7923715,15.0243025,2323057.5,114030.836,0.18335801,0.061275724,3349435.8
13.468554,11.477156,-2.942656,-1.0302403,14.511985,706835.7,96486.24,0.0527255,0.3569212,2006665.2
12.346176,12.147411,-4.512291,-1.0546867,16.201218,230078.58,188605.22,0.010973292,0.34830156,10866744.0
13.589079,11.017884,-2.6272027,-2.187111,14.278589,797373.8,60954.58,0.07228037,0.11224055,1588958.4
13.464527,11.285745,-4.310085,-2.349045,15.145045,703995.44,79677.67,0.013432411,0.09546028,3779284.5
14.947069,12.298915,-2.639684,-2.6893675,16.388273,3100485.2,219457.73,0.07138383,0.06792389,13101971.0
14.753034,11.748378,-2.9496768,-2.1047876,14.95346,2553648.5,126548.11,0.052356627,0.12187156,3120362.5
13.906207,11.680588,-3.4494925,-2.2995431,15.185932,1094936.6,118253.72,0.031761754,0.100304656,3937010.2
14.329824,11.954813,-1.8643506,-1.5983269,15.118635,1672490.6,155564.08,0.15499684,0.2022346,3680779.8
14.842719,11.507711,-2.5651197,-3.6642792,14.732967,2793257.5,99479.95,0.076909974,0.025622632,2502917.0
12.550045,11.645869,-1.445704,-1.6401955,15.370378,282107.94,114218.58,0.23558018,0.19394213,4734456.5
14.703535,12.037482,-2.3559391,-3.2300255,15.62158,2430323.8,168970.98,0.09480443,0.03955649,6086478.0
13.544269,12.696238,-1.4295527,-2.5979054,15.982847,762432.0,326517.1,0.23941599,0.07442932,8734989.0
14.186115,12.122683,-3.2914379,-1.7909406,15.3960705,1448610.4,183998.44,0.03720032,0.1668032,4857675.0
13.198813,10.551461,-3.605577,-3.5219574,14.717719,539724.1,38233.266,0.027171763,0.029541554,2465041.2
12.84952,11.600756,-3.0721226,-2.1404524,14.986049,380605.9,109180.27,0.046322726,0.11760163,3223727.0
14.106457,11.242349,-3.4055777,-3.8165035,16.857878,1337692.6,76293.93,0.033187643,0.022004604,20954788.0
13.109546,11.042957,-2.2148287,-2.2825172,14.762922,493632.06,62502.22,0.10917221,0.10202706,2579025.8
13.06394,10.863302,-3.470858,-1.5781646,14.609154,471625.28,52224.25,0.031090342,0.2063535,2211438.5
15.198613,11.807081,-2.3319697,-3.125063,15.319668,3987253.2,134199.3,0.09710429,0.043934166,4500359.5
12.812053,11.677367,-1.7307987,-2.3311167,15.493162,366609.56,117873.49,0.17714286,0.09718716,5352970.5
13.167059,11.459374,-3.0500228,-2.2203517,16.084522,522854.72,94785.76,0.047357842,0.10857092,9669839.0
12.872099,11.201968,-2.2813191,-2.7545164,16.786367,389297.44,73274.516,0.10214937,0.06363979,19508628.0
13.27101,10.96826,-3.738283,-3.0014749,14.823536,580131.7,58003.566,0.023794927,0.049713694,2740184.8
12.617367,10.577009,-3.8482425,-1.797816,16.434072,301753.8,39222.633,0.021317167,0.16566029,13715985.0
12.796017,11.008529,-3.5813262,-1.2054524,14.25133,360777.5,60386.977,0.027838754,0.29955643,1546230.1
15.220863,12.973449,-2.5265467,-3.4462962,16.80954,4076964.8,430821.34,0.07993458,0.031863432,19965968.0
12.261291,10.765236,-2.8329751,-1.1235688,13.910572,211354.17,47345.918,0.058837544,0.32511744,1099726.5
14.779958,12.184011,-3.1814828,-2.5325363,15.528288,2623337.0,195636.08,0.041524038,0.07945724,5544338.5
12.40877,10.811885,-2.1264496,-1.8350952,16.10147,244940.25,49606.883,0.11925997,0.1595983,9835127.0
12.825327,13.017518,-4.241941,-1.9265648,16.835749,371508.47,450231.9,0.014379654,0.14564766,20496172.0
13.551108,11.116053,-4.3382854,-2.6225417,16.887407,767664.75,67241.95,0.013058899,0.07261806,21582802.0
13.691594,11.173418,-2.1534457,-2.3473268,14.515425,883453.7,71212.1,0.11608347,0.09562445,2013579.9
14.797653,11.537879,-2.4823077,-2.865571,14.376105,2670171.2,102526.75,0.0835502,0.056950603,1751714.0
13.60028,11.63844,-1.5133871,-2.8618526,16.532705,806355.4,113373.18,0.220163,0.05716276,15137797.0
14.269184,11.714996,-1.639167,-1.9452875,14.987134,1574084.0,122393.48,0.1941417,0.14294612,3227227.5
14.117589,11.335568,-2.4126124,-3.5079036,15.125118,1352667.4,83748.07,0.08958096,0.029959656,3704720.0
13.541567,11.02275,-2.2680058,-2.4895499,14.210028,760374.9,61251.887,0.103518404,0.08294729,1483667.6
14.287997,11.889577,-3.2942207,-2.3738813,15.322659,1603977.9,145739.62,0.037096944,0.0931186,4513839.0
14.222953,11.629456,-4.485024,-2.7934096,15.200013,1502968.8,112359.13,0.011276617,0.06121215,3992839.5
12.610955,10.703775,-2.8115125,-2.926037,16.395027,299825.28,44523.633,0.060114004,0.053609066,13190760.0
15.252629,12.300351,-1.8354714,-3.7492068,15.8792715,4208552.5,219773.14,0.15953828,0.023536408,7875533.5
12.5465,10.562504,-1.5010343,-3.4523203,14.19682,281109.7,38657.8,0.22289951,0.03167206,1464201.0
13.176666,10.682014,-2.1750667,-1.9034742,13.850474,527902.2,43565.223,0.113600574,0.1490499,1035582.25
12.615305,10.841272,-1.9611956,-2.7489479,15.555783,301132.28,51086.336,0.14069012,0.06399516,5698897.5
14.408757,12.076951,-3.5497081,-1.3389746,15.368893,1809854.9,175773.42,0.028733024,0.26211432,4727432.0
14.449093,12.208145,-1.8932526,-1.5835972,15.422227,1884348.9,200414.92,0.15058123,0.2052355,4986410.5
14.144817,11.955974,-3.8512013,-1.4921795,15.419263,1390004.2,155744.73,0.02125419,0.22488199,4971652.5
13.708971,11.613214,-4.277183,-3.2106276,16.000578,898939.5,110548.94,0.013881711,0.040331297,8891248.0
12.839365,11.38803,-1.4866878,-1.5285088,14.199936,376760.5,88258.92,0.22612038,0.2168588,1468770.0
12.901492,11.604412,-3.656051,-1.6046281,14.778223,400909.94,109580.21,0.025834333,0.20096429,2618790.2
13.789647,11.541953,-3.082117,-2.4492009,15.100973,974468.1,102945.305,0.04586206,0.08636257,3616340.5
14.781798,12.48907,-3.202192,-2.7440093,16.593775,2628170.0,265420.3,0.040672947,0.06431199,16091066.0
12.3141165,11.231236,-3.4087014,-1.467869,15.662315,222819.31,75450.83,0.033084136,0.23041597,6339531.0
13.448558,11.937706,-3.5462015,-2.1565127,16.771805,692842.44,152925.47,0.02883396,0.11572799,19226590.0
14.753356,11.714673,-3.9022179,-3.9944706,15.732667,2554471.8,122353.914,0.020197067,0.018417194,6801590.0
14.867299,12.340092,-3.2305155,-2.702132,16.534494,2862766.8,228682.92,0.039537113,0.067062385,15164904.0
14.3631,11.231408,-3.4202015,-3.6137834,14.896814,1729080.0,75463.78,0.032705843,0.026949693,2948521.2
14.645438,12.019355,-1.5969267,-2.7767818,15.603478,2293152.8,165935.56,0.20251796,0.06223848,5977293.5
12.569728,10.784169,-4.3946004,-2.2481418,14.496812,287715.62,48250.87,0.012343812,0.10559526,1976448.0
12.788156,10.314703,-2.5770166,-2.8818073,15.266092,357952.5,30173.006,0.07600041,0.0560334,4265595.5
13.2584715,11.689445,-3.8714695,-2.401572,16.363655,572902.9,119305.72,0.02082774,0.09057546,12783363.0
14.086569,11.365724,-2.4145293,-2.5548816,14.82948,1311351.5,86311.98,0.08940941,0.077701434,2756521.8
13.370808,11.144596,-3.7295325,-1.8132714,15.876785,641014.7,69188.93,0.024004055,0.16311963,7855977.5
12.361951,11.5366,-4.5812316,-1.7087246,15.364398,233736.78,102395.71,0.010242274,0.18109661,4706231.5
12.744517,10.741351,-1.578085,-3.2275176,14.352155,342668.0,46228.47,0.20636994,0.03965582,1710257.9
13.898179,11.381318,-1.567273,-1.0084957,14.280365,1086181.6,87668.516,0.20861329,0.36476728,1591782.5
15.202345,11.602747,-2.7781887,-2.8832462,15.548894,4002160.5,109397.9,0.062150978,0.055952836,5659770.5
15.016249,12.900834,-4.2988653,-1.221706,16.085466,3322568.5,400646.22,0.013583964,0.29472694,9678973.0
14.257222,11.105264,-2.3369012,-3.8199263,14.354626,1555367.1,66520.38,0.0966266,0.021929419,1714489.1
14.479757,11.2631035,-3.1101673,-3.7340379,14.733899,1943026.4,77893.945,0.044593494,0.02389615,2505250.0
14.3884535,11.825116,-2.9594512,-3.5775795,16.194168,1773478.6,136641.53,0.051847365,0.027943254,10790407.0
14.368128,11.395189,-3.5648198,-2.9141583,15.008482,1737795.4,88893.055,0.028302085,0.05424967,3296863.0
14.814956,12.068385,-2.523572,-3.678157,16.128317,2716774.0,174274.19,0.08017272,0.0252695,10102736.0
13.685699,10.749793,-2.7340808,-2.8700686,13.90933,878261.3,46620.38,0.064953685,0.05669504,1098361.9
14.839672,11.76247,-4.168995,-1.8966144,14.856015,2784759.5,128344.1,0.015467799,0.15007585,2830645.2
13.633707,12.663309,-4.049494,-1.3364369,15.87473,833765.1,315940.47,0.017431196,0.2627803,7839849.0
14.50245,11.7197695,-3.2964194,-3.0202274,15.94994,1987623.0,122979.07,0.037015468,0.04879012,8452220.0
14.753664,12.352252,-2.1421864,-3.090977,16.236094,2555258.8,231480.75,0.11739788,0.045457523,11252417.0
15.249198,12.539178,-1.7438368,-2.9786236,16.079277,4194136.2,279058.84,0.17484826,0.050862793,9619252.0
12.965041,10.1126375,-4.3412075,-3.5751927,13.94479,427214.34,24652.598,0.013020796,0.028010027,1138008.0
14.192067,11.546166,-2.2382824,-1.8773676,16.200844,1457258.0,103379.96,0.10664151,0.15299231,10862682.0
12.781083,10.432237,-3.3129094,-2.7315714,14.029391,355429.8,33936.168,0.03641009,0.06511688,1238474.9
14.28829,12.207935,-2.4248395,-0.9451815,15.255908,1604447.5,200372.89,0.08849232,0.38860902,4222373.5
14.536351,11.842753,-2.2607017,-2.840618,15.992753,2056161.0,139072.88,0.10427729,0.058389574,8821946.0
13.860656,11.110493,-3.5738387,-3.5701144,16.14019,1046179.8,66869.13,0.028047979,0.028152633,10223404.0
14.160628,11.533563,-2.3766325,-2.4024642,14.601273,1412156.2,102085.164,0.09286277,0.090494685,2194078.2
15.186813,12.632168,-2.6382382,-3.5261812,16.490181,3940481.0,306253.3,0.07148711,0.029417038,14507568.0
13.563942,11.61235,-2.998167,-2.0696099,14.964479,777580.1,110453.56,0.04987841,0.12623502,3154938.2
13.519181,12.487758,-3.6574087,-1.377788,16.068161,743542.56,265072.25,0.02579928,0.25213566,9512916.0
14.405864,11.602626,-2.5917182,-2.9678733,15.236312,1804625.8,109384.65,0.074891254,0.05141253,4140437.0
13.49474,10.442822,-1.8008312,-3.520781,14.345428,725589.4,34297.32,0.16516155,0.029576326,1698792.9
12.298146,10.884788,-2.057366,-1.1612709,14.137947,219289.11,53358.445,0.12779014,0.31308803,1380487.2
12.642652,10.491231,-3.8424191,-2.5619414,15.64649,309480.88,35998.44,0.021441668,0.07715481,6239996.0
13.861723,11.378066,-3.6868153,-2.5490682,15.854783,1047296.8,87383.875,0.025051659,0.07815445,7685016.5
14.616128,12.17769,-3.9146183,-1.6192575,15.646318,2226915.5,194403.19,0.019948162,0.1980457,6238925.0
14.317934,11.849176,-2.7281296,-2.6436596,15.083323,1652721.8,139969.02,0.06534139,0.07110059,3553069.8
14.491966,12.29761,-1.50987,-1.2121962,15.220044,1966894.1,219171.61,0.22093868,0.29754308,4073626.2
14.917008,12.1613,-2.660814,-2.8335059,16.107792,3008669.2,191242.92,0.069891304,0.058806326,9897492.0
14.802135,12.310996,-4.118992,-3.6240966,16.853699,2682166.5,222125.11,0.0162609,0.026673183,20867400.0
12.742829,10.7497015,-3.7047982,-1.3693528,14.241327,342090.06,46616.113,0.024605181,0.25427148,1530840.2
13.588376,12.508306,-4.011775,-1.7230641,16.379452,796813.56,270575.25,0.018101236,0.17851831,12986900.0
14.075222,11.916332,-2.607128,-2.3386238,15.976559,1296555.9,149691.56,0.07374605,0.0964603,8680231.0
13.955166,11.97701,-3.762082,-1.782382,16.664227,1149877.4,159055.7,0.023235312,0.16823693,17265598.0
14.20383,12.03908,-4.299369,-0.97509027,15.260423,1474500.4,169241.11,0.013577125,0.3771583,4241479.5
14.906226,12.144009,-4.316001,-3.586812,16.900116,2976403.2,187964.55,0.013353177,0.027686454,21858840.0
14.532664,12.213635,-1.8917433,-3.552065,16.818161,2048594.1,201518.3,0.15080868,0.028665388,20138844.0
14.347822,12.315031,-1.5631014,-2.4166143,15.783067,1702864.1,223023.19,0.20948537,0.08922319,7153174.0
12.829435,11.194801,-3.8722785,-2.3995464,15.836104,373037.9,72751.25,0.020810898,0.09075911,7542803.0
13.861841,11.902012,-3.2447865,-2.1994438,16.5567,1047420.7,147563.2,0.038976885,0.1108648,15505413.0
13.102769,10.7027645,-3.6533809,-2.848305,15.150741,490298.12,44478.65,0.025903404,0.05794245,3800870.2
12.459777,11.103256,-3.3562388,-2.4109275,16.295069,257758.11,66386.98,0.03486615,0.08973203,11935990.0
13.444208,11.57115,-1.5561322,-2.4017549,14.719107,689835.3,105995.28,0.2109504,0.090558894,2468464.0
13.41595,11.114419,-3.586941,-2.6047456,14.835547,670614.56,67132.195,0.027682884,0.07392194,2773297.0
15.098769,12.841268,-2.4724967,-2.9366171,16.880491,3608379.0,377478.0,0.084373936,0.05304487,21434048.0
15.104773,12.223864,-3.5771449,-2.8152356,15.561216,3630106.5,203590.03,0.027955402,0.059890606,5729944.0
12.627901,10.47259,-1.8185036,-3.4691603,16.883028,304949.38,35333.63,0.16226839,0.03114317,21488490.0
14.637724,12.245896,-3.7310624,-2.4502292,15.730284,2275530.8,208125.45,0.02396736,0.08627381,6785399.5
13.615329,11.650399,-1.4341077,-1.1574106,14.562423,818581.94,114737.16,0.23832794,0.31429896,2110473.2
14.428548,12.819509,-3.0686152,-1.3706772,16.047138,1846029.9,369353.16,0.046485484,0.25393492,9315015.0
14.878654,12.671731,-4.146238,-1.7573937,16.60465,2895457.0,318612.53,0.015823836,0.17249385,16267023.0
13.036676,11.26375,-1.6811051,-4.1124763,16.651367,458940.75,77944.33,0.18616812,0.016367193,17044996.0
13.709804,11.07083,-2.1370857,-2.234019,14.260366,899688.25,64268.85,0.11799823,0.107097134,1560265.4
12.364134,11.077878,-2.0485442,-2.2534251,14.813655,234247.58,64723.395,0.12892246,0.10503884,2713242.2
13.0975275,11.169834,-2.0156298,-3.2717953,16.544077,487735.0,70957.34,0.13323647,0.037938256,15310921.0
13.203987,11.611063,-3.7943923,-1.9266802,15.656869,542523.75,110311.45,0.022496572,0.14563087,6305097.0
15.366561,12.445139,-3.018459,-2.8484485,15.912994,4716421.5,254012.55,0.048876476,0.057934135,8145648.5
14.289045,10.970624,-2.8202708,-3.2927747,14.221737,1605659.9,58140.86,0.059589803,0.037150625,1501142.2
14.57408,11.701828,-1.7644908,-1.7276961,14.5583515,2135220.5,120792.32,0.17127398,0.17769334,2101898.5
13.981978,10.764821,-3.9176066,-3.0148122,14.204906,1181125.6,47326.28,0.01988864,0.049055047,1476088.9
13.272955,10.918602,-1.989109,-3.5558693,16.675234,581260.9,55193.582,0.13681728,0.028556539,17456696.0
13.262281,11.768234,-2.2404199,-1.39969,14.89233,575089.75,129086.016,0.10641382,0.24667342,2935329.2
13.677797,11.117615,-1.4325153,-3.6484258,16.433712,871348.5,67347.08,0.23870775,0.026032075,13711041.0
12.443674,10.79203,-1.7307577,-1.4205351,14.155087,253640.73,48631.676,0.17715013,0.24158472,1404353.2
13.668189,12.067023,-1.8595864,-2.1703084,15.127564,863016.44,174037.02,0.15573704,0.11414242,3713793.5
13.5996895,11.80845,-2.9072223,-1.781445,15.249551,805879.5,134383.08,0.05462726,0.16839464,4195616.5
12.249648,10.35398,-2.5525558,-2.4463327,14.038478,208907.77,31381.695,0.07788236,0.08661063,1249779.8
14.770192,11.8934355,-2.9944556,-2.7116039,15.4241705,2597843.2,146303.06,0.050063875,0.066430174,4996111.5
13.674685,12.290311,-3.1305113,-3.58315,15.981525,868640.44,217577.61,0.04369545,0.02778803,8723451.0
14.925534,12.517626,-4.3662105,-1.2712908,15.899596,3034430.2,273108.88,0.012699274,0.28046936,8037239.5
13.454098,11.33551,-2.350857,-2.7192423,14.770125,696691.3,83743.2,0.095287465,0.06592468,2597669.8
13.677696,11.357258,-3.3751948,-2.6588588,15.042524,871260.44,85584.36,0.034211453,0.0700281,3411028.2
12.864214,12.192869,-4.338751,-1.4197158,15.827895,386239.9,197376.67,0.013052823,0.24178272,7481135.5
13.602744,11.195088,-4.416587,-2.842123,15.032626,808344.9,72772.13,0.012075377,0.058301758,3377431.8
13.977801,11.3007555,-3.135345,-3.6347787,16.464043,1176202.2,80882.72,0.04348475,0.026389772,14133277.0
14.030182,11.348401,-4.3905344,-3.4263368,16.615915,1239454.5,84829.7,0.012394104,0.0325058,16451304.0
14.447203,12.073409,-1.5381233,-2.628765,15.6936245,1880790.4,175151.94,0.21478382,0.07216752,6541156.0
14.123965,12.417884,-4.2846384,-1.0101713,15.555011,1361319.9,247182.9,0.013778603,0.3641566,5694497.0
13.524689,10.513225,-3.2085216,-3.8902745,16.881065,747648.9,36798.95,0.04041632,0.020439735,21446358.0
13.367009,10.698143,-1.551064,-3.3747046,14.026645,638584.44,44273.562,0.21202226,0.034228228,1235078.0
14.053482,11.729571,-2.8621972,-2.1469173,15.942903,1268673.0,124190.42,0.05714307,0.11684379,8392949.0
14.806167,12.553502,-3.2359097,-2.7012932,16.685234,2693000.8,283084.88,0.039324414,0.06711866,17632142.0
12.671767,10.952232,-2.8890269,-2.1222973,15.763777,318624.06,57081.33,0.055630323,0.1197562,7016512.0
14.222624,12.166709,-1.531836,-2.1876018,16.014736,1502474.2,192280.2,0.21613847,0.11218547,9018027.0
13.907486,11.552364,-2.09122,-2.7962697,15.520573,1096337.9,104022.695,0.12353634,0.061037328,5501727.5
12.721472,10.165277,-3.2289422,-2.613802,14.301328,334861.34,25985.047,0.039599366,0.0732555,1625502.8
13.430271,10.685617,-2.689333,-2.288988,13.982891,680287.75,43722.47,0.067926235,0.101368986,1182204.0
15.062458,12.560387,-2.3911564,-1.1162229,15.515537,3479704.8,285040.53,0.09152378,0.32751453,5474093.5
13.661589,11.32661,-2.6605651,-3.3259852,16.826807,857339.0,83001.14,0.0699087,0.035937097,20313718.0
12.444539,10.724072,-3.1598482,-1.4654177,14.816519,253860.22,45436.566,0.04243218,0.23098148,2721023.8
12.599305,10.679425,-4.015303,-3.4532425,16.189041,296352.56,43452.566,0.018037487,0.031642865,10735227.0
14.294716,11.968475,-3.9068372,-1.7589663,15.546185,1614790.6,157704.03,0.020103985,0.1722228,5644457.0
12.790597,10.777598,-2.7377756,-1.3543298,14.324271,358827.47,47934.863,0.06471414,0.2581202,1663228.6
15.242107,12.731321,-3.363927,-2.7403667,16.037382,4164502.5,338175.88,0.034599125,0.064546674,9224579.0
13.178956,11.105841,-4.079588,-2.3076615,14.723322,529112.3,66558.77,0.016914435,0.099493645,2478891.2
13.498921,11.477936,-3.9035602,-1.9215596,16.098955,728630.06,96561.54,0.020169975,0.1463785,9810415.0
14.221111,11.520542,-3.9145703,-2.5149267,15.868019,1500203.5,100764.58,0.019949118,0.08086884,7787411.5
14.069399,11.638903,-4.180539,-1.7518567,14.902823,1289027.9,113425.63,0.015290262,0.1734516,2966292.5
14.368191,12.233757,-2.0719361,-2.16795,15.575356,1737904.8,205614.23,0.12594171,0.11441193,5811536.5
13.8376875,10.970124,-2.8966048,-3.8901534,15.505067,1022424.7,58111.812,0.055210352,0.02044221,5417076.5
12.627249,10.4281225,-2.9793482,-3.3714068,14.765996,304750.53,33796.836,0.050825953,0.03434129,2586965.0
12.904766,11.744031,-1.947044,-2.2273028,15.955248,402224.66,125999.21,0.14269525,0.10781885,8497205.0
13.365743,11.134972,-4.5966578,-2.4200366,14.659177,637776.2,68526.21,0.010085488,0.088918366,2324875.0
13.3332,12.037956,-1.6104527,-1.8042115,15.389381,617355.56,169051.1,0.19979715,0.1646042,4825290.0
13.243411,11.008418,-2.2695134,-3.4295921,16.328938,564339.4,60380.293,0.10336247,0.032400154,12347171.0
13.399618,11.035951,-3.9137328,-1.8562582,14.999636,659751.25,62065.816,0.019965833,0.15625623,3267826.8
14.101624,11.789022,-2.4024615,-3.4382875,15.975239,1331242.9,131797.56,0.09049492,0.032119643,8668782.0
15.340513,11.767363,-2.267054,-3.7244928,15.105271,4595156.0,128973.55,0.103616975,0.024125334,3631917.5
12.448142,11.027114,-1.8544271,-2.89411,15.624837,254776.52,61519.773,0.1565426,0.055348266,6106332.5
13.77346,11.241147,-3.124123,-2.3191967,14.948664,958821.7,76202.31,0.04397548,0.09835256,3105433.0
12.276658,10.209633,-3.3474684,-2.941339,16.241577,214627.25,27163.594,0.035173286,0.05279499,11314291.0
13.418409,11.003332,-3.6119275,-2.9549768,16.798573,672266.0,60073.984,0.026999755,0.052079868,19748192.0
14.08415,11.297813,-3.626616,-3.1523838,16.771896,1308183.8,80645.11,0.026606068,0.042750098,19228350.0
14.642722,12.569621,-3.3622115,-1.3057902,16.175524,2286933.0,287684.9,0.03465853,0.27095833,10591091.0
14.167287,11.894371,-1.3887333,-3.3049939,16.223011,1421590.5,146440.0,0.24939102,0.036699437,11106166.0
14.3347435,11.504028,-2.5750706,-3.5149515,16.169352,1680737.9,99114.234,0.07614844,0.029749246,10525922.0
13.260883,11.8703,-1.5995697,-1.3507297,15.139942,574286.3,142957.16,0.20198342,0.25905117,3760047.5
13.946256,11.081635,-4.2853785,-3.087868,14.772482,1139677.2,64967.047,0.013768409,0.04559907,2603798.5
13.954081,11.628221,-1.8068542,-3.6131647,15.956215,1148630.1,112220.45,0.16416976,0.026966373,8505426.0
14.651428,12.316475,-1.9520123,-3.2754588,16.870348,2306930.0,223345.44,0.14198807,0.037799522,21217736.0
13.647733,12.565727,-2.543403,-2.6639698,15.882135,845541.7,286566.88,0.07859848,0.069671094,7898120.5
14.439616,11.72261,-2.0921357,-2.6280563,16.021896,1866575.9,123328.95,0.12342326,0.0722187,9082830.0
12.599524,10.759913,-3.5613332,-2.6663346,14.15557,296417.3,47094.59,0.028400935,0.069506526,1405031.1
14.1247835,11.126835,-3.9878428,-2.522719,13.963787,1362434.2,67970.89,0.018539665,0.08024114,1159833.6
14.415305,11.655329,-2.63873,-1.309976,14.612735,1821744.5,115304.16,0.071451955,0.26982653,2219372.0
15.114584,12.129294,-4.53411,-2.6769247,15.601918,3665898.2,185219.03,0.010736458,0.06877433,5967975.0
14.966617,12.529621,-3.8479962,-2.897297,16.166542,3161688.0,276404.62,0.021322418,0.055172153,10496391.0
14.861354,11.679454,-3.663526,-2.7057135,15.104659,2845797.5,118119.7,0.025641939,0.066822626,3629694.8
13.115485,11.84509,-3.418545,-1.3013186,15.703293,496572.72,139398.2,0.032760065,0.27217266,6604705.0
14.13239,11.438854,-4.3744216,-2.5281992,15.509793,1372837.1,92860.555,0.012595425,0.0798026,5442740.5
14.50888,11.502101,-1.6848767,-3.9104996,15.090373,2000443.9,98923.38,0.1854673,0.020030491,3578209.2
12.798135,10.896031,-1.960225,-2.820043,14.450082,361542.47,53961.785,0.14082673,0.059603374,1886213.2
13.107112,11.409472,-4.159123,-1.6601951,15.019591,492432.12,90171.84,0.015621252,0.19010189,3333693.2
15.31226,11.676646,-2.6488037,-3.6168714,14.85136,4467143.5,117788.54,0.07073578,0.026866602,2817499.5
13.391199,12.422661,-3.338471,-1.2924666,15.638019,654220.1,248366.52,0.035491183,0.27459264,6187357.0
15.081395,12.425818,-2.5145786,-3.615967,15.997902,3546228.2,249152.0,0.080896996,0.026890907,8867486.0
12.9948015,11.539739,-4.5896225,-1.8949565,16.029613,440119.47,102717.586,0.010156692,0.15032488,9153194.0
14.789361,12.258552,-2.0544612,-1.4157029,15.346616,2648121.2,210776.08,0.12816186,0.2427549,4623284.0
14.443302,11.280243,-3.2930923,-3.9647524,15.108741,1873468.6,79240.51,0.03713883,0.018972732,3644540.2
13.625726,11.691865,-2.3925383,-2.661648,15.5899,827137.1,119594.836,0.0913974,0.06983304,5896680.0
13.578912,11.508144,-1.6314975,-2.4868217,14.812531,789307.94,99523.03,0.19563639,0.0831739,2710196.0
12.779571,10.762927,-1.6722515,-2.859569,14.163186,354892.62,47236.73,0.18782371,0.057293445,1415772.8
13.720477,11.654302,-3.8030226,-2.563911,15.454077,909342.5,115185.79,0.022303255,0.077002995,5147783.5
15.065807,12.693831,-3.38489,-2.809142,16.207905,3491379.0,325732.4,0.033881366,0.060256664,10939655.0
13.387953,10.852174,-2.4861035,-3.2709758,14.303363,652099.75,51646.297,0.083233654,0.03796936,1628814.2
15.060584,11.891259,-2.3363261,-3.9276676,16.304386,3473190.0,145985.0,0.09668218,0.019689543,12047722.0
14.205967,11.322923,-2.418812,-3.7847655,15.257161,1477655.0,82695.69,0.089027315,0.022714188,4227668.0
14.899844,11.740806,-4.16382,-2.3506944,14.939475,2957468.2,125593.484,0.015548054,0.09530296,3077029.0
13.846836,11.869564,-1.4652848,-2.6797807,15.106415,1031821.3,142851.95,0.23101218,0.06857819,3636073.0
13.969977,11.180004,-4.263372,-2.645986,14.692211,1167035.5,71682.66,0.014074763,0.07093537,2402958.2
14.377334,11.426088,-3.545912,-2.8176985,14.691272,1753867.0,91682.64,0.028842306,0.059743285,2400702.0
12.422727,10.824313,-4.2244377,-2.6233244,16.327898,248382.86,50227.258,0.014633561,0.07256124,12334343.0
15.080183,12.593063,-3.406209,-2.8205216,16.642435,3541932.5,294508.56,0.0331667,0.05957486,16893426.0
13.076124,11.017542,-4.069198,-2.2516055,15.2056875,477406.78,60933.715,0.017091088,0.10523014,4015560.5
12.61201,10.921116,-3.4113207,-1.2043712,13.881212,300141.72,55332.508,0.032997593,0.2998805,1067908.1
15.1563835,11.869584,-1.4432195,-1.955824,14.708547,3822378.8,142854.81,0.23616618,0.14144787,2442534.2
12.422224,10.520399,-2.43345,-1.3056046,13.945719,248258.06,37063.914,0.087733634,0.27100864,1139065.5
15.261131,13.086631,-4.5557528,-2.2261906,16.402184,4244486.0,482449.16,0.010506588,0.10793883,13285497.0
14.968841,11.402742,-4.49368,-2.952451,14.555392,3168727.2,89567.016,0.011179428,0.05221158,2095687.6
13.994282,11.490334,-3.0160828,-3.1800163,16.732733,1195747.1,97766.14,0.04899276,0.04158498,18489856.0
12.894872,10.637934,-3.8803911,-2.9471087,15.971799,398264.53,41686.547,0.02064275,0.05249125,8639013.0
14.090815,10.769801,-3.1873775,-3.9790282,14.206955,1316931.0,47562.56,0.041279987,0.018703807,1479115.8
14.228582,12.1052065,-3.8427265,-1.1130182,15.269725,1511453.6,180810.81,0.02143508,0.3285658,4281118.5
13.675698,11.157201,-3.5907948,-2.1132708,15.693055,869521.44,70066.555,0.027576404,0.12084208,6537433.0
14.400584,12.202545,-4.2897325,-1.2517695,15.6015835,1795123.2,199295.75,0.013708592,0.28599826,5965977.5
13.173134,10.709117,-2.4028325,-2.8163254,14.461546,526040.7,44762.094,0.09046136,0.059825372,1907961.5
14.594449,11.951467,-3.972553,-3.0906987,16.324997,2179157.8,155044.36,0.018825311,0.04547017,12298612.0
14.494589,10.858429,-3.6170175,-4.0565605,13.980225,1972059.2,51970.367,0.026862675,0.01730845,1179055.9
12.801984,10.83523,-2.7071939,-2.136998,16.08071,362936.75,50778.58,0.06672378,0.118008584,9633040.0
12.744719,11.117886,-3.7691362,-1.0869924,14.634755,342736.97,67365.32,0.023071984,0.33722922,2268785.2
13.062696,11.621412,-4.4230433,-1.5297657,15.911743,471039.12,111459.02,0.011997664,0.2165864,8135462.5
14.470492,11.755081,-1.5266479,-3.5532467,15.301215,1925107.5,127399.26,0.21726273,0.028631529,4418077.5
14.7338085,11.828636,-2.4978998,-2.6296272,15.766508,2505023.0,137123.34,0.08225758,0.07210533,7035702.5
14.964738,11.739898,-2.6227157,-3.6314046,15.120871,3155753.5,125479.51,0.072605416,0.026478965,3689017.0
12.643774,11.142833,-4.0584006,-2.6101131,15.850328,309828.44,69067.03,0.017276628,0.073526226,7650858.5
13.587148,11.013539,-3.5848176,-1.4042833,14.373784,795835.44,60690.31,0.027741726,0.24554297,1747652.6
13.485991,10.581315,-3.4522703,-2.850598,14.367614,719268.9,39391.883,0.031673647,0.057809737,1736902.2
14.969805,12.4854145,-1.7557733,-2.303925,16.33438,3171784.0,264451.84,0.17277358,0.09986609,12414543.0
12.525696,10.551941,-4.460593,-2.482144,14.954395,275321.78,38251.61,0.011555506,0.083563864,3123283.2
14.236395,11.515078,-3.7352393,-2.4670799,15.414951,1523308.0,100215.445,0.02386746,0.08483222,4950263.5
14.279314,11.500167,-2.4222956,-2.421277,14.546284,1590110.5,98732.25,0.08871773,0.088808134,2076685.6
14.725394,12.422239,-3.9028268,-2.3612387,15.808509,2484033.5,248261.84,0.020184772,0.09430333,7337501.0
13.943725,11.334849,-2.90116,-2.5958016,15.439332,1136796.4,83687.875,0.05495943,0.07458606,5072437.5
14.109725,11.701035,-2.974884,-1.3025486,15.9600725,1342071.6,120696.516,0.051053353,0.2718381,8538300.0
12.264109,11.190545,-4.4812965,-0.97848696,14.528777,211950.62,72442.26,0.011318728,0.37587938,2040646.2
13.15914,12.084958,-2.0317032,-1.8494714,15.472759,518730.44,177186.48,0.13111201,0.15732029,5244860.5
14.132891,11.16864,-4.362176,-1.3013562,14.215533,1373524.6,70872.664,0.012750613,0.27216244,1491858.5
14.554984,11.458545,-2.9351065,-3.5493796,15.157588,2094832.4,94707.15,0.05312506,0.028742466,3826985.5
13.5253725,11.183952,-2.5759735,-2.3062239,14.698697,748160.25,71966.234,0.07607972,0.099636786,2418594.2
12.533623,11.164653,-3.720239,-1.8504937,16.312817,277512.9,70590.64,0.024228178,0.15715957,12149719.0
13.862613,11.262912,-4.108116,-3.859428,16.73471,1048229.1,77879.016,0.016438713,0.021080056,18526462.0
14.950679,12.335369,-1.47604,-2.2433288,15.876975,3111697.0,227605.48,0.22854091,0.10610472,7857468.5
12.702013,11.738257,-2.5803268,-1.230975,14.893409,328408.34,125273.85,0.07574925,0.2920077,2938497.0
12.733774,10.722017,-2.394083,-3.9676576,15.703501,339006.38,45343.28,0.09125632,0.018917695,6606078.5
12.99379,10.896752,-2.0378175,-3.1088245,15.615072,439674.38,54000.703,0.13031282,0.044653416,6046996.5
13.940439,11.939247,-4.3001895,-1.5977426,15.33768,1133067.6,153161.34,0.013565988,0.2023528,4582154.5
14.663403,11.989968,-4.398086,-1.0104475,14.856932,2334720.0,161130.25,0.01230086,0.36405602,2833240.5
14.582405,11.186513,-4.4264507,-2.9986205,14.264072,2153069.5,72150.75,0.011956853,0.049855795,1566058.4
14.339976,12.687318,-2.7890484,-2.3104148,16.58351,1689556.0,323617.6,0.061479688,0.09922009,15926731.0
13.875452,11.50858,-3.4886932,-1.3105811,14.618825,1061774.4,99566.414,0.030540755,0.2696633,2232929.5
13.972879,11.412158,-1.461971,-2.6379025,15.182262,1170427.2,90414.33,0.23177898,0.071511105,3922589.0
13.776231,11.296489,-1.6049774,-3.3581395,15.769781,961481.7,80538.35,0.2008941,0.034799945,7058768.0
13.462212,12.2961035,-1.7576138,-1.3579981,15.466145,702367.2,218841.61,0.17245589,0.2571751,5210282.0
13.366491,11.147333,-3.3703582,-2.4619384,15.054404,638253.8,69378.56,0.03437732,0.0852695,3451792.8
13.513616,11.2062,-2.0559082,-1.9110378,15.896832,739415.75,73585.234,0.12797655,0.14792679,8015057.0
12.221215,11.178203,-4.382708,-1.217647,14.621619,203051.56,71553.64,0.012491485,0.29592568,2239177.5
13.559452,11.144029,-4.5108414,-2.345784,14.588554,774096.7,69149.68,0.010989211,0.095772095,2166350.2
13.139893,10.567563,-3.3903892,-2.8528888,14.974246,508841.88,38853.875,0.03369556,0.05767746,3185902.0
13.095174,11.038106,-1.5890782,-3.4118922,14.988669,486588.38,62199.73,0.20411368,0.03297874,3232186.5
15.305989,12.764182,-4.1265583,-2.5639577,16.81424,4439220.0,349473.2,0.016138326,0.076999396,20060024.0
14.0173235,11.999995,-1.5882664,-2.672875,16.643105,1223619.1,162754.02,0.20427945,0.06905342,16904738.0
13.602146,11.030515,-1.7285384,-2.2725847,14.248118,807861.7,61729.348,0.17754371,0.10304549,1541271.6
14.191223,10.999083,-2.4985175,-3.9401271,14.398687,1456028.6,59819.234,0.08220678,0.019445742,1791721.4
13.495657,11.958077,-2.5256035,-2.7955248,16.935026,726255.4,156072.73,0.08001001,0.061082806,22635412.0
13.017074,11.806222,-2.8355536,-2.8233445,15.385572,450031.84,134084.03,0.058686025,0.059406925,4806945.5
14.808293,11.583398,-2.2031684,-2.7674038,14.531969,2698734.0,107301.49,0.110452645,0.0628249,2047170.4
13.89279,11.3483305,-4.4180984,-1.2567972,14.377274,1080343.8,84823.72,0.012057138,0.28456396,1753761.6
14.844501,11.424283,-3.2982333,-3.733479,14.0671625,2798238.2,91517.27,0.036948387,0.02390951,1286148.4
13.035483,10.879721,-4.49704,-2.3537314,13.999939,458393.53,53088.77,0.01114193,0.09501397,1202530.9
14.147606,11.191404,-2.158612,-4.0853376,15.173605,1393885.8,72504.53,0.1154853,0.01681746,3888775.8
14.912308,11.496654,-3.8105736,-2.113435,14.481022,2994559.5,98385.98,0.02213548,0.12082223,1945485.0
12.570996,10.6536875,-3.10712,-1.5535085,14.377084,288080.8,42348.465,0.04472959,0.21150461,1753428.9
13.483468,10.343865,-2.2320788,-4.0597143,14.12106,717456.8,31065.88,0.10730513,0.017253948,1357371.1
14.467574,11.959305,-4.595075,-2.4565904,16.177914,1919497.8,156264.4,0.010101462,0.085726745,10616433.0
13.4921665,11.265519,-1.8544513,-1.1321422,14.261832,723724.8,78082.336,0.15653881,0.322342,1562554.0
14.912594,12.43494,-1.6860366,-3.5697613,16.672207,2995416.5,251435.14,0.18525231,0.028162576,17403934.0
13.9426155,11.12401,-3.9193013,-1.2168883,14.003569,1135536.2,67779.164,0.019854963,0.29615027,1206903.6
13.15564,11.471448,-4.3859944,-1.5116976,16.487164,516918.06,95937.09,0.0124505,0.22053526,14463858.0
12.982525,11.766771,-1.6242942,-1.9091845,16.127666,434749.3,128897.31,0.1970507,0.1482012,10096168.0
12.821394,10.533784,-4.1372056,-2.882385,16.162384,370050.22,37563.344,0.015967408,0.05600104,10452838.0
12.919095,11.048512,-3.4373984,-2.084197,15.066115,408029.62,62850.39,0.032148212,0.12440697,3492454.8
15.315912,12.37638,-3.8206472,-3.6294048,16.356987,4483489.5,237133.83,0.021913612,0.026531972,12698406.0
13.293053,10.98077,-4.2232947,-2.643024,14.944495,593061.06,58733.77,0.014650296,0.0711458,3092515.0
14.409458,12.429648,-3.665064,-1.468339,15.900159,1811123.9,250108.08,0.02560253,0.23030771,8041763.0
14.246807,11.18323,-3.081524,-3.7813451,14.876733,1539251.9,71914.3,0.045889273,0.022792013,2889901.0
15.186711,12.381696,-4.047819,-3.047387,15.920347,3940079.0,238397.75,0.017460411,0.04748284,8205762.5
13.199215,11.198239,-3.380215,-1.8325992,14.5430765,539940.9,73001.8,0.034040138,0.15999717,2070035.9
13.576697,11.60253,-4.330901,-1.6167235,15.98258,787562.0,109374.12,0.013155687,0.19854817,8732657.0
13.627537,11.717961,-2.0471375,-3.3846111,16.877148,828636.44,122756.91,0.12910393,0.033890817,21362502.0
13.80941,12.395281,-1.4200298,-1.4959813,15.550706,993918.1,241658.5,0.24170682,0.22402865,5670035.5
13.970515,11.134899,-1.6553276,-3.5016696,14.642786,1167663.5,68521.25,0.19102947,0.030147007,2287079.0
14.862146,12.429605,-2.0964851,-2.9200397,15.761279,2848053.8,250097.11,0.122887604,0.05393155,6999009.0
12.4208,11.134648,-2.1317503,-1.77892,14.322792,247904.83,68504.06,0.11862947,0.16882037,1660770.2
14.817669,12.175197,-2.1719544,-3.0666459,15.588095,2724155.2,193919.16,0.113954686,0.04657712,5886044.0
14.20044,12.335345,-3.8782463,-1.2591035,15.694239,1469511.2,227600.06,0.020687072,0.28390843,6545175.0
13.28146,11.329224,-1.4444058,-2.5531054,15.404686,586225.5,83218.39,0.2358862,0.07783957,4899707.0
13.057698,11.75413,-1.5136132,-2.1133878,15.137471,468690.66,127278.18,0.22011322,0.12082793,3750768.0
13.136198,12.183184,-1.9973667,-2.2384,15.434827,506965.4,195474.2,0.13569213,0.10662898,5049636.5
13.405036,11.339727,-3.7600143,-2.605813,14.775294,663335.4,84097.1,0.023283407,0.07384308,2611131.8
13.483313,10.997881,-3.3612554,-2.939682,15.455947,717345.3,59747.4,0.03469168,0.05288254,5157419.5
13.8610935,10.7724495,-2.599876,-3.5923746,14.966807,1046637.8,47688.688,0.074282795,0.027532874,3162291.2
14.871635,11.417639,-3.4733307,-3.7631478,15.0489025,2875207.5,90911.23,0.031013561,0.023210563,3432854.0
15.170383,12.160439,-3.1442142,-2.6468778,15.515802,3876268.2,191078.3,0.04310078,0.07087215,5475545.0
14.86262,12.1676,-4.4172845,-3.8843153,16.697145,2849403.8,192451.55,0.012066956,0.020561904,17843422.0
14.308893,11.536067,-4.533559,-3.5236552,16.110077,1637847.1,102341.14,0.0107423775,0.029491441,9920133.0
14.479308,12.345257,-1.5643915,-1.3346993,15.537836,1942153.9,229867.16,0.20921528,0.26323733,5597530.5
14.3197565,11.983953,-3.989678,-2.3630066,16.798164,1655736.5,160163.98,0.018505674,0.09413677,19740134.0
12.829409,11.247263,-3.5784862,-1.4058485,14.614676,373027.97,76669.78,0.027917929,0.24515896,2223685.5
14.80359,12.417024,-3.252881,-2.7246163,16.643845,2686070.2,246970.38,0.038662657,0.06557136,16917254.0
14.363482,11.085768,-1.9873016,-3.8381133,14.363244,1729741.4,65236.066,0.13706478,0.021534191,1729329.0
14.062531,12.0642605,-2.1967447,-1.287925,15.082342,1280205.9,173556.84,0.11116444,0.27584255,3549588.2
14.911676,12.667031,-3.0201242,-2.1133316,15.850848,2992669.8,317118.66,0.048795156,0.12083473,7654836.5
12.866517,10.742159,-2.8434885,-2.951904,14.271976,387130.47,46265.83,0.058222204,0.052240144,1578485.6
12.539095,10.285349,-4.029778,-3.1020868,14.973945,279035.7,29300.178,0.017778276,0.04495529,3184942.0
14.881271,11.621601,-2.7064168,-3.1390054,15.343215,2903046.8,111480.07,0.06677564,0.043325868,4607587.5
14.849945,11.9131565,-2.6819348,-3.6275682,16.38858,2813514.8,149216.94,0.068430625,0.026580743,13105995.0
14.694769,11.766,-1.77508,-2.8131588,15.041852,2409112.2,128797.9,0.1694699,0.06001512,3408735.8
14.02946,10.937415,-2.2940855,-3.5903523,14.165288,1238560.0,56241.777,0.100853585,0.02758861,1418751.8
12.777916,11.031166,-1.8295441,-2.2715638,14.496218,354305.9,61769.566,0.16048673,0.10315075,1975274.1
12.828841,10.603651,-4.347887,-2.319439,16.96218,372816.34,40281.64,0.012934113,0.09832874,23258452.0
13.892502,12.663783,-4.0053124,-1.8647655,16.748669,1080032.6,316090.25,0.018218596,0.15493253,18786868.0
13.11746,10.440554,-3.826829,-2.066898,13.94747,497554.44,34219.594,0.021778567,0.12657781,1141061.8
12.855344,11.003921,-2.0951774,-3.68014,15.411475,382829.06,60109.344,0.12304841,0.025219444,4933085.5
15.336705,12.474324,-4.0931168,-2.8990538,15.9595,4577690.5,261535.22,0.016687142,0.055075306,8533416.0
14.637833,11.129014,-4.3343015,-3.908552,14.242211,2275778.2,68119.17,0.01311103,0.020069541,1532194.1
13.9442625,11.137493,-2.1577919,-2.8805506,14.778116,1137408.0,68699.22,0.11558006,0.056103863,2618510.5
12.600863,10.32164,-2.8269188,-2.1872249,13.952683,296814.75,30383.045,0.059194963,0.11222777,1147026.5
12.31866,11.623339,-3.5927095,-1.0360768,14.557766,223833.95,111673.945,0.027523654,0.3548441,2100668.0
13.623343,11.541271,-3.6595547,-1.8240881,14.726664,825169.0,102875.13,0.025743974,0.16136472,2487188.8
14.729075,12.189347,-3.857962,-2.6270704,15.593025,2493194.8,196682.75,0.021110982,0.07228993,5915137.0
14.273881,11.795753,-2.1942694,-2.6934342,15.671356,1581494.6,132687.56,0.11143995,0.06764822,6397105.5
13.713861,11.242395,-1.8083081,-2.1427038,14.442739,903346.5,76297.5,0.16393125,0.11733716,1872413.0
13.650517,11.280853,-2.3862536,-2.9588625,15.061071,847899.56,79288.89,0.09197361,0.051877894,3474883.0
13.871586,11.074819,-3.5715542,-2.3319483,14.496624,1057677.4,64525.684,0.028112128,0.097106375,1976076.8
13.432121,11.431856,-2.6683056,-2.590317,14.96086,681547.56,92212.98,0.06936967,0.07499626,3143540.5
14.126389,11.465434,-4.2442164,-2.4078753,15.0950775,1364622.8,95361.87,0.014346971,0.09000633,3595082.5
13.862585,11.316866,-1.5031412,-2.5896463,14.370769,1048200.1,82196.33,0.22243038,0.07504658,1742390.5
12.337838,11.130883,-4.1800294,-2.5241218,15.186641,228168.16,68246.625,0.015298058,0.080128655,3939800.8
13.073087,11.113142,-2.6094449,-2.8917751,16.261774,475958.88,67046.52,0.07357538,0.055477645,11545128.0
13.818746,11.326316,-1.6830074,-3.9591343,16.25651,1003240.3,82976.766,0.18581432,0.019079624,11484511.0
13.295577,11.705951,-4.4836097,-2.428838,16.378319,594560.06,121291.34,0.011292577,0.08813919,12972195.0
14.376085,11.736245,-2.6584527,-1.8701833,15.008886,1751679.0,125022.016,0.070056535,0.15409541,3298196.5
15.13518,11.992848,-2.0669258,-3.3394194,16.479988,3742186.0,161594.98,0.12657431,0.03545754,14360445.0
13.861988,12.425837,-1.836447,-1.6172321,15.646294,1047574.5,249156.52,0.1593827,0.19844723,6238770.0
12.246525,10.338731,-2.802273,-3.099521,14.078839,208256.3,30906.78,0.060671996,0.04507079,1301254.4
15.090363,12.620959,-3.2278824,-2.8970165,16.793821,3578171.8,302839.8,0.039641354,0.055187624,19654588.0
13.222999,10.672798,-2.7405522,-2.3905096,13.920863,552936.6,43165.56,0.0645347,0.091583,1111102.2
14.768227,12.343452,-1.4076046,-2.539712,15.706865,2592742.2,229452.77,0.2447288,0.07888912,6628342.5
13.700917,11.11912,-1.6047952,-2.876356,14.712867,891728.75,67448.5,0.2009307,0.056339696,2453109.0
13.269326,11.139603,-3.3940105,-2.8108056,16.548607,579155.44,68844.3,0.033573758,0.060156513,15380436.0
13.352077,12.021746,-3.1485019,-2.5042803,16.731688,629119.5,166332.77,0.042916372,0.0817344,18470540.0
14.390444,11.657218,-1.9765488,-2.7453263,14.996534,1777011.9,115522.195,0.13854657,0.06422734,3257707.8
14.533068,11.83837,-3.730781,-3.260752,16.82249,2049420.6,138464.64,0.023974102,0.03835954,20226228.0
14.670556,11.687526,-1.5844382,-3.4659402,15.251265,2351481.5,119077.016,0.20506297,0.031243615,4202813.0
14.951812,12.260597,-4.457207,-3.5690439,16.430573,3115224.5,211207.69,0.0115947,0.028182788,13668063.0
14.644854,12.468041,-3.2550037,-2.5538595,16.620638,2291812.5,259897.19,0.03858068,0.077780895,16529181.0
12.355516,10.108197,-3.7663727,-3.1932437,14.390553,232237.64,24543.375,0.023135832,0.041038536,1777206.8
12.498888,10.46145,-2.7108455,-2.8815222,14.516108,268039.06,34942.168,0.06648058,0.05604938,2014955.2
14.296164,11.736399,-3.424064,-1.8053074,15.774414,1617130.0,125041.22,0.032579765,0.16442391,7091547.0
14.177509,12.678785,-2.5902438,-1.1284604,15.784699,1436197.1,320868.06,0.075001754,0.32353097,7164862.5
15.259806,12.141967,-4.210495,-3.3193982,16.768269,4238863.0,187581.14,0.0148390215,0.036174595,19158722.0
12.554904,10.711126,-3.3209128,-2.7580347,14.210224,283482.03,44852.13,0.036119845,0.06341628,1483959.1
13.593419,11.152703,-2.369892,-1.8662554,14.891774,800842.1,69752.13,0.09349083,0.15470187,2933697.8
13.946747,11.687497,-3.956103,-1.1005992,14.685414,1140237.1,119073.61,0.019137546,0.3326717,2386681.2
14.24634,12.477889,-3.2372172,-2.1660764,16.039143,1538532.8,262469.22,0.03927303,0.11462648,9240833.0
13.1466675,11.911879,-3.83121,-1.209349,15.303392,512300.94,149026.38,0.021683365,0.29839146,4427707.0
13.827667,11.37955,-4.5520806,-2.995324,15.121045,1012230.9,87513.64,0.010545241,0.050020423,3689661.0
14.871508,12.138965,-1.763002,-2.588905,15.581568,2874840.2,187018.84,0.17152916,0.075102225,5847751.5
13.018131,11.053195,-1.406536,-2.6620598,14.198232,450508.06,63145.383,0.24499047,0.06980429,1466269.1
14.992761,12.044351,-2.988902,-2.5092778,15.305609,3245437.2,170135.53,0.05034268,0.081326954,4437531.0
12.314116,11.643366,-2.3350348,-2.6317606,15.064768,222819.11,113933.0,0.09680711,0.07195167,3487751.5
12.991409,10.929975,-4.0738993,-1.7233137,14.480676,438629.03,55824.86,0.017010929,0.17847376,1944811.6
15.353237,12.070354,-4.3931108,-2.942122,15.910285,4653998.0,174617.73,0.012362214,0.05275367,8123608.5
14.580074,12.095879,-2.3460264,-3.346533,15.402388,2148057.0,179132.06,0.09574887,0.0352062,4888458.5
14.599286,12.524348,-3.4163697,-3.5722435,16.092213,2189724.0,274951.03,0.032831408,0.028092759,9744491.0
13.045809,10.544658,-1.8567288,-2.5188012,14.949756,463151.2,37974.027,0.1561827,0.08055612,3108825.8
15.257395,12.583652,-1.5826029,-3.3975163,16.10178,4228656.0,291749.72,0.20543967,0.033456262,9838167.0
12.675401,10.837432,-3.4293592,-2.565307,14.352754,319783.9,50890.52,0.0324077,0.07689558,1711282.5
14.018778,11.942406,-3.4452636,-1.5926185,16.178606,1225400.0,153645.88,0.031896353,0.20339234,10623786.0
13.407409,11.1529665,-2.3083327,-3.5051908,15.594496,664911.2,69770.49,0.09942689,0.030041039,5923842.0
13.706909,11.372633,-4.2746177,-2.8355443,15.162174,897087.94,86910.4,0.013917369,0.05868657,3844577.2
12.714687,10.579233,-2.3555155,-2.4853625,16.09205,332597.2,39309.957,0.0948446,0.08329535,9742912.0
15.014541,12.451548,-2.8624663,-2.0963326,15.798546,3316898.2,255645.66,0.05712769,0.12290636,7264760.0
14.177357,11.787587,-1.5381825,-3.168788,15.912047,1435978.0,131608.53,0.21477109,0.042054538,8137938.0
12.438938,11.1573515,-3.1722913,-1.2003106,14.415368,252442.34,70077.11,0.041907467,0.30110067,1821859.2
13.1493635,11.790393,-1.9021591,-1.70591,15.617686,513683.97,131978.31,0.14924604,0.18160705,6062824.0
13.7039795,10.773181,-3.4019902,-1.7394196,13.927491,894463.6,47723.582,0.03330692,0.1756223,1118491.2
14.217066,12.008939,-3.113884,-1.2542901,15.055084,1494146.6,164216.14,0.04442806,0.2852783,3454140.5
14.116018,11.401284,-2.632102,-2.8159578,15.003007,1350544.4,89436.51,0.07192711,0.05984737,3278862.0
14.620065,12.319818,-1.6231349,-2.5235424,16.063644,2235699.5,224093.25,0.19727929,0.08017509,9470047.0
14.8643675,12.43528,-3.584871,-2.4799361,16.374283,2854386.5,251520.52,0.027740244,0.08374857,12919945.0
13.195028,11.806658,-3.2207453,-1.9038638,16.76647,537685.06,134142.48,0.03992529,0.14899184,19124292.0
14.076586,11.495786,-2.7828538,-2.365939,14.647976,1298325.2,98300.63,0.061861712,0.09386113,2298979.5
14.586031,11.871181,-3.201913,-2.7504017,15.835676,2160890.5,143083.05,0.040684294,0.063902184,7539573.5
13.965611,12.1636305,-1.6952785,-2.8114762,16.171005,1161951.5,191689.19,0.1835481,0.060116183,10543343.0
13.618317,11.382232,-4.4055147,-2.3516455,16.090305,821031.44,87748.65,0.012209821,0.09521236,9725923.0
13.749679,11.126394,-2.8817484,-3.0426552,14.413867,936288.2,67940.95,0.0560367,0.047708046,1819126.5
13.141971,11.591074,-2.6556013,-2.0418444,15.515213,509900.38,108128.32,0.07025658,0.12978911,5472319.0
15.134753,12.411212,-2.3720212,-2.798779,16.02239,3740587.5,245539.22,0.093291976,0.060884356,9087318.0
14.511784,11.320839,-2.3109224,-2.6204278,14.0795,2006261.5,82523.55,0.09916974,0.07277172,1302114.8
12.566777,10.087506,-2.8006139,-3.2453954,14.144507,286867.94,24040.768,0.060772743,0.03895316,1389573.5
13.755766,11.927635,-1.5699656,-2.275397,16.000345,942005.06,151393.12,0.20805234,0.1027561,8889179.0
14.488529,11.768692,-1.6708343,-2.5706177,15.053607,1960145.4,129145.12,0.18809007,0.076488286,3449041.8
14.573569,11.644848,-1.8517032,-3.0834973,14.976757,2134129.2,114101.98,0.15696959,0.045798805,3193912.0
12.942709,10.805076,-3.651078,-3.236822,15.297071,417779.47,49270.246,0.025963126,0.03928856,4399808.0
12.88618,10.243309,-3.0849962,-3.0273993,14.350309,394817.9,28093.936,0.045730207,0.048441455,1707104.8
15.241311,12.021709,-1.5041924,-3.8787005,16.508133,4161187.5,166326.73,0.22219668,0.020677678,14770359.0
14.713551,11.213067,-4.067594,-2.7231789,14.220618,2454787.0,74092.31,0.017118525,0.06566568,1499464.0
13.537455,11.6982765,-2.2379189,-1.1603653,14.819522,757254.44,120364.09,0.10668029,0.31337166,2729207.8
13.255921,11.015679,-1.9407465,-2.2605255,14.418471,571443.75,60820.33,0.14359671,0.10429566,1827521.8
14.653117,12.432904,-2.8452013,-2.1970336,16.361256,2310829.8,250923.72,0.058122568,0.11113233,12752726.0
13.25863,10.184585,-1.9306984,-4.013734,15.010539,572993.56,26491.643,0.14504686,0.018065814,3303652.0
14.551875,12.317521,-2.2802947,-2.7618961,16.11393,2088329.8,223579.22,0.10225407,0.06317187,9958428.0
14.585972,11.889418,-4.5729446,-2.6434753,15.813365,2160762.8,145716.42,0.010327504,0.0711137,7373219.5
14.586918,11.539801,-3.266177,-3.8185987,15.273384,2162808.0,102723.96,0.038152006,0.021958549,4296813.0
14.812168,12.459772,-3.1287448,-1.9287124,16.138292,2709211.2,257756.89,0.043772705,0.14533521,10204020.0
15.188539,13.063381,-4.026882,-2.7803595,16.448105,3947285.0,471361.78,0.017829834,0.062016208,13909809.0
12.676497,11.714437,-1.6367261,-2.5081549,15.21601,320134.8,122324.98,0.19461614,0.08141833,4057226.2
12.3524475,11.388704,-3.4665723,-3.135835,15.943144,231526.02,88318.445,0.031223875,0.04346345,8394975.0
12.7444105,10.792413,-3.05849,-2.7720902,14.129284,342631.4,48650.277,0.046958547,0.062531166,1368579.5
13.900532,11.782969,-2.9563425,-2.4098654,15.949689,1088740.1,131002.21,0.052008793,0.08982739,8450101.0
13.292172,11.191396,-1.9868919,-2.1092854,14.956209,592539.25,72503.91,0.13712095,0.121324636,3128953.5
13.643622,12.14751,-4.3976164,-1.5331694,15.419013,842073.3,188623.75,0.012306639,0.21585047,4970410.5
13.588213,11.427224,-2.8294244,-2.187867,15.835866,796683.7,91786.836,0.05904683,0.11215573,7541004.5
14.504324,11.301513,-3.680535,-2.9040618,15.440937,1991351.2,80943.99,0.025209483,0.05480018,5080585.5
12.852448,10.736692,-3.0044854,-2.445549,14.019298,381722.22,46013.605,0.049564254,0.086678535,1226037.0
15.023785,12.047756,-4.571023,-3.8011103,15.784624,3347701.8,170715.92,0.010347369,0.022345949,7164323.0
14.957847,11.740494,-2.4100971,-3.642139,15.143533,3134081.2,125554.32,0.08980657,0.02619625,3773572.5
14.322405,12.043203,-1.4580102,-3.4198368,16.38054,1660127.4,169940.45,0.23269884,0.032717776,13001052.0
14.621618,11.223598,-2.658093,-3.562245,14.544345,2239175.5,74876.664,0.07008174,0.028375054,2072663.1
14.879797,11.633007,-3.2962618,-3.365096,14.787579,2898769.8,112758.88,0.0370213,0.034558695,2643405.5
12.735141,11.670303,-3.6428604,-2.62062,15.875205,339469.97,117043.78,0.026177358,0.072757736,7843573.0
14.316349,11.867466,-1.8500804,-3.3084047,16.014463,1650104.2,142552.55,0.15722454,0.036574475,9015568.0
12.751347,10.976383,-2.2165003,-1.8012476,15.746046,345016.2,58476.67,0.10898988,0.1650928,6893200.5
13.90358,12.03521,-2.334937,-1.1467072,15.068284,1092063.6,168587.4,0.09681657,0.3176811,3500036.8
14.852884,11.772056,-3.5014281,-3.6261976,15.430241,2821796.5,129580.24,0.030154288,0.026617203,5026531.0
14.354121,11.82204,-3.845166,-3.1344626,17.03397,1713624.4,136221.78,0.021382852,0.043523137,24989590.0
13.550008,10.903775,-2.0851266,-3.6164227,15.195288,766820.3,54381.277,0.12429138,0.026878659,3974016.0
14.399404,11.662558,-2.094163,-2.9119935,15.448496,1793005.0,116140.695,0.123173304,0.05436724,5119134.0
12.978481,10.82702,-4.2771845,-1.4071289,14.254722,432994.94,50363.383,0.013881691,0.24484524,1551482.8
14.080694,11.19243,-3.2405806,-3.9875782,16.431152,1303670.4,72578.9,0.039141163,0.018544571,13675991.0
14.75483,12.415748,-1.951293,-1.3317342,15.575735,2558240.8,246655.44,0.14209023,0.264019,5813742.5
13.53555,11.201908,-3.5589979,-2.9201808,16.390263,755813.6,73270.12,0.028467339,0.05392394,13128062.0
12.949908,11.332897,-2.2376006,-1.7498784,14.752186,420798.03,83524.66,0.10671425,0.17379507,2551484.2
12.555792,11.114351,-3.6297395,-2.471565,14.964364,283733.84,67127.65,0.026523093,0.084452584,3154574.0
13.8167305,12.764175,-2.2667143,-2.4572265,16.450573,1001220.7,349470.84,0.10365219,0.08567223,13944183.0
14.28657,11.892596,-3.8430557,-2.3735967,15.862202,1601689.5,146180.33,0.021428023,0.09314511,7742240.5
13.133398,10.791888,-3.807047,-1.8488531,14.264198,505547.9,48624.766,0.022213683,0.15741761,1566255.5
12.395199,10.10505,-1.6148016,-3.561347,13.868237,241638.67,24466.254,0.19893013,0.028400544,1054140.8
14.516694,11.714337,-3.8758495,-3.2803898,15.470004,2016137.4,122312.84,0.020736715,0.037613593,5230430.0
14.248832,11.555788,-2.6513166,-3.5048916,15.297451,1542371.5,104379.445,0.07055825,0.03005003,4401478.5
13.898501,11.496107,-1.9384109,-2.883,15.657589,1086531.9,98332.23,0.14393249,0.055966616,6309638.5
14.812151,11.874388,-2.412118,-2.4097023,15.155913,2709164.8,143542.69,0.08962527,0.08984204,3820582.0
13.247005,11.044959,-2.7193515,-1.1092079,14.416856,566371.5,62627.457,0.065917484,0.32982013,1824571.6
14.1174755,11.923602,-2.7530978,-2.8745463,16.486582,1352513.9,150783.77,0.063730136,0.056441743,14455446.0
13.900684,11.905268,-3.0797951,-2.1326249,15.981952,1088906.2,148044.44,0.045968674,0.11852577,8727170.0
13.869889,11.20102,-1.9641213,-3.9293957,15.692116,1055884.4,73205.09,0.14027908,0.019655548,6531295.0
13.74891,10.950976,-4.52564,-2.9707942,14.885508,935568.8,57009.68,0.010827783,0.05126258,2915370.8
13.623775,11.2944565,-3.5993543,-3.2240043,15.631836,825524.75,80374.84,0.027341371,0.039795388,6149221.0
14.352851,12.471858,-2.2076075,-1.8574953,15.738681,1711449.0,260891.02,0.10996342,0.15606304,6842617.0
12.706984,10.758581,-1.8458673,-2.3554487,14.890161,330044.75,47031.89,0.15788832,0.094850935,2928967.5
14.914619,12.17257,-4.504923,-2.0559068,15.629727,3001490.2,193410.52,0.011054443,0.12797673,6136268.5
14.822382,11.352004,-1.6153526,-3.8061304,14.584462,2737024.5,85135.9,0.19882055,0.022234049,2157503.2
13.086297,11.1139345,-1.5147462,-1.3362445,14.156596,482288.16,67099.68,0.21986398,0.26283088,1406473.6
14.540013,12.501441,-2.3092306,-1.8209041,16.599003,2063704.6,268724.25,0.09933766,0.16187933,16175411.0
14.829441,11.768393,-1.8045326,-3.850894,15.39194,2756413.8,129106.45,0.16455135,0.021260722,4837652.5
12.479472,11.004969,-2.6150696,-1.320825,14.362495,262885.06,60172.375,0.0731627,0.26691502,1728034.9
14.593687,11.626794,-3.1248467,-2.9133,15.078533,2177498.0,112060.46,0.04394367,0.054296255,3536093.5
13.516076,11.082109,-1.7228839,-2.9611845,15.125871,741237.3,64997.848,0.17855048,0.051757574,3707508.8
14.209988,11.567538,-3.9083948,-2.8530314,15.241667,1483608.1,105613.16,0.020072695,0.057669237,4162668.0
13.192361,10.920322,-4.298503,-3.7829385,15.741325,536252.75,55288.62,0.013588888,0.022755725,6860736.5
12.421403,10.676506,-2.4820933,-2.3884358,14.697702,248054.3,43325.906,0.0835681,0.09177312,2416189.8
13.432235,12.231953,-3.7632744,-1.6519817,15.593544,681624.9,205243.56,0.023207624,0.1916697,5918206.5
13.682637,11.242105,-1.8068805,-3.4299366,15.1614485,875576.0,76275.305,0.16416545,0.032388993,3841788.2
14.303989,11.924883,-1.4410336,-2.0179756,15.844323,1629835.1,150977.02,0.236683,0.13292429,7605051.0
14.152688,10.919797,-1.7948835,-4.063633,14.843016,1400987.6,55259.58,0.16614681,0.017186468,2794086.2
13.681932,11.15644,-2.5537672,-1.150858,14.390208,874959.1,70013.25,0.07778807,0.31636518,1776593.4
13.896909,12.37608,-2.2339435,-1.3297511,15.266549,1084802.8,237062.61,0.10710523,0.2645431,4267544.5
12.81404,10.959121,-2.0832057,-1.5007166,14.326175,367338.9,57475.887,0.12453037,0.22297034,1666397.6
13.77113,11.045945,-2.4716628,-2.2460778,15.24456,956589.5,62689.246,0.08444433,0.105813436,4174730.0
15.078827,12.053286,-2.7048416,-2.3188496,15.8620205,3537132.5,171662.5,0.06688092,0.098386705,7740838.0
13.555024,10.764863,-4.4044456,-2.248504,14.303702,770676.6,47328.266,0.0122228805,0.105557024,1629367.4
12.361553,10.251029,-4.496644,-2.4700491,14.003993,233643.84,28311.66,0.0111463405,0.084580705,1207415.9
15.303717,11.782885,-2.6319034,-2.7581375,14.944111,4429143.0,130991.09,0.0719414,0.06340976,3091326.5
13.91028,11.995694,-3.3301864,-2.2306204,15.693546,1099405.6,162055.5,0.035786435,0.10746174,6540644.5
13.407065,11.050027,-3.4818509,-2.2194767,14.740762,664682.94,62945.65,0.030750444,0.10866596,2522501.8
14.107628,11.872426,-3.7805712,-2.611398,15.950239,1339260.1,143261.38,0.022809658,0.07343181,8454752.0
12.906848,10.76849,-4.0589805,-1.5997536,14.435022,403062.9,47500.23,0.017266614,0.20194627,1858020.8
12.56341,10.866282,-3.8155189,-1.6747819,14.213901,285903.56,52380.12,0.022026284,0.18734904,1489424.8
14.967379,12.101136,-2.2100863,-3.2995486,15.788918,3164098.0,180076.34,0.10969118,0.03689982,7195148.5
12.740669,10.865836,-3.5452332,-2.5922668,15.595018,341351.9,52356.75,0.02886189,0.07485018,5926938.5
12.990386,10.547727,-1.775114,-3.56191,16.383839,438180.4,38090.746,0.16946413,0.02838456,13043998.0
13.311935,10.932974,-1.8774366,-2.179582,14.236689,604366.1,55992.547,0.15298176,0.11308878,1523755.6
14.398385,11.775509,-3.209375,-3.0115173,16.359587,1791179.8,130028.49,0.04038185,0.049216945,12731461.0
14.240052,11.757949,-3.1860437,-2.9331748,15.512219,1528889.5,127765.125,0.04133508,0.05322778,5455961.5
14.983318,12.424045,-3.5331604,-1.3352057,15.567665,3214937.0,248710.44,0.029212445,0.26310405,5767014.5
13.166108,11.042824,-3.589485,-2.3972025,14.8751,522357.84,62493.87,0.027612548,0.090972096,2885186.5
14.817365,12.239193,-2.0093842,-1.0155772,15.182178,2723326.5,206734.98,0.13407122,0.36219332,3922256.0
12.292888,10.517145,-4.478203,-1.8026183,14.116394,218138.98,36943.508,0.0113538,0.16486666,1351051.9
13.356737,10.90342,-2.4508073,-3.4377742,14.869249,632058.44,54361.99,0.086223945,0.032136135,2868355.2
12.324146,10.817539,-3.5706468,-2.32323,15.434934,225065.39,49888.17,0.02813765,0.09795667,5050176.0
13.330274,10.630857,-2.1058257,-3.5791025,14.369463,615551.3,41392.6,0.12174511,0.027900727,1740117.1
12.286575,10.614933,-3.3220887,-2.1649222,14.357523,216766.34,40738.668,0.0360774,0.11475886,1719463.6
15.1877165,11.715672,-3.6537855,-2.8460786,14.902712,3944041.5,122476.14,0.025892926,0.058071595,2965961.8
14.591381,11.399692,-2.0448632,-3.684116,15.104221,2172482.5,89294.18,0.12939788,0.025119374,3628106.2
14.78853,12.31453,-3.171635,-3.937435,16.840014,2645922.5,222911.56,0.041934982,0.019498166,20583770.0
14.357683,11.693873,-3.4406023,-3.6536758,16.80427,1719739.1,119835.28,0.03204538,0.025895767,19861024.0
13.674193,10.973083,-3.183317,-2.815093,14.2977915,868213.9,58283.98,0.041447945,0.059899144,1619764.8
12.706802,11.066768,-2.5744421,-2.7028105,16.246853,329984.97,64008.277,0.07619632,0.06701689,11374140.0
14.411269,11.880773,-4.293748,-2.9580433,16.386086,1814406.9,144462.12,0.0136536565,0.05192041,13073339.0
13.624283,11.194266,-1.931454,-2.161663,14.370332,825944.5,72712.336,0.14493732,0.11513349,1741629.6
14.737321,11.511946,-3.2695878,-3.9613934,14.953263,2513837.2,99902.07,0.038022097,0.01903657,3119749.5
15.150782,12.055731,-3.79655,-3.1628947,15.353632,3801026.2,172082.77,0.022448083,0.042303108,4655835.5
13.695148,10.793768,-2.8984942,-2.548845,14.006083,886599.4,48716.25,0.055106133,0.0781719,1209941.5
14.605118,11.688471,-3.2697818,-3.5440664,15.326092,2202531.2,119189.61,0.03801472,0.028895587,4529362.5
13.241282,11.103352,-1.7728186,-1.5861589,13.940099,563139.4,66393.31,0.16985357,0.20471042,1132681.9
12.571655,10.633055,-3.7106376,-2.3479388,14.168478,288270.72,41483.652,0.024461921,0.095565945,1423284.9
13.113654,11.225745,-3.8586547,-1.94027,14.797153,495664.28,75037.65,0.02109636,0.14366516,2668837.2
14.289903,11.981545,-3.982676,-0.92866033,15.023145,1607037.0,159778.77,0.018635703,0.39508262,3345560.2
13.789412,11.230572,-4.286758,-3.215024,16.827562,974238.6,75400.695,0.01374943,0.04015437,20329068.0
13.0864105,11.043832,-2.2037168,-2.214858,14.6563015,482342.88,62556.9,0.11039209,0.10916901,2318199.8
13.724005,11.137226,-1.9882357,-3.9499812,15.041233,912556.0,68680.875,0.13693681,0.019255064,3406626.5
14.505095,11.861071,-3.3784244,-2.191129,15.856805,1992886.2,141643.78,0.034101143,0.11179047,7700569.5
14.668628,11.930974,-2.7119787,-2.2395177,15.248659,2346951.2,151899.44,0.06640528,0.106509864,4191877.0
13.286509,11.319362,-2.7930355,-1.4263624,14.486555,589192.7,82401.73,0.06123505,0.24018101,1956279.6
14.869752,12.040257,-1.8767996,-2.3908718,14.64193,2869797.2,169440.56,0.15307924,0.091549836,2285121.2
13.360808,10.930516,-1.4946402,-3.2350264,13.88989,634636.94,55855.105,0.2243293,0.039359167,1077215.1
14.513726,11.751627,-3.274479,-2.9813173,16.766203,2010162.8,126959.95,0.03783658,0.05072597,19119186.0
13.998513,12.397211,-4.1395483,-2.4549983,15.785165,1200817.6,242125.4,0.015930045,0.085863344,7168198.0
14.163567,11.451482,-2.6186697,-3.4284093,15.678462,1416311.6,94040.59,0.07289977,0.032438498,6442724.0
14.610269,11.967681,-3.8887508,-2.831493,15.419828,2213905.2,157578.8,0.020470902,0.05892482,4974465.0
13.599723,11.204344,-4.0795875,-2.360482,15.278216,805906.4,73448.8,0.016914442,0.094374724,4317626.5
14.09324,11.359249,-4.47466,-2.890649,16.227865,1320128.8,85754.95,0.011394097,0.055540152,11160209.0
13.699171,10.743672,-2.1963894,-4.014252,14.76322,890172.94,46335.902,0.111203946,0.018056452,2579793.2
12.263444,9.917149,-3.8839426,-1.9409657,14.080963,211809.8,20275.096,0.020569567,0.14356525,1304021.0
14.206467,11.570794,-2.793464,-3.4393477,16.025639,1478393.6,105957.58,0.06120882,0.032085605,9116883.0
13.708419,11.130299,-2.2145689,-2.7157917,14.861517,898443.25,68206.734,0.10920058,0.06615256,2846261.5
14.442981,12.130056,-2.470043,-2.7606025,15.551766,1872866.6,185360.22,0.084581226,0.06325365,5676051.5
14.939735,11.78982,-2.1340091,-3.8603687,15.353813,3077830.2,131902.69,0.118361816,0.021060232,4656679.5
14.259094,12.120379,-2.638682,-2.6433988,15.626166,1558281.6,183575.16,0.0714554,0.071119145,6114456.0
12.484358,11.280149,-3.6336174,-1.9196606,14.890748,264172.56,79233.1,0.026420439,0.14665674,2930688.8
15.035275,12.295118,-1.5286108,-3.3540204,15.649001,3386391.5,218626.12,0.21683668,0.034943584,6255684.5
13.763891,12.230671,-1.5983596,-2.6322918,16.4706,949690.3,204980.66,0.20222798,0.071913466,14226260.0
13.244952,12.06343,-3.3609874,-1.5451779,15.845616,565209.75,173412.75,0.03470098,0.21327391,7614892.0
15.197991,13.008842,-3.5387099,-2.6163454,16.277481,3984774.8,446342.75,0.029050782,0.073069416,11727899.0
12.849932,11.051729,-1.4440522,-2.999345,14.290248,380762.75,63052.89,0.23596962,0.049819686,1607591.9
12.699671,11.243908,-1.4281574,-2.53984,15.971413,327640.03,76412.984,0.23975027,0.07887902,8635677.0
13.224,11.784318,-2.6213145,-2.9669802,16.38573,553490.56,131178.98,0.07270722,0.05145847,13068702.0
12.737776,10.287661,-2.885778,-3.0927303,14.928121,340365.66,29367.99,0.055811353,0.04537789,3042288.5
12.306432,10.651581,-4.3824954,-1.2448967,14.789723,221113.58,42259.348,0.012494142,0.28797066,2649081.2
13.330813,10.607833,-4.2965426,-2.6037233,13.998771,615883.7,40450.445,0.013615551,0.07399755,1201126.9
14.228565,11.91515,-4.574136,-2.0720997,16.452776,1511427.6,149514.66,0.01031521,0.12592112,13974935.0
12.568789,11.927053,-1.4874533,-1.3578236,15.580888,287445.5,151305.08,0.22594734,0.25721997,5843776.5
12.720251,11.135776,-2.0318532,-1.7511821,15.168952,334452.8,68581.33,0.13109235,0.17356865,3870723.5
13.976726,11.2862015,-2.5447607,-3.732954,16.311104,1174937.6,79714.08,0.07849183,0.023922065,12128927.0
13.789403,11.120821,-3.0966148,-2.7651687,14.616314,974230.25,67563.35,0.04520196,0.062965475,2227329.5
15.376888,12.453758,-3.457948,-3.0310812,16.607626,4765382.0,256211.42,0.031494323,0.048263427,16315497.0
12.944505,11.449288,-2.005376,-2.762541,14.819363,418530.38,93834.55,0.13460965,0.063131146,2728773.0
14.49712,11.700396,-2.3145244,-2.1765969,14.914487,1977057.0,120619.42,0.09881317,0.11342688,3001092.2
14.9472885,11.8289995,-1.5895203,-2.3660963,14.887952,3101165.2,137173.19,0.20402345,0.093846366,2922505.5
12.56841,10.2329445,-3.5930538,-2.9053977,14.1268215,287336.7,27804.26,0.027514178,0.054727025,1365213.6
13.046878,12.227731,-3.151873,-2.108488,16.180866,463646.6,204378.88,0.042771935,0.121421404,10647825.0
14.634291,11.988209,-2.3719912,-3.5963452,16.433548,2267731.8,160846.98,0.09329478,0.027423767,13708793.0
13.351681,11.179933,-1.6927626,-2.7185354,14.407939,628870.56,71677.53,0.18401048,0.06597131,1808374.5
13.273721,10.327429,-3.5766418,-3.1596034,16.311178,581706.2,30559.438,0.027969468,0.04244257,12129829.0
14.23249,12.357365,-4.45676,-1.3067658,16.280592,1517370.8,232667.27,0.011599887,0.27069414,11764440.0
14.746934,12.042755,-2.584704,-2.657729,15.51496,2538119.2,169864.3,0.075418405,0.07010726,5470936.0
12.520853,11.026212,-2.766754,-1.348022,14.487655,273991.7,61464.297,0.06286574,0.25975356,1958432.0
13.632885,10.658664,-1.8150673,-3.7736526,13.8998785,833080.0,42559.73,0.16282696,0.022968018,1088029.1
15.081899,11.970855,-2.7014692,-3.7664652,16.591032,3548014.5,158079.72,0.06710685,0.023133691,16046993.0
13.788022,11.328461,-1.4268657,-3.121527,14.646541,972885.9,83154.92,0.24006017,0.044089794,2295682.2
14.200983,11.5957775,-1.3990617,-2.6015399,14.768162,1470308.9,108638.11,0.24682847,0.074159294,2592574.0
13.1037035,10.532508,-3.3345318,-1.9453846,14.893135,490756.56,37515.44,0.035631265,0.14293224,2937692.8
12.237481,10.086484,-3.7320776,-2.7781892,14.015282,206381.39,24016.201,0.02394304,0.062150948,1221123.2
12.838399,10.62461,-1.9951196,-2.700765,14.006696,376396.72,41134.81,0.13599738,0.067154124,1210683.6
14.603977,11.654011,-4.4761734,-3.7815359,15.2691,2200020.5,115152.29,0.011376864,0.022787666,4278445.0
14.566438,12.09453,-2.8555818,-2.7172244,15.638397,2118963.8,178890.67,0.05752235,0.06605785,6189700.0
15.410663,12.078889,-1.4632437,-3.6195931,15.444635,4929078.5,176114.38,0.23148419,0.026793575,5099410.0
14.733348,12.489605,-4.092868,-3.4241989,16.819191,2503869.5,265562.34,0.016691297,0.03257537,20159596.0
12.562094,10.4502325,-3.4458995,-2.3843246,13.979788,285527.53,34552.406,0.031876076,0.0921512,1178541.0
14.595301,11.704057,-1.598669,-2.9349937,15.188363,2181014.5,121061.836,0.20216541,0.05313105,3946592.5
13.786945,12.197481,-4.009594,-2.4583304,16.283487,971838.94,198289.06,0.01814076,0.08557771,11798551.0
14.686637,11.780236,-3.7145596,-2.8313744,15.192127,2389601.0,130644.64,0.02436617,0.0589318,3961476.0
12.841154,10.473218,-2.5492525,-3.4847286,13.909844,377435.16,35355.81,0.07814005,0.03066208,1098926.5
13.835495,11.719066,-2.1107938,-2.5080547,16.213972,1020185.44,122892.55,0.12114176,0.08142648,11006231.0
12.488344,10.005562,-3.3655698,-4.006029,14.011095,265227.75,22149.314,0.034542326,0.018205544,1216021.5
13.181541,10.766215,-2.6793027,-1.415156,14.251201,530482.06,47392.312,0.06861098,0.24288772,1546029.6
12.896598,10.88581,-1.4384838,-2.867821,14.203871,398952.6,53413.023,0.23728725,0.05682261,1474560.9
14.394068,11.638189,-4.0365663,-3.4081047,16.020555,1783463.4,113344.75,0.017658,0.033103883,9070659.0
12.242678,11.866774,-2.1396255,-1.6858457,15.1332445,207456.66,142453.89,0.11769891,0.18528767,3734948.2
15.056664,12.8786,-3.853559,-1.2160337,15.974504,3459603.2,391836.56,0.021204136,0.29640347,8662418.0
12.842203,10.3703375,-4.387522,-2.9024522,14.18578,377831.3,31899.24,0.012431494,0.054888457,1448124.1
13.566113,10.724134,-2.1630003,-3.336221,16.50225,779270.5,45439.383,0.114979625,0.035571128,14683730.0
12.972937,12.037534,-1.5917968,-2.7876065,16.316395,430600.75,168979.69,0.20355953,0.0615684,12193271.0
14.163446,11.541224,-2.5422676,-3.025113,16.850033,1416141.4,102870.23,0.078687765,0.04855233,20791042.0
13.346157,11.321394,-2.8930352,-3.1429005,15.303693,625406.5,82569.36,0.055407785,0.04315744,4429037.5
14.327454,12.508415,-4.127163,-1.1705188,15.719306,1668530.1,270604.94,0.016128572,0.31020597,6711318.5
13.791225,11.706653,-2.5807514,-2.9051857,15.187298,976007.4,121376.51,0.075717084,0.054738626,3942390.5
14.33884,11.338283,-2.1642597,-3.977683,15.096017,1687636.4,83975.69,0.11483492,0.018728983,3598461.2
13.882722,11.503879,-3.1307108,-2.3666418,15.316252,1069521.5,99099.39,0.043686733,0.09379519,4485012.0
13.278787,11.282137,-2.0658016,-2.80139,16.535627,584660.5,79390.734,0.12671667,0.0607256,15182096.0
15.252379,12.543696,-4.1325583,-2.8464634,16.920862,4207501.0,280322.62,0.016041785,0.058049254,22317066.0
15.061461,12.827281,-1.8704875,-1.8467032,16.692263,3476238.8,372235.12,0.15404855,0.1577564,17756508.0
13.6779175,11.343212,-3.6175697,-2.0257032,14.810673,871453.25,84390.67,0.026847847,0.13190106,2705163.0
15.376155,12.508496,-2.4964592,-3.0787945,15.973037,4761888.5,270626.88,0.08237616,0.046014696,8649714.0
12.4886,11.071608,-4.41553,-1.2935172,14.670612,265295.56,64318.82,0.012088143,0.2743043,2351613.8
12.492733,11.255902,-3.1011522,-2.8105497,15.191901,266394.34,77335.03,0.044997327,0.060171906,3960580.8
15.246051,11.872281,-2.5032752,-1.6969211,14.891082,4180957.5,143240.61,0.0818166,0.18324685,2931667.2
14.332102,11.658466,-4.318681,-2.1037996,15.129157,1676303.9,115666.5,0.013317441,0.12199203,3719713.0
13.129243,11.001697,-3.6236598,-2.934079,14.713432,503451.62,59975.81,0.026684836,0.053179678,2454496.8
12.965048,11.501235,-4.453813,-1.5596763,15.877616,427217.22,98837.76,0.011634121,0.21020411,7862506.0
12.702946,10.301233,-4.4196925,-2.944132,14.367893,328714.78,29769.31,0.012037933,0.052647732,1737387.8
13.170335,11.511588,-2.9952874,-1.5456399,14.693191,524570.4,99866.35,0.05002225,0.21317542,2405313.0
14.275243,11.583244,-3.1101456,-2.425788,14.962889,1583649.9,107285.02,0.044594463,0.08840843,3149923.5
14.35514,11.516631,-3.874035,-3.004509,15.101539,1715370.6,100371.25,0.020774378,0.049563084,3618386.0
14.851692,12.252604,-4.4241858,-1.0912526,15.09834,2818434.8,209526.1,0.0119839655,0.3357956,3606830.8
14.325897,11.353109,-1.8901497,-2.1396852,14.291639,1665935.2,85230.055,0.1510492,0.11769189,1609830.2
14.084769,12.10629,-3.8391526,-1.2474111,16.20707,1308993.8,181006.8,0.021511823,0.28724748,10930520.0
13.756122,11.325263,-4.1459703,-1.6150967,15.1479645,942340.2,82889.445,0.01582807,0.19887143,3790333.2
13.724618,12.268874,-2.8774962,-2.6810846,15.821921,913115.75,212963.1,0.056275487,0.06848883,7436578.0
12.805526,10.615973,-2.0675375,-3.0542207,15.147746,364224.53,40781.08,0.1264969,0.04715946,3789505.5
13.085647,10.952999,-2.045933,-2.4406347,14.221029,481974.56,57125.113,0.12925953,0.08710554,1500080.4
12.354786,10.808872,-1.7207986,-2.2758338,13.974974,232068.05,49457.66,0.1789232,0.10271123,1172881.0
14.407191,11.631847,-4.0143805,-3.2138062,15.288377,1807023.0,112628.195,0.018054137,0.040203303,4361719.0
14.605257,11.431537,-4.3972754,-1.3709708,14.420831,2202838.0,92183.52,0.0123108355,0.25386038,1831838.6
14.840735,12.327079,-3.9663644,-2.5633852,15.941937,2787722.2,225726.38,0.018942175,0.07704349,8384853.0
14.218325,11.908645,-1.6476208,-2.4701772,16.371166,1496028.8,148545.22,0.19250737,0.08456987,12879742.0
14.198993,11.620493,-4.5914893,-1.0997231,15.473295,1467385.4,111356.6,0.010137749,0.33296326,5247672.5
14.890545,12.39378,-1.9569321,-1.5855223,15.579859,2930093.5,241296.02,0.14129123,0.20484078,5837766.0
14.814007,11.847052,-2.497617,-3.8967729,16.186964,2714197.2,139671.94,0.08228084,0.02030734,10712952.0
12.404549,11.790504,-2.344385,-1.8905908,16.303553,243908.55,131993.03,0.095906176,0.15098259,12037684.0
13.855639,11.034808,-1.686828,-2.9750926,13.972868,1040944.94,61994.945,0.18510574,0.051042706,1170413.9
14.19634,11.529113,-2.499177,-2.7639554,14.92212,1463497.4,101631.91,0.08215258,0.06304192,3024088.0
12.82388,10.8992405,-1.4882174,-2.362568,13.915581,370971.38,54135.23,0.22577478,0.09417807,1105248.5
15.272572,12.30642,-1.7770108,-3.1314793,15.618919,4293323.0,221111.05,0.16914299,0.043653175,6070305.0
14.074681,11.206872,-2.7401652,-2.3683856,14.004627,1295855.0,73634.73,0.064559676,0.09363177,1208181.9
13.339242,10.838946,-4.0083127,-3.3190637,15.335191,621096.6,50967.65,0.018164018,0.0361867,4570763.5
13.967037,11.460541,-3.5342643,-2.9199414,15.808312,1163609.2,94896.375,0.029180216,0.053936847,7336059.5
13.33286,11.039351,-3.3441525,-2.165626,14.866481,617145.44,62277.25,0.03529011,0.114678115,2860425.2
14.793617,11.589093,-1.8979248,-2.3495607,14.850973,2659416.2,107914.36,0.14987934,0.09541106,2816408.8
12.972877,10.237003,-3.0196936,-4.0699887,16.830156,430574.9,27917.342,0.048816174,0.01707758,20381870.0
13.75071,12.349297,-2.0545847,-1.5021801,15.459405,937253.94,230797.64,0.12814604,0.22264424,5175285.0
13.539965,12.561299,-1.469994,-1.2847837,16.201082,759157.6,285300.78,0.22992688,0.27671042,10865272.0
14.26476,11.075345,-4.464994,-3.9772174,14.563102,1567135.5,64559.66,0.011504766,0.018737705,2111906.8
14.920161,12.523682,-3.0171535,-2.4252985,16.69071,3018170.0,274767.78,0.048940327,0.08845171,17728960.0
13.184661,10.932943,-3.669876,-1.2346298,14.291912,532139.5,55990.836,0.025479626,0.29094246,1610269.5
12.412578,10.755519,-1.4400125,-2.6364326,13.850159,245874.77,46888.086,0.23692481,0.07161629,1035255.4
15.24835,12.450025,-3.3140671,-3.9493542,16.224474,4190581.8,255256.61,0.03636796,0.019267142,11122426.0
14.743933,11.881322,-1.9077475,-3.7864208,16.369835,2530513.2,144541.5,0.14841431,0.02267662,12862606.0
14.734203,12.404453,-4.1124496,-2.073105,16.387157,2506012.2,243885.3,0.016367631,0.12579457,13087360.0
13.736381,11.370496,-3.9321043,-2.1311617,16.15866,923919.8,86724.85,0.019602379,0.11869932,10413992.0
14.702641,12.224984,-4.410254,-2.5269227,16.169966,2428150.8,203818.3,0.012152092,0.079904534,10532389.0
12.887356,11.412689,-1.529011,-1.5374509,14.261806,395282.44,90462.37,0.21674992,0.21492827,1562512.2
14.05454,11.261973,-3.8482728,-1.444708,14.538546,1270015.5,77805.97,0.021316523,0.23581493,2060678.0
13.160214,11.573793,-2.0077546,-1.2905127,14.58909,519288.25,106275.86,0.13428988,0.2751297,2167511.5
14.281723,12.103222,-4.0275846,-1.3136398,15.339105,1593945.6,180452.33,0.017817315,0.26883975,4588688.0
15.084454,12.409301,-2.7188718,-2.6990921,16.320248,3557090.8,245070.4,0.06594911,0.06726655,12240340.0
14.71689,11.749922,-2.098769,-1.9201702,14.552542,2462999.2,126743.65,0.12260727,0.146582,2089722.2
12.340663,12.1910305,-3.4941862,-1.4343828,15.980028,228813.6,197014.08,0.030373458,0.23826237,8710399.0
14.140848,12.434102,-1.4190419,-1.5750462,16.11561,1384498.0,251224.45,0.24194571,0.20699799,9975176.0
13.025404,10.973616,-4.186058,-3.6055048,16.856434,453796.44,58315.06,0.015206109,0.027173726,20924554.0
13.663495,11.147585,-2.6811628,-2.9394877,15.674852,858975.0,69396.03,0.06848347,0.05289282,6419510.0
12.61985,10.706807,-3.4254441,-2.6208656,16.003294,302504.12,44658.82,0.032534827,0.07273988,8915430.0
12.509811,10.283786,-4.3111672,-2.343062,14.229894,270983.0,29254.416,0.013417878,0.09603314,1513436.9
13.713165,11.265352,-3.3566124,-2.310188,14.83368,902717.8,78069.305,0.034853127,0.09924258,2768123.2
13.428419,11.109923,-2.3621895,-2.8102417,15.563205,679029.0,66831.07,0.09421372,0.060190443,5741349.0
12.95354,11.226835,-2.3858197,-2.8004901,16.214252,422328.97,75119.484,0.09201353,0.060780264,11009317.0
14.501684,12.374261,-1.8745723,-3.053595,16.144602,1986101.4,236631.86,0.15342057,0.04718897,10268606.0
13.507523,11.072984,-3.8566062,-3.799163,16.066975,734924.1,64407.395,0.02113962,0.022389501,9501637.0
13.167471,10.869412,-2.450354,-2.6941748,16.97062,523070.2,52544.33,0.08626304,0.06759814,23455586.0
14.866689,12.27553,-2.5896866,-3.4751847,16.129492,2861020.0,214385.23,0.07504355,0.030956116,10114613.0
14.650681,11.781513,-2.5223858,-3.3953807,16.038925,2305205.8,130811.58,0.08026787,0.033527788,9238824.0
13.478848,10.788993,-3.6206982,-2.75352,14.798232,714150.1,48484.184,0.026763983,0.06370323,2671717.5
12.725825,11.38807,-2.971605,-2.7926877,15.071091,336322.34,88262.45,0.05122103,0.061256357,3509874.0
13.509943,11.314451,-2.1309662,-1.2801485,14.440733,736705.1,81998.086,0.11872253,0.277996,1868661.5
12.786362,10.865972,-4.5026503,-2.6109128,16.603947,357310.94,52363.84,0.011079594,0.07346745,16255578.0
13.4641,11.871573,-4.3461537,-2.0741923,16.161293,703694.7,143139.28,0.012956551,0.12565789,10441440.0
13.661201,10.76903,-3.0397522,-3.927016,15.333057,857006.25,47525.875,0.047846742,0.019702377,4561022.5
12.753326,11.828791,-2.7062235,-2.6061375,15.739367,345699.94,137144.53,0.06678856,0.073819116,6847310.5
14.567089,11.519981,-3.4553962,-4.017595,15.250366,2120344.5,100708.086,0.031574793,0.017996198,4199039.0
14.705348,11.738162,-3.7077503,-3.65683,15.510196,2434734.0,125261.9,0.024532652,0.025814213,5444931.5
14.223413,11.080641,-2.2267394,-2.728495,14.179757,1503661.1,64902.46,0.10787961,0.06531753,1439429.1
14.000899,11.140937,-3.3560646,-2.9525862,14.698695,1203686.2,68936.21,0.034872226,0.05220452,2418589.8
13.50699,11.475755,-2.613118,-3.1618083,15.283138,734533.2,96351.164,0.07330562,0.042349093,4338930.0
14.480452,12.162522,-2.0938306,-3.1548705,15.896929,1944375.9,191476.88,0.123214245,0.042643923,8015829.0
14.356923,12.009939,-4.0664034,-1.3087556,15.320076,1718432.5,164380.52,0.01713892,0.27015603,4502196.5
14.106613,10.692653,-3.2937121,-4.007464,13.998232,1337901.9,44031.152,0.037115816,0.01817944,1200479.9
13.450993,10.828717,-2.0526116,-3.8408766,15.407159,694531.4,50448.95,0.12839913,0.02147477,4911838.5
13.197389,9.997881,-3.117984,-4.066391,15.012058,538955.7,21979.84,0.044246275,0.017139133,3308674.8
12.964769,10.853558,-2.3859982,-2.6944764,14.189325,427098.25,51717.816,0.091997094,0.06757776,1453268.0
13.801219,11.69631,-3.884048,-2.9899924,15.316287,985810.06,120127.63,0.0205674,0.05028782,4485170.5
14.132018,11.549869,-1.6188495,-2.353506,14.405778,1372326.6,103763.4,0.19812651,0.095035374,1804470.9
15.267727,12.495493,-3.5614183,-4.044535,16.40142,4272573.5,267130.6,0.02839852,0.017517846,13275365.0
12.466103,10.59682,-4.018466,-2.0708017,14.809038,259393.78,40007.406,0.017980525,0.12608466,2700744.8
13.617619,11.769895,-2.5098236,-1.3668779,15.312897,820458.44,129300.52,0.08128258,0.25490156,4469990.0
13.544422,12.119095,-1.7108624,-1.7386893,15.9206705,762549.06,183339.48,0.18070988,0.1757506,8208416.0
14.120033,11.797132,-3.4547474,-1.2972395,14.949202,1355977.6,132870.67,0.031595282,0.27328515,3107103.8
13.908639,12.267255,-1.6535606,-2.4261997,16.335106,1097602.6,212618.52,0.1913673,0.08837204,12423568.0
13.817132,11.476051,-3.6614137,-2.097652,15.389255,1001622.75,96379.74,0.02569616,0.1227443,4824678.0
13.81005,10.828261,-3.9102838,-2.685158,14.091812,994554.3,50425.957,0.020034814,0.068210416,1318245.4
12.592598,10.38237,-3.505942,-1.8224347,14.142352,294371.53,32285.387,0.030018479,0.16163175,1386581.8
14.4720745,11.568369,-2.3019347,-3.602517,15.453298,1928155.8,105700.92,0.10006506,0.027255038,5143774.0
14.33768,11.693128,-1.9582953,-2.3561256,15.934695,1685680.5,119745.945,0.14109874,0.094786756,8324348.0
12.416836,11.08071,-2.775752,-2.7481158,16.146235,246923.98,64906.977,0.062302604,0.06404843,10285385.0
13.62192,11.465692,-2.0711434,-1.9889128,16.869902,823994.94,95386.43,0.12604159,0.13684411,21208268.0
14.369362,11.820993,-4.479811,-1.9079626,15.747536,1739941.2,136079.34,0.011335554,0.1483824,6903476.5
14.396666,12.264465,-2.8054762,-2.0400066,15.7618265,1788102.5,212026.25,0.060477965,0.13002785,7002841.0
12.660813,10.726379,-2.0190232,-2.957586,14.876873,315152.94,45541.504,0.13278511,0.051944155,2890306.2
14.333824,11.4518385,-4.401696,-3.2962286,15.700522,1679193.5,94074.14,0.012256533,0.03702253,6586432.5
13.837188,11.080589,-2.2264252,-2.6596186,14.000602,1021913.9,64899.117,0.10791352,0.06997491,1203328.2
13.811795,11.093849,-4.48201,-3.397483,14.975495,996291.56,65765.41,0.0113106575,0.033457372,3189884.8
15.112649,11.983047,-2.1379867,-3.5900173,16.164574,3658811.8,160018.8,0.11789196,0.027597852,10475751.0
12.4753475,10.624199,-1.8388027,-3.0331342,14.311533,261802.98,41117.902,0.1590077,0.048164442,1642176.4
13.668081,10.942966,-2.5776613,-3.5708601,14.422743,862923.44,56554.863,0.07595143,0.028131645,1835344.6
14.670085,11.60801,-2.631644,-3.1550524,15.240309,2350373.8,109975.21,0.07196006,0.042636167,4157019.0
12.3562765,11.184555,-3.2498972,-1.3581362,14.473301,232414.22,72009.625,0.038778193,0.2571396,1930521.9
12.753035,10.453827,-2.074992,-3.3029344,14.030838,345599.06,34676.824,0.12555744,0.036775097,1240268.0
13.858844,12.322703,-4.057746,-2.3584776,15.832044,1044285.8,224740.88,0.017287944,0.09456408,7512235.5
13.467947,10.894318,-4.095755,-2.9244993,15.270878,706407.1,53869.387,0.016643174,0.05369157,4286057.5
12.318369,11.177132,-3.8679962,-1.425319,15.249894,223768.86,71477.05,0.020900207,0.24043177,4197057.0
13.5479765,11.294014,-1.6680437,-2.891289,15.396026,765264.25,80339.28,0.1886157,0.05550462,4857457.0
12.676044,11.191446,-2.2262225,-2.1680214,15.81748,319989.8,72507.57,0.107935384,0.11440375,7403623.5
12.487593,10.92687,-2.1274545,-2.2973309,14.227687,265028.5,55651.836,0.11914018,0.10052681,1510100.6
14.746374,12.538885,-4.058467,-1.5231504,16.012383,2536698.8,278977.12,0.017275484,0.21802393,8996827.0
14.669138,11.48081,-2.3019319,-2.7173164,14.965842,2348149.0,96839.49,0.10006534,0.066051774,3159240.5
14.23661,11.547779,-3.8674984,-2.0112886,14.80365,1523636.4,103546.81,0.020910613,0.13381612,2686231.8
13.793967,10.898952,-1.7411067,-3.9449172,14.970567,978687.06,54119.59,0.17532626,0.019352818,3174201.8
15.0792465,12.147962,-3.97928,-3.5945632,16.545387,3538617.0,188709.03,0.018699098,0.027472679,15330997.0
14.815961,12.432486,-4.3309827,-1.094554,15.646254,2719506.2,250818.69,0.013154615,0.33468887,6238520.5
14.329087,11.542569,-3.154109,-3.4183545,15.186737,1671258.1,103008.74,0.042676408,0.03276631,3940180.2
13.676731,11.927613,-3.3004549,-1.1617736,16.467451,870420.0,151389.8,0.036866397,0.31293067,14181532.0
13.200827,10.7773695,-2.4889693,-3.3074563,14.975815,540811.8,47923.895,0.08299547,0.03660918,3190904.0
12.458815,11.045116,-2.2048361,-2.1648192,14.520442,257510.2,62637.312,0.11026859,0.11477068,2023708.0
13.265395,11.865945,-2.3701317,-1.3755809,15.238403,576883.25,142335.88,0.09346841,0.25269276,4149105.5
13.608975,10.995859,-2.9840035,-1.6105316,14.32958,813397.7,59626.723,0.05058989,0.19978139,1672082.4
13.647703,10.803537,-3.3805904,-2.7895868,14.275573,845516.7,49194.51,0.034027357,0.0614466,1584172.5
13.576112,12.958956,-2.936484,-2.703014,16.332245,787100.94,424622.47,0.053051926,0.067003265,12388075.0
14.011383,11.496021,-1.4652739,-3.3023798,16.00538,1216371.8,98323.79,0.23101471,0.036795497,8934052.0
14.262541,11.702473,-3.3885357,-3.044718,15.78203,1563661.6,120870.22,0.03375807,0.047609735,7145762.5
12.213984,10.978374,-2.2106583,-1.2455027,14.085321,201588.45,58593.176,0.109628454,0.2877962,1309716.8
12.892218,10.798275,-1.6576585,-2.6516693,14.705756,397208.9,48936.312,0.19058472,0.07053337,2435727.8
12.518003,10.733617,-3.841305,-3.2362304,15.219524,273212.03,45872.305,0.02146557,0.039311808,4071509.5
14.07718,11.308894,-3.5124686,-3.7833927,16.88625,1299096.9,81543.69,0.029823203,0.022745393,21557828.0
12.599647,12.179014,-2.0841882,-1.1015332,15.181659,296453.78,194660.88,0.12440807,0.33236113,3920221.8
14.631724,11.913019,-2.6002443,-2.9908576,16.187134,2261919.5,149196.45,0.07425544,0.050244328,10714771.0
14.687104,11.726792,-1.940279,-1.7786889,15.094535,2390717.8,123845.77,0.14366387,0.16885939,3593132.2
14.365686,12.43496,-4.567991,-1.0486722,15.701275,1733557.9,251440.17,0.010378792,0.3504027,6591390.5
13.607712,11.067868,-4.0321445,-2.5372334,14.621235,812370.5,64078.76,0.017736252,0.079084896,2238317.2
13.091919,11.115087,-3.5933654,-2.0613093,14.606254,485007.16,67177.02,0.027505606,0.1272872,2205034.2
14.24435,11.786047,-2.8469284,-2.8847961,16.772938,1535475.1,131405.98,0.05802227,0.055866178,19248386.0
12.739796,11.726912,-3.7331164,-1.5521973,15.079573,341053.84,123860.54,0.023918182,0.2117821,3539771.2
12.752055,11.886791,-2.0258803,-1.4310197,15.174644,345260.75,145334.2,0.13187769,0.23906504,3892820.2
14.24363,11.34891,-3.3655903,-3.5357604,15.270134,1534370.0,84872.914,0.034541618,0.029136593,4282870.5
13.568113,11.414115,-2.1410248,-2.4585223,14.810691,780830.44,90591.44,0.11753433,0.08556129,2705212.0
14.785719,11.713015,-2.527104,-3.0676117,15.261779,2638494.2,122151.164,0.07989006,0.046532154,4247235.5
14.469155,11.785227,-2.168458,-2.9780483,15.859654,1922535.2,131298.27,0.11435381,0.050892062,7722544.0
13.835087,12.506527,-1.8208731,-2.4226093,16.687008,1019769.1,270094.44,0.16188434,0.08868989,17663446.0
14.028344,12.193565,-3.4496608,-1.9329866,15.652475,1237178.8,197514.12,0.03175641,0.14471534,6277456.0
12.96402,10.94493,-2.9044328,-2.1941817,14.041369,426778.22,56666.023,0.054779854,0.111449726,1253398.8
14.803185,12.000713,-2.3545947,-3.5618913,16.218893,2684984.2,162870.94,0.094931975,0.028385088,11060525.0
13.570545,10.93488,-4.2818165,-2.742056,14.708792,782731.6,56099.39,0.01381754,0.06443773,2443132.8
14.540596,12.003194,-3.344298,-2.9470232,15.499671,2064907.5,163275.44,0.03528498,0.052495744,5387925.5
13.872859,11.61296,-3.700229,-1.8267238,15.0536995,1059024.8,110520.89,0.024717867,0.16093998,3449360.8
12.586392,11.078475,-1.6329532,-1.9456016,14.457315,292550.44,64762.047,0.19535181,0.14290123,1899906.9
14.078092,11.559864,-3.5690005,-1.3881019,14.540865,1300281.9,104805.766,0.02818401,0.24954851,2065463.0
13.395076,10.986932,-3.798239,-1.5301638,14.63903,656761.25,59096.785,0.0224102,0.21650021,2278505.8
13.23446,10.329348,-2.865324,-3.2049153,15.51488,559310.4,30618.13,0.05696467,0.04056234,5470498.0
14.668374,12.487166,-2.704024,-2.7640183,16.474771,2346356.0,264915.56,0.066935614,0.063037954,14285727.0
14.535684,11.349076,-4.600048,-4.0100226,15.137811,2054788.8,84887.0,0.010051353,0.018132985,3752041.8
13.526145,11.3898535,-3.0689335,-3.271565,16.447193,748738.44,88420.0,0.04647069,0.037946995,13897133.0
12.653269,10.710872,-2.7647538,-1.556074,14.153232,312784.22,44840.71,0.062991604,0.21096268,1401749.5
12.660259,11.521673,-1.7355306,-2.8974693,16.014336,314978.38,100878.61,0.17630662,0.055162646,9014416.0
12.336528,12.071366,-3.6027884,-1.7217673,16.316301,227869.38,174794.5,0.027247638,0.17874996,12192132.0
13.313957,11.12726,-3.7902443,-1.4635935,14.704615,605589.25,67999.81,0.022590082,0.23140323,2432949.0
13.855535,10.981863,-4.4627056,-2.9681363,14.399882,1040835.75,58797.996,0.011531122,0.05139901,1793863.6
14.161987,11.481664,-1.5631081,-2.7827172,15.509833,1414076.6,96922.18,0.20948397,0.061870165,5442958.5
14.13597,11.591439,-1.9892983,-1.8966445,15.847884,1377760.8,108167.83,0.13679138,0.15007134,7632181.0
13.774687,11.41114,-3.8169065,-1.8741133,14.648752,959998.3,90322.37,0.02199574,0.153491,2300765.0
15.065477,12.626506,-3.9739974,-1.3906299,15.705972,3490227.2,304524.22,0.01879814,0.24891846,6622422.0
14.03164,11.217624,-2.3053274,-3.1347668,15.140492,1241263.1,74430.695,0.09972614,0.043509897,3762117.2
14.130107,11.700703,-2.7966356,-1.9557698,15.303518,1369706.4,120656.47,0.061014995,0.14145555,4428264.5
13.949747,11.357528,-1.9743453,-1.1585641,14.354406,1143663.2,85607.46,0.13885218,0.31393665,1714113.1
14.347406,11.110706,-4.0905423,-2.834266,13.945516,1702156.2,66883.414,0.016730158,0.058761645,1138834.1
13.309521,10.811404,-4.4900584,-1.3433365,14.081334,602908.5,49583.047,0.011219989,0.26097348,1304504.9
14.10653,11.371974,-2.7652066,-2.8046024,14.467809,1337790.9,86853.15,0.06296309,0.060530834,1919948.1
12.579247,11.319414,-3.1037562,-3.2188857,15.2016325,290467.66,82406.05,0.04488031,0.039999608,3999310.5
14.9083,11.581841,-3.2385342,-2.9458961,15.816578,2982583.5,107134.625,0.039221343,0.052554943,7396947.0
14.802058,12.367148,-1.5001404,-3.934713,16.713463,2681959.5,234954.8,0.22309883,0.019551313,18136968.0
13.822516,11.207438,-4.450334,-1.2548555,14.425299,1007030.5,73676.445,0.011674666,0.28511703,1840041.5
14.793327,11.778169,-1.6546922,-3.8056188,15.183908,2658645.5,130374.805,0.19115089,0.022245428,3929051.0
13.000202,10.492045,-3.6042378,-3.4960191,15.191107,442502.84,36027.773,0.027208176,0.030317836,3957435.5
12.8472595,10.734073,-3.5936732,-2.9350712,14.726146,379746.62,45893.22,0.02749714,0.053126935,2485901.0
12.51095,10.184379,-2.040592,-2.6819549,13.913094,271291.75,26486.188,0.12995176,0.068429254,1102503.0
14.01762,11.288604,-3.6859353,-2.900693,15.000339,1223982.1,79905.805,0.025073713,0.054985106,3270124.2
14.237877,11.687896,-3.8330708,-3.2557487,16.054203,1525567.2,119121.086,0.021643054,0.038551945,9381057.0
14.207812,11.449815,-3.4810789,-3.406303,15.774265,1480384.4,93883.95,0.030774193,0.03316358,7090492.0
12.223581,10.822664,-1.9518328,-1.821026,15.884445,203532.56,50144.508,0.14201355,0.1618596,7916385.0
14.612138,11.724299,-2.382682,-3.5856962,15.837202,2218047.2,123537.42,0.09230268,0.027717363,7551087.0
14.297388,11.744847,-2.150909,-1.478848,15.112986,1619111.5,126102.12,0.11637833,0.22790009,3660043.5
13.916958,11.328206,-2.8335547,-2.9442134,15.395905,1106771.6,83133.75,0.05880345,0.05264345,4856869.0
12.42442,10.158011,-2.0461454,-3.0289857,14.22378,248803.9,25796.947,0.12923208,0.04836467,1504211.9
14.867949,12.480353,-2.0923045,-1.2827911,15.86137,2864626.5,263116.8,0.12340243,0.27726233,7735805.0
14.059299,11.380054,-2.2662516,-3.456891,15.762452,1276074.9,87557.805,0.10370017,0.031527627,7007223.5
13.675455,11.777849,-4.148565,-2.342804,15.491301,869310.0,130333.16,0.015787058,0.09605792,5343014.5
14.609649,11.534545,-4.5551186,-2.6456552,14.953558,2212533.2,102185.484,0.0105132535,0.07095885,3120669.0
13.452827,10.276902,-2.3805962,-3.9360964,16.710344,695806.9,29053.73,0.09249542,0.01952428,18080496.0
13.246845,10.751764,-4.366438,-2.7692342,14.425414,566280.75,46712.37,0.012696385,0.06271001,1840253.9
14.105853,11.323984,-2.4801369,-1.6115754,14.335709,1336885.4,82783.51,0.08373176,0.19957297,1682360.9
14.204822,11.474136,-2.81308,-2.1158717,14.524609,1475963.5,96195.35,0.060019843,0.120528184,2032157.5
14.106257,11.380038,-2.3312023,-2.9715912,16.17266,1337426.0,87556.38,0.09717884,0.05122174,10560813.0
13.39027,10.800597,-3.4346163,-2.1363304,14.212641,653612.7,49050.086,0.032237776,0.11808739,1487549.6
13.462218,11.716829,-2.2937737,-2.2702415,15.226548,702371.9,122618.02,0.10088504,0.103287235,4100207.8
15.145064,11.939342,-2.3114946,-2.9137974,15.3303585,3779356.8,153175.8,0.09911301,0.054269258,4548729.5
13.638339,10.831338,-2.6214018,-2.600779,14.134947,837636.1,50581.336,0.07270088,0.07421574,1376351.6
14.18232,11.57022,-4.091959,-3.3088267,16.894287,1443122.4,105896.766,0.016706474,0.036559045,21731798.0
14.078575,11.661267,-3.0510092,-3.0190666,16.125332,1300910.8,115990.93,0.047311153,0.048846792,10072625.0
13.3610935,10.7041855,-2.4196463,-3.4159236,16.63342,634817.94,44541.895,0.08895308,0.032846056,16741830.0
13.225165,10.844784,-3.4530356,-2.2627983,14.279999,554136.0,51266.04,0.031649414,0.10405889,1591199.6
13.505706,12.53566,-1.7452759,-2.0814164,15.786274,733590.2,278078.78,0.17459682,0.12475339,7176152.5
13.723644,11.278231,-3.3447316,-3.4163787,15.5544615,912227.1,79081.22,0.03526968,0.03283111,5691369.5
14.053913,11.277722,-2.9375174,-3.92863,16.436924,1269220.0,79041.03,0.052997135,0.0196706,13755152.0
15.084658,12.512995,-3.7472146,-2.7070215,16.671192,3557816.8,271847.03,0.023583345,0.06673528,17386284.0
14.575772,12.231176,-3.9110227,-1.9650643,15.5593195,2138836.0,205084.3,0.020020017,0.14014688,5719085.5
14.400502,12.338982,-3.0329907,-2.3998122,15.903476,1794976.0,228429.2,0.048171356,0.09073499,8068480.5
12.735494,11.050978,-2.0271168,-3.42199,14.9017725,339589.78,63005.527,0.13171473,0.032647405,2963176.8
12.858332,10.836203,-1.5239785,-2.756741,14.634831,383974.6,50827.996,0.21784347,0.06349837,2268958.5
12.563273,11.281854,-2.7088299,-1.37573,14.552745,285864.56,79368.25,0.06661471,0.2526551,2090146.8
13.228719,10.790621,-4.1705055,-2.2619882,14.413747,556108.56,48563.176,0.015444451,0.104143225,1818907.9
12.828852,10.069906,-4.0757318,-2.238151,14.687578,372820.25,23621.35,0.016979786,0.10665552,2391851.2
14.496048,11.562084,-1.6646973,-3.2241938,15.349342,1974938.8,105038.7,0.18924794,0.039787844,4635906.5
14.838516,12.291606,-2.1422443,-2.9173534,15.764981,2781542.8,217859.56,0.11739108,0.05407662,7024968.5
14.11078,11.681164,-4.422282,-1.0147696,14.69151,1343488.0,118321.86,0.012006799,0.36248595,2401274.5
13.454435,10.9296465,-3.331328,-1.9505491,14.273127,696926.56,55806.547,0.035745606,0.14219597,1580302.1
13.564031,11.260967,-1.4480104,-3.419929,15.42323,777649.06,77727.72,0.23503745,0.032714758,4991416.0
14.312077,12.175386,-3.9855502,-1.052173,15.069173,1643069.2,193955.97,0.018582217,0.34917817,3503149.0
14.652597,11.630039,-1.8222306,-2.9021313,15.053464,2309629.0,112424.734,0.16166474,0.054906074,3448548.2
14.90897,12.084524,-4.046673,-2.192963,15.311907,2984580.8,177109.62,0.017480439,0.11158564,4465567.5
12.929189,11.189998,-4.456395,-1.2215238,14.57061,412169.0,72402.61,0.011604119,0.29478064,2127823.2
12.557692,10.591084,-3.657499,-2.9382503,16.411362,284273.34,39778.566,0.025796948,0.05295831,13407995.0
13.040269,11.270805,-2.874604,-2.323549,14.766205,460592.47,78496.19,0.056438487,0.097925425,2587505.5
13.317325,12.1913,-3.8017979,-2.0739696,15.83891,607631.94,197067.27,0.022330588,0.12568587,7563995.5
12.271878,11.670255,-2.3866825,-1.3827581,15.039087,213603.81,117038.086,0.09193417,0.2508856,3399324.5
13.653534,10.916813,-3.3517478,-2.9589853,15.26532,850461.06,55094.926,0.03502309,0.051871523,4262301.5
14.711247,11.555108,-3.124662,-2.3700619,14.641455,2449139.8,104308.49,0.04395179,0.09347494,2284036.2
14.173398,11.507842,-2.5188498,-3.4074638,16.276588,1430304.6,99492.95,0.0805522,0.033125106,11717435.0
13.23356,11.784587,-3.309512,-2.2220657,15.987483,558807.1,131214.27,0.036534,0.10838499,8775577.0
15.049273,11.795961,-3.1297507,-3.1622765,15.342719,3434124.2,132715.28,0.043728698,0.042329267,4605303.5
13.201502,12.483255,-3.3956795,-2.2254033,15.990701,541177.06,263881.5,0.03351777,0.108023845,8803859.0
12.206397,10.361207,-2.8651283,-1.3531795,14.595703,200064.89,31609.31,0.056975823,0.25841734,2181892.5
13.43172,12.671637,-3.9896717,-0.93097496,15.609172,681273.94,318582.44,0.01850579,0.3941692,6011422.0
14.17303,12.311938,-2.7145064,-2.4919791,16.17839,1429778.2,222334.5,0.06623764,0.08274604,10621497.0
12.791573,10.961038,-4.2996006,-2.159932,14.565876,359177.72,57586.164,0.013573979,0.115332976,2117773.8
13.626652,10.749333,-3.2001162,-2.5675533,13.943747,827903.4,46598.953,0.04075747,0.07672304,1136821.2
13.503189,11.530213,-2.1737442,-2.878034,15.239392,731746.25,101743.82,0.11375091,0.056245226,4153210.8
14.205101,12.245042,-2.6055453,-2.4193885,16.398123,1476376.0,207947.69,0.07386285,0.088976,13231657.0
13.871492,11.317748,-3.201659,-1.310992,14.514013,1057578.5,82268.87,0.040694635,0.26955253,2010739.9
13.30396,10.68399,-3.2663617,-2.881948,14.121568,599565.1,43651.35,0.038144957,0.05602552,1358060.0
13.089845,11.329527,-2.928513,-2.2991412,16.697596,484002.2,83243.63,0.053476498,0.100344986,17851456.0
14.611777,11.701107,-2.9427347,-1.0932131,14.538014,2217248.0,120705.266,0.052721355,0.33513793,2059583.6
12.595882,10.702371,-2.2539296,-2.3074896,14.048225,295339.97,44461.133,0.104985856,0.099510744,1262021.5
12.232154,10.433218,-2.784879,-1.3387686,13.954813,205284.88,33969.49,0.06173656,0.26216832,1149471.8
13.252673,11.035348,-3.7607627,-2.339993,15.195931,569590.6,62028.418,0.02326599,0.09632831,3976575.0
15.225998,12.988078,-4.114551,-2.5539432,16.727268,4097952.2,437170.3,0.01633327,0.07777438,18389092.0
12.428379,10.71794,-2.0536487,-2.174307,14.343919,249790.8,45158.793,0.12826604,0.1136869,1696230.1
13.699265,11.240461,-3.5788774,-3.2954583,16.709343,890256.2,76150.08,0.027907008,0.03705106,18062400.0
12.2905,10.462566,-3.8664565,-1.183348,14.609391,217618.69,34981.21,0.020932412,0.3062517,2211963.8
14.17252,11.692074,-2.765492,-3.3934565,15.428042,1429048.9,119619.82,0.06294513,0.033592366,5015493.5
13.043966,10.854169,-4.1394134,-3.1045887,15.585926,462298.6,51749.44,0.015932195,0.04484296,5873293.0
13.467001,11.198579,-3.6069052,-1.3405424,14.182389,705739.1,73026.586,0.027135696,0.26170367,1443222.9
13.543485,11.455073,-1.9445943,-2.8368633,16.022165,761834.56,94378.95,0.14304525,0.058609217,9085273.0
12.845391,10.408082,-3.7243683,-3.6357481,14.391608,379037.8,33126.273,0.024128336,0.026364204,1779082.4
14.829247,12.764157,-2.019889,-2.820002,16.554968,2755880.2,349464.5,0.13267018,0.05960582,15478583.0
13.561051,10.905217,-3.7734885,-3.8620396,14.134228,775335.7,54459.75,0.022971787,0.021025075,1375362.2
14.15137,12.631831,-2.1488202,-2.7692554,16.823711,1399142.4,306150.22,0.11662167,0.06270868,20250932.0
14.7238035,12.395486,-2.5870528,-1.3450408,16.092966,2480085.2,241708.05,0.07524146,0.26052907,9751835.0
13.7521105,10.822264,-3.1985896,-3.7792506,14.870192,938567.9,50124.426,0.040819738,0.022839801,2871059.2
14.121977,11.513917,-3.72093,-1.378693,14.607999,1358615.6,100099.2,0.024211438,0.2519076,2208886.0
12.684357,11.101791,-2.2975829,-2.168304,15.459822,322660.72,66289.805,0.10050148,0.114371434,5177442.0
12.31983,11.341844,-1.7242776,-1.2546772,15.5596075,224096.03,84275.26,0.17830181,0.2851679,5720733.0
12.383847,10.189635,-1.7541643,-2.2821388,13.891432,238911.2,26625.781,0.17305179,0.102065675,1078877.6
12.604445,10.397443,-3.888699,-2.8121474,14.13379,297879.84,32775.703,0.020471962,0.06007585,1374760.4
12.595917,10.609059,-3.29726,-3.1803513,17.008951,295350.12,40500.086,0.036984365,0.04157105,24372138.0
14.657052,11.761182,-3.19078,-3.7808843,16.523695,2319940.2,128178.85,0.041139774,0.022802519,15002014.0
14.139335,12.056071,-3.8241506,-1.2245911,15.12747,1382404.1,172141.36,0.021836977,0.29387784,3713443.0
13.139358,12.240249,-3.3036382,-2.1790574,16.727158,508569.72,206953.34,0.03674922,0.11314814,18387058.0
12.279271,10.755348,-3.0630033,-2.2305899,14.115353,215188.81,46880.082,0.04674709,0.10746502,1349645.6
14.878379,11.778383,-2.3861003,-2.9165173,15.054727,2894662.0,130402.78,0.09198771,0.054121852,3452905.5
12.762382,11.065099,-1.4611734,-3.3615735,14.813501,348844.5,63901.543,0.23196392,0.034680646,2712825.8
14.697635,11.935807,-4.16443,-2.67925,15.277077,2416026.2,152635.38,0.015538567,0.068614595,4312708.5
14.138242,10.870455,-4.417467,-3.8108008,14.51322,1380894.1,52599.125,0.012064752,0.02213045,2009145.0
12.29689,11.12124,-1.7875136,-1.2812109,14.355619,219013.86,67591.65,0.16737582,0.27770084,1716193.8
13.509215,11.062739,-3.0791261,-1.9514475,14.683466,736169.25,63750.95,0.045999438,0.14206828,2382035.5
14.552241,11.416903,-2.3164573,-3.8411243,15.092907,2089094.6,90844.32,0.09862236,0.02146945,3587287.8
14.280767,12.208098,-3.0213308,-1.3672099,15.41357,1592423.2,200405.56,0.048736315,0.25481692,4943432.0
12.372357,10.133228,-3.0996735,-3.0660765,15.68875,236181.86,25165.475,0.045063913,0.046603646,6509350.5
12.663354,11.910318,-4.592149,-1.2699888,15.280055,315954.62,148794.05,0.010131066,0.28083476,4325572.5
15.127248,12.509636,-2.4420974,-3.3124928,16.480854,3712617.8,270935.47,0.08697823,0.03642526,14372885.0
12.350517,10.758503,-2.7733607,-1.7595154,16.410572,231079.55,47028.21,0.06245177,0.17212826,13397411.0
14.85,12.576594,-4.1846113,-1.2166225,16.203169,2813670.5,289698.03,0.015228123,0.296229,10887968.0
13.798953,10.772339,-1.9507926,-4.054398,14.891093,983578.8,47683.414,0.14216135,0.017345918,2931700.8
12.925073,11.850942,-2.2424276,-1.8446399,16.289038,410475.97,140216.33,0.10620038,0.15808223,11864220.0
13.109557,10.6255455,-3.371745,-3.470517,15.006663,493637.72,41173.31,0.034329675,0.03110095,3290872.5
13.81016,11.093025,-2.3359895,-4.003858,15.352988,994663.44,65711.234,0.096714735,0.018245112,4652839.5
14.460974,11.839589,-1.8329275,-3.928243,15.51754,1906870.0,138633.52,0.15994465,0.019678218,5485067.5
14.027397,11.84279,-3.3903491,-0.96360755,14.856298,1236007.8,139077.92,0.03369691,0.38151407,2831447.0
14.447526,11.710608,-3.056963,-1.2387611,14.698201,1881398.6,121857.49,0.04703031,0.28974298,2417395.2
13.960294,10.900227,-3.191845,-3.5792115,14.7849045,1155789.0,54188.64,0.041095983,0.027897688,2636346.2
13.976998,11.444532,-2.053616,-1.1295509,14.468195,1175258.1,93389.33,0.12827024,0.32317835,1920689.9
13.547554,10.865098,-3.9543478,-2.511577,14.501704,764941.0,52318.117,0.019171167,0.08114019,1986141.2
12.431339,11.1413765,-2.2821794,-1.8888481,14.449825,250531.33,68966.52,0.10206153,0.15124594,1885729.5
14.15555,12.117494,-4.0279527,-1.8010942,16.079046,1405003.0,183046.16,0.017810756,0.16511813,9617032.0
13.49206,10.550782,-3.6110246,-3.9493568,14.881475,723647.5,38207.312,0.027024142,0.01926709,2903639.2
14.785548,12.173133,-3.525523,-1.7957634,15.560086,2638043.8,193519.38,0.02943641,0.16600068,5723472.5
13.582124,10.808017,-2.5111146,-2.9865396,14.1086645,791847.25,49415.37,0.08117771,0.050461754,1340649.1
14.393076,11.832803,-2.185353,-1.1176012,14.907858,1781695.4,137695.88,0.11243803,0.32706344,2981264.0
14.430835,11.603933,-1.5163586,-3.6056826,15.229276,1850256.4,109527.766,0.21950975,0.027168892,4111406.2
13.438245,12.380039,-1.5149214,-1.9729364,15.616895,685733.8,238003.16,0.21982546,0.13904795,6058027.0
12.991368,10.52366,-3.4595919,-3.3609633,14.319171,438611.03,37184.96,0.031442594,0.034701813,1654767.2
13.580651,11.127633,-3.0215015,-3.035618,14.894133,790682.1,68025.17,0.048727997,0.048044957,2940624.8
14.156771,12.081793,-1.5767088,-2.7065065,15.510512,1406719.1,176626.53,0.20665412,0.06676966,5446655.5
14.001976,11.625985,-4.052082,-1.559989,15.971075,1204983.0,111969.875,0.017386138,0.21013838,8632762.0
13.7763605,11.68327,-3.2927682,-2.7072499,15.535563,961606.44,118571.38,0.037150864,0.066720046,5584824.0
13.961231,10.931107,-2.65661,-3.262744,14.210471,1156873.0,55888.09,0.07018575,0.038283207,1484325.8
12.398967,11.30077,-2.1497097,-3.1037621,16.804783,242550.88,80883.875,0.116517976,0.04488004,19871218.0
12.265907,10.74,-3.4207332,-2.9297838,16.628439,212332.2,46166.043,0.032688458,0.05340858,16658630.0
12.632532,10.624471,-3.5782235,-2.3360453,14.39474,306364.88,41129.082,0.027925264,0.09670934,1784662.9
13.689165,11.599899,-2.296279,-1.2434933,14.186975,881310.4,109086.81,0.10063261,0.28837508,1449855.6
12.42685,11.957373,-1.9031982,-2.8138516,16.68151,249409.23,155962.78,0.14909102,0.059973553,17566618.0
14.090222,11.58861,-3.216942,-2.9135613,15.819122,1316151.2,107862.195,0.040077426,0.05428207,7415792.0
13.645909,11.52803,-1.7718542,-3.367781,15.806548,844001.3,101521.96,0.17001745,0.034466036,7323128.0
12.745277,11.759374,-1.8545827,-2.8955288,15.137802,342928.56,127947.29,0.15651825,0.055269793,3752009.5
14.639464,11.324606,-3.327685,-3.9145749,14.887485,2279494.8,82835.0,0.035876058,0.019949028,2921140.0
13.963963,11.425349,-2.4726992,-2.9599605,14.923593,1160037.1,91614.91,0.08435686,0.051820967,3028544.0
13.69169,12.387078,-2.274876,-1.813821,15.73502,883538.75,239684.39,0.102809645,0.16303001,6817611.0
13.603927,11.5746,-2.1558912,-3.1168985,15.297732,809301.4,106361.63,0.11579995,0.04429433,4402717.0
13.995885,11.779932,-3.3405988,-2.5063653,16.41649,1197665.6,130604.9,0.035415743,0.081564166,13476939.0
15.289603,12.628893,-2.3408718,-1.9140977,16.269041,4367071.5,305252.0,0.096243694,0.14747484,11629332.0
13.39578,11.128563,-3.7482772,-1.84676,14.580791,657223.6,68088.45,0.023558298,0.15774743,2149598.2
12.397914,11.054297,-2.1870856,-3.6765,16.952194,242295.64,63215.035,0.11224339,0.025311409,23027374.0
13.986757,11.466536,-4.391876,-3.0777469,16.975637,1186783.5,95466.97,0.012377485,0.046062924,23573586.0
12.250869,10.477173,-3.7642443,-2.0807319,14.094968,209162.94,35495.914,0.023185126,0.124838814,1322411.9
12.881749,10.581881,-4.215996,-2.9518557,14.291133,393072.4,39414.164,0.014757619,0.05224267,1609015.2
13.616276,10.783352,-4.5658736,-3.0482984,14.314928,819357.5,48211.453,0.010400789,0.047439583,1647761.1
14.931903,12.473388,-3.1468234,-2.7894464,16.48178,3053817.2,261290.4,0.042988468,0.061455227,14386187.0
12.38795,10.033957,-4.39962,-2.6580803,15.73778,239893.4,22787.252,0.0122820055,0.07008263,6836453.0
13.996182,11.4463825,-2.497224,-1.9283941,15.367994,1198022.0,93562.27,0.08231317,0.14538148,4723187.0
14.403427,11.851498,-4.3682985,-2.9972672,16.893793,1800233.9,140294.3,0.012672785,0.049923312,21721066.0
14.757077,12.361455,-2.3664691,-2.9594257,16.118605,2563995.2,233620.89,0.09381138,0.051848687,10005091.0
13.665378,10.950651,-2.565238,-4.048508,15.006464,860593.56,56991.145,0.07690088,0.017448386,3290216.8
13.189328,11.083673,-1.9629995,-1.1817154,14.04512,534628.94,65099.523,0.14043656,0.3067521,1258108.9
14.832862,11.751194,-4.0458198,-2.797117,15.191472,2765859.2,126904.99,0.017495357,0.060985632,3958881.2
14.320281,11.47787,-4.362862,-3.0864031,14.754152,1656605.2,96555.19,0.0127418665,0.045665912,2556506.8
14.00046,11.143019,-2.2218776,-2.7941988,14.560528,1203157.2,69079.875,0.10840538,0.06116386,2106477.8
14.751374,11.658731,-3.5577388,-3.4639401,14.873277,2549414.5,115697.17,0.028503204,0.031306166,2879930.5
12.2274,10.146074,-2.264623,-3.4141777,15.761133,204311.25,25490.836,0.10386919,0.032903455,6997987.5
13.076032,10.801785,-3.7228358,-2.1425087,13.926492,477362.62,49108.406,0.024165343,0.11736005,1117373.9
13.4353075,11.635534,-3.4200103,-1.721637,15.879336,683722.56,113044.21,0.0327121,0.17877325,7876044.5
13.16619,11.290958,-3.0575266,-2.0341835,14.558386,522400.7,80094.17,0.047003813,0.13078722,2101970.5
15.29472,12.798461,-3.1433246,-2.5068471,16.635185,4389473.0,361660.4,0.043139137,0.08152487,16771394.0
12.499583,10.156003,-2.808992,-2.836016,14.036946,268225.47,25745.188,0.060265716,0.0586589,1247867.0
15.105672,12.306144,-3.3329244,-3.6436555,16.514896,3633372.8,221049.9,0.035688587,0.026156552,14870596.0
15.04464,11.993091,-2.7905865,-3.254365,15.515054,3418251.0,161634.14,0.061385203,0.03860533,5471447.5
14.568793,11.619238,-4.450129,-2.3164654,15.215175,2123961.0,111216.93,0.01167706,0.09862156,4053838.2
12.427523,10.659387,-2.1507134,-1.8804386,14.100937,249576.97,42590.504,0.116401084,0.1525232,1330329.1
15.094696,13.055879,-1.8636701,-2.6446345,16.460665,3593711.5,467838.6,0.15510234,0.07103131,14085617.0
13.117883,10.845156,-3.6188207,-2.4019775,14.843411,497764.7,51285.11,0.02681428,0.09053873,2795192.2
13.372036,11.653029,-1.8690056,-1.9045687,14.527809,641802.56,115039.34,0.15427701,0.14888684,2038672.0
13.733748,11.400713,-2.2348974,-1.4587494,14.675648,921491.1,89385.43,0.10700311,0.23252688,2363485.0
13.669641,10.72332,-3.2563615,-3.9721887,16.548674,864270.06,45402.39,0.03852833,0.01883217,15381463.0
13.0496025,11.37931,-1.7297536,-2.294571,15.412623,464911.56,87492.62,0.1773281,0.100804634,4938753.0
13.197892,10.758692,-2.8595173,-2.8817313,15.030676,539227.1,47037.094,0.05729641,0.05603766,3370851.2
14.485386,11.997481,-1.8396696,-3.2442515,15.394372,1953993.8,162345.39,0.1588699,0.038997743,4849431.0
12.376661,10.157723,-2.923284,-2.4834726,15.695534,237200.56,25789.518,0.053756855,0.083452925,6553657.0
15.108921,11.96314,-2.6844895,-2.308928,15.235646,3645197.2,156864.8,0.06825603,0.099367715,4137681.8
13.994932,11.316583,-3.2911937,-3.1978648,16.187826,1196525.1,82173.055,0.037209406,0.04084933,10722192.0
13.663877,11.998681,-2.0441754,-2.1694736,15.51611,859302.7,162540.27,0.12948692,0.11423773,5477232.0
12.572708,10.874624,-4.473315,-1.2817553,14.271785,288574.38,52818.895,0.011409434,0.27754968,1578183.0
12.673616,11.106943,-2.4952955,-2.77331,15.674803,319213.8,66632.195,0.08247208,0.06245494,6419192.0
14.453513,11.852382,-3.3530388,-2.8134902,15.939847,1892696.6,140418.39,0.0349779,0.059995234,8367343.5
14.211413,12.092903,-1.9238997,-2.6267133,15.483281,1485724.9,178599.86,0.14603636,0.07231575,5300338.0
15.091141,12.52329,-2.4736829,-2.8352442,16.348045,3580957.5,274660.12,0.08427392,0.05870419,12585367.0
14.822994,12.124108,-4.4260716,-3.013151,16.222132,2738700.8,184260.97,0.011961387,0.04913661,11096405.0
13.826021,11.057036,-3.6429663,-2.4878724,14.388796,1010566.06,63388.414,0.026174588,0.08308656,1774085.9
14.640016,12.63304,-4.0250535,-2.853074,16.15669,2280751.5,306520.66,0.017862469,0.057666775,10393494.0
13.649696,11.407968,-1.9391024,-1.3611984,14.60491,847203.6,90036.24,0.143833,0.25635338,2202073.2
13.623339,10.787238,-4.1855164,-1.7978412,15.7411585,825165.06,48399.18,0.015214348,0.16565612,6859591.5
14.84978,12.341052,-3.9322164,-3.1247663,15.804818,2813050.5,228902.64,0.019600183,0.0439472,7310470.0
12.522174,10.682824,-3.7783833,-2.848297,13.961444,274353.8,43600.51,0.02285962,0.05794291,1157119.0
14.339128,11.500998,-1.6180419,-2.6321857,14.299097,1688122.5,98814.3,0.1982866,0.071921095,1621880.9
14.11116,11.836376,-4.487538,-2.848357,15.488024,1343999.2,138188.81,0.0112483045,0.05793944,5325535.0
13.97723,11.179203,-3.0483563,-2.482318,14.239895,1175530.5,71625.26,0.047436833,0.08354934,1528649.0
15.300757,12.322346,-3.7448661,-3.2044456,16.383898,4416055.5,224660.52,0.023638792,0.040581394,13044769.0
13.972099,11.217366,-3.2694726,-3.4763596,16.0216,1169514.5,74411.53,0.03802648,0.030919766,9080145.0
13.223056,10.596313,-3.4442265,-3.7249997,14.806225,552968.25,39987.152,0.03192945,0.02411311,2693157.5
13.532862,11.814387,-3.0545304,-1.0625799,15.191332,753784.44,135183.36,0.047144856,0.34556314,3958326.5
12.295332,12.606896,-1.6766074,-0.96196645,15.405671,218672.83,298610.8,0.18700735,0.3821407,4904536.5
13.256411,12.023947,-1.4008081,-2.0004606,15.477457,571723.44,166699.28,0.24639776,0.13527296,5269558.0
13.4455805,11.749077,-3.396194,-1.7000958,14.973391,690782.6,126636.6,0.03350053,0.18266603,3183177.8
12.297169,10.657527,-2.6272345,-1.8930174,14.625137,219074.84,42511.375,0.072278075,0.15061665,2247069.2
13.760642,12.140505,-3.443905,-2.1011097,15.629055,946609.6,187307.11,0.03193971,0.12232061,6132144.0
15.210799,11.786021,-2.399562,-2.4584796,14.944252,4036139.5,131402.61,0.090757705,0.08556494,3091763.0
14.110594,12.109114,-3.39512,-1.3971428,15.620259,1343238.1,181518.66,0.03353653,0.24730256,6078444.0
14.120162,11.797802,-2.485985,-3.1026824,16.337187,1356152.2,132959.78,0.08324352,0.044928525,12449448.0
14.666232,11.484369,-3.9971378,-3.0565708,14.745161,2341335.8,97184.766,0.018368138,0.04704876,2533623.5
13.010124,11.514612,-2.570007,-3.053556,16.030283,446915.22,100168.81,0.076535,0.047190815,9159324.0
12.863506,11.951157,-4.1607323,-2.2306602,16.056787,385966.7,154996.31,0.015596133,0.10745747,9405334.0
14.109269,11.616108,-4.5218287,-2.9905999,16.46278,1341460.0,110869.37,0.01086913,0.05025728,14115443.0
13.845132,11.223289,-2.1260595,-1.0790209,13.987134,1030064.4,74853.53,0.11930649,0.3399282,1187230.6
12.36655,10.390662,-3.1486065,-2.5986247,14.1920595,234814.34,32554.217,0.04291188,0.07437579,1457246.9
14.093684,12.025221,-3.7471354,-2.0565963,16.076546,1320715.5,166911.81,0.023585211,0.12788853,9593014.0
15.059915,12.484518,-1.4626992,-2.7738998,15.792958,3470865.8,264214.9,0.23161027,0.06241811,7224281.0
12.702581,10.372039,-4.2054615,-2.7919822,14.184132,328595.03,31953.559,0.014913902,0.06129959,1445739.6
13.481369,10.967525,-2.7539759,-1.4150409,14.317929,715952.44,57960.934,0.0636742,0.24291569,1652713.9
14.576885,11.48284,-3.3531902,-3.6250615,16.827236,2141217.8,97036.22,0.034972608,0.026647458,20322438.0
14.771145,12.243862,-4.386635,-2.708833,15.79612,2600319.5,207702.52,0.01244253,0.0666145,7247156.0
13.664896,11.304805,-2.16703,-1.5371209,14.581513,860179.2,81210.91,0.11451722,0.21499921,2151150.5
14.87792,12.500412,-3.5678315,-2.8526413,15.983424,2893334.2,268447.88,0.028216975,0.057691734,8740030.0
12.700952,10.7011385,-3.0739691,-2.7695677,14.731065,328059.94,44406.383,0.046237268,0.062689096,2498159.5
14.750787,11.503169,-4.5119934,-3.7249782,15.074059,2547917.2,99029.1,0.010976558,0.024113625,3520306.2
14.746419,11.665096,-2.5059068,-3.7457023,15.293744,2536812.5,116435.914,0.08160157,0.023619037,4385192.5
12.950027,10.225782,-2.0874283,-3.9673266,14.004217,420848.2,27605.834,0.12400563,0.018923957,1207686.5
14.784614,11.418188,-4.013171,-1.3743867,14.01105,2635579.5,90961.18,0.018075982,0.25299472,1215967.0
14.072059,11.578584,-2.9371052,-2.6832812,15.051808,1292461.0,106786.17,0.053018987,0.06833855,3442843.8
13.663537,11.243262,-3.4941998,-1.3671998,14.194675,859011.0,76363.664,0.030373044,0.2548195,1461063.9
14.737433,11.593812,-1.6575212,-3.971452,14.584574,2514120.0,108424.79,0.19061087,0.018846048,2157744.0
14.898639,12.509845,-2.2965512,-1.6185367,15.685416,2953905.5,270992.06,0.10060521,0.1981885,6487684.5
12.6890955,11.369889,-1.5882676,-1.3581417,15.032619,324193.38,86672.266,0.2042792,0.2571382,3377409.2
14.986794,12.194442,-3.622967,-2.7891223,15.958547,3226132.0,197687.31,0.02670333,0.061475143,8525282.0
13.717217,11.18155,-2.1955357,-2.6366153,14.535688,906383.2,71793.555,0.111298926,0.071603216,2054798.6
13.021332,11.407462,-2.9432886,-1.4974525,14.890706,451952.25,89990.74,0.05269216,0.2236993,2930565.8
14.184521,11.30125,-2.005574,-3.2580564,14.899501,1446302.2,80922.766,0.13458303,0.038463082,2956453.2
12.972325,10.569045,-2.685431,-3.4202795,14.312034,430337.62,38911.5,0.0681918,0.03270329,1642998.8
14.744942,12.331565,-3.6267612,-2.8737576,15.8398,2533067.8,226741.28,0.026602205,0.056486275,7570728.5
13.855812,11.214621,-1.6527443,-2.3175797,14.985948,1041124.6,74207.51,0.1915236,0.09851172,3223401.0
12.6580105,11.223495,-2.851156,-2.3055546,16.329002,314270.84,74868.95,0.05777749,0.09970348,12347972.0
13.382518,11.696643,-2.0499854,-2.4516537,15.898572,648565.2,120167.62,0.12873678,0.086151,8029011.5
14.532498,11.787884,-3.8520875,-3.0761256,15.988877,2048254.1,131647.58,0.021235362,0.046137664,8787821.0
12.83776,11.327027,-2.269299,-1.3308412,14.206875,376156.28,83035.82,0.10338462,0.26425487,1478997.2
13.9901285,11.289238,-2.345506,-3.2882779,16.306911,1190791.2,79956.5,0.09579872,0.037318062,12078185.0
14.8032055,11.606806,-3.0329835,-2.6514623,15.09622,2685038.2,109842.83,0.048171703,0.070547976,3599192.2
15.139103,12.426325,-1.8721858,-2.34568,15.671861,3756893.2,249278.2,0.15378714,0.09578205,6400333.5
14.146963,11.9170265,-2.572039,-1.5318075,16.208735,1392990.0,149795.53,0.07637966,0.21614462,10948735.0
14.535586,11.352694,-3.2553918,-3.361729,14.881498,2054589.0,85194.62,0.038565706,0.034675255,2903705.8
13.82803,11.337483,-4.01644,-2.1080515,15.371463,1012597.75,83908.6,0.018016992,0.12147442,4739597.5
14.749789,11.9455185,-2.758784,-3.054622,16.086704,2545376.8,154124.89,0.063368775,0.04714054,9690962.0
12.967568,11.735995,-4.148918,-1.0915105,15.909636,428295.38,124990.78,0.01578148,0.335709,8118334.0
13.445267,10.460005,-2.5300531,-3.540182,14.7529545,690565.94,34891.72,0.07965479,0.029008044,2553446.2
14.521847,12.261678,-4.5568,-2.241958,15.311853,2026552.8,211436.02,0.010495592,0.10625027,4465329.0
15.087626,12.260772,-4.555973,-3.681595,16.593864,3568395.0,211244.55,0.010504274,0.025182774,16092509.0
13.237202,12.093286,-3.3126051,-1.738316,15.748231,560846.0,178668.17,0.03642117,0.17581622,6908278.0
15.154404,12.44537,-4.524402,-3.1265593,16.213137,3814818.8,254071.17,0.010841194,0.04386848,10997040.0
13.257423,11.065806,-4.528224,-2.9060316,15.784402,572302.75,63946.777,0.01079984,0.05469234,7162731.0
12.797263,11.090328,-3.3294306,-2.331391,14.946184,361227.47,65534.254,0.03581349,0.097160496,3097742.5
13.91365,11.550119,-2.6328807,-2.3471265,14.949379,1103116.1,103789.43,0.071871124,0.0956436,3107655.0
14.075889,11.570327,-3.8008614,-2.3586795,14.906082,1297420.5,105908.08,0.02235151,0.094544984,2975974.8
12.770659,10.84091,-4.4231124,-2.6725986,14.69397,351744.2,51067.83,0.0119968355,0.0690725,2407187.8
13.8135805,11.01242,-1.6502925,-3.7819061,14.966729,998071.8,60622.4,0.19199374,0.02277923,3162043.8
14.665068,12.27286,-4.5575137,-2.3383558,16.375694,2338611.0,213813.53,0.010488103,0.09648615,12938194.0
14.775406,11.54398,-3.0834575,-3.8264031,14.991104,2611423.0,103154.14,0.04580063,0.021787843,3240065.5
12.710844,10.78395,-2.2909536,-2.1920407,14.752129,331321.34,48240.29,0.10116994,0.11168859,2551338.2
13.524263,11.324459,-1.846547,-2.1699069,14.985644,747330.94,82822.836,0.15778105,0.114188254,3222423.8
13.129416,12.0244255,-2.1061995,-1.1047418,15.168361,503539.0,166779.11,0.12169961,0.3312964,3868435.5
12.959563,10.672825,-4.569749,-1.4676939,14.262643,424880.5,43166.71,0.010360561,0.23045632,1563821.1
14.265863,12.036556,-4.0024095,-1.8225211,15.387389,1568865.6,168814.58,0.018271562,0.16161779,4815686.5
12.453121,10.557031,-2.7720094,-3.46897,14.407548,256048.25,38446.797,0.06253622,0.031149095,1807667.6
13.568946,11.046507,-3.30382,-3.8301358,16.876295,781480.8,62724.47,0.036742546,0.021706667,21344296.0
14.500435,11.767069,-2.638939,-1.920723,14.946076,1983621.8,128935.67,0.07143703,0.146501,3097408.8
12.860725,12.357327,-2.5509777,-2.6269703,16.12678,384894.84,232658.61,0.078005366,0.07229717,10087217.0
12.449041,10.289791,-4.03095,-2.9379737,15.751982,255005.75,29430.625,0.017757451,0.052972957,6934238.0
14.826857,12.015629,-3.8277092,-2.2736416,16.114567,2749299.2,165318.44,0.021759406,0.10293664,9964774.0
14.182285,11.593265,-3.7033176,-1.2863134,14.6226845,1443072.9,108365.445,0.024641639,0.27628747,2241564.2
12.379312,10.178046,-2.9557772,-2.229782,14.227052,237830.03,26318.996,0.052038204,0.107551865,1509141.9
14.082828,12.068236,-4.2132773,-2.8314908,15.947076,1306454.5,174248.27,0.014797792,0.058924947,8428049.0
13.971966,11.116139,-1.8631917,-3.1198769,14.231147,1169358.4,67247.79,0.15517657,0.044162605,1515334.6
14.840288,12.168603,-2.3207319,-2.6236992,15.720298,2786475.8,192644.72,0.098201685,0.07253405,6717978.5
12.372636,10.2020235,-2.4141972,-2.8634686,13.868869,236247.64,26957.68,0.08943911,0.05707046,1054807.5
14.692795,11.781619,-3.9543111,-3.7694073,16.507526,2404361.2,130825.42,0.019171871,0.02306573,14761403.0
12.898854,10.526826,-3.3615277,-2.871465,14.075882,399853.8,37302.883,0.034682237,0.056615926,1297411.9
14.133651,11.776743,-4.5367007,-0.9821852,14.972801,1374569.0,130189.055,0.010708679,0.37449187,3181302.2
12.607681,11.169142,-2.1892009,-1.5630956,14.495058,298845.28,70908.23,0.11200622,0.20948659,1972984.8
13.161048,10.594043,-4.287409,-3.0884852,14.905942,519721.28,39896.457,0.013740483,0.045570932,2975557.5
12.629219,11.697335,-2.0053434,-3.2780867,16.799152,305351.56,120250.85,0.13461405,0.03770032,19759646.0
12.354194,11.536666,-4.199888,-2.620749,15.999037,231930.66,102402.45,0.014997253,0.072748356,8877555.0
12.945926,10.651111,-3.300718,-3.400929,14.908848,419125.5,42239.48,0.036856692,0.033342283,2984216.5
13.521964,11.3365755,-4.462312,-2.951536,16.158466,745614.56,83832.45,0.011535659,0.052259378,10411967.0
13.360444,11.768986,-2.6653728,-2.315582,15.192545,634405.8,129183.06,0.06957341,0.09870871,3963131.0
12.916089,11.645315,-3.1551266,-2.305996,15.138268,406804.94,114155.31,0.042633004,0.099659495,3753759.8
14.64835,11.555034,-2.1820548,-3.2335792,14.923358,2299839.2,104300.734,0.112809494,0.039416168,3027833.8
13.463877,11.004736,-3.7095149,-2.5040598,15.451427,703537.7,60158.375,0.0244894,0.08175243,5134163.5
14.016896,11.728632,-3.87997,-2.3117151,15.265348,1223096.4,124073.82,0.020651443,0.09909115,4262423.5
13.471113,11.146479,-2.558517,-1.4894015,14.51406,708647.3,69319.3,0.07741947,0.22550759,2010833.8
13.772849,11.4193535,-2.294486,-3.0970974,16.289673,958235.75,91067.25,0.100813195,0.045180153,11871758.0
14.293092,11.751413,-3.9716446,-3.3693607,16.923336,1612170.1,126932.836,0.01884242,0.03441163,22372342.0
14.318879,11.653104,-1.9881923,-3.4303782,15.246957,1654284.5,115047.9,0.13694274,0.032374695,4184747.0
14.844076,12.238669,-1.5605993,-2.1886466,15.928621,2797050.8,206626.77,0.21001017,0.112068325,8273939.5
14.383244,11.749165,-1.7991558,-2.3825865,15.118597,1764262.9,126647.71,0.16543849,0.09231151,3680639.2
13.494922,11.263695,-2.709564,-3.1489358,15.557905,725721.56,77940.016,0.06656583,0.042897753,5711003.0
12.597305,11.5449505,-2.4240441,-1.6620148,15.04926,295760.5,103254.336,0.088562734,0.18975626,3434081.8
13.788136,11.737831,-3.6043081,-1.3045437,15.109259,972996.25,125220.45,0.02720626,0.2712963,3646428.2
14.787632,12.3326,-1.9109551,-1.1246059,15.401512,2643546.5,226976.02,0.14793903,0.32478043,4884181.0
14.7030735,11.856652,-3.2192647,-2.8123002,15.073772,2429202.2,141019.33,0.039984446,0.060066666,3519299.2
13.669389,10.989924,-3.5341935,-3.2126448,15.541109,864052.44,59273.906,0.029182283,0.04025002,5615881.5
14.397268,11.501308,-1.6418142,-3.9854639,15.0130005,1789180.6,98845.016,0.19362843,0.018583823,3311793.8
12.797533,10.6142645,-4.4692597,-1.5780563,14.141369,361324.97,40711.44,0.011455793,0.20637584,1385219.1
12.996739,11.2125025,-3.2611282,-3.0571709,16.106682,440973.2,74050.49,0.038345113,0.047020536,9886511.0
14.69529,12.070036,-2.9051654,-3.2710152,16.544434,2410367.0,174562.12,0.054739736,0.037967864,15316383.0
14.691692,11.837596,-2.6077769,-1.0228112,14.7727,2401712.0,138357.47,0.0736982,0.35958266,2604367.2
14.286245,11.798676,-2.0207324,-1.7959644,15.523231,1601170.2,133075.98,0.13255835,0.16596732,5516370.0
14.053285,11.087877,-2.947075,-3.7240348,14.794539,1268422.6,65373.83,0.05249303,0.024136387,2661870.0
13.801509,11.171832,-2.3230152,-3.8963327,15.15682,986095.94,71099.25,0.09797771,0.02031628,3824048.8
14.675448,12.355466,-3.8352466,-3.2292902,16.578424,2363013.8,232225.9,0.021596013,0.039585587,15845949.0
13.286735,11.494834,-1.9086547,-2.663637,15.137889,589325.9,98207.12,0.14827974,0.06969429,3752335.2
13.964672,11.426049,-2.4326642,-2.7071643,14.858522,1160860.5,91679.055,0.087802604,0.06672575,2837751.0
13.661186,11.150219,-4.185095,-1.2528694,14.338263,856994.0,69579.06,0.015220762,0.2856839,1686663.0
13.333821,10.874192,-3.580772,-2.151535,14.414781,617739.0,52796.082,0.02785419,0.116305485,1820789.2
12.751445,10.338889,-4.0032415,-3.0037382,14.809775,345050.06,30911.672,0.018256364,0.049601305,2702736.5
12.873588,10.279307,-4.1222296,-2.4095652,14.040376,389877.4,29123.695,0.016208336,0.08985435,1252153.9
12.924623,11.268482,-1.8324683,-1.9288945,14.785244,410291.25,78314.04,0.16001812,0.14530875,2637241.2
14.778002,12.241902,-4.042694,-2.5459282,16.20951,2618211.0,207295.86,0.017550128,0.07840025,10957238.0
14.764546,11.950757,-2.154384,-2.920536,15.679736,2583217.8,154934.39,0.11597462,0.053904783,6450938.0
14.153581,11.548584,-4.01934,-3.7182536,15.536485,1402238.8,103630.19,0.017964818,0.024276327,5589971.5
14.808736,11.551191,-3.7922933,-3.0360875,14.868532,2699928.5,103900.74,0.022543842,0.048022408,2866299.0
12.475104,11.197244,-2.3828292,-1.3031455,15.076934,261739.33,72929.15,0.092289105,0.27167588,3530442.8
13.241503,10.792388,-2.2837472,-1.5304711,13.927639,563263.44,48649.07,0.10190164,0.21643369,1118656.5
14.019606,10.976154,-2.323553,-3.7854419,15.082011,1226414.8,58463.29,0.09792503,0.02269883,3548413.8
13.949502,11.268736,-1.4023062,-3.9112415,16.95012,1143383.0,78333.914,0.24602892,0.020015636,22979680.0
13.246353,10.761825,-1.5106196,-3.956787,14.254299,566002.1,47184.684,0.22077313,0.019124461,1550827.4
14.79415,12.392096,-1.4892182,-1.9366434,16.72714,2660834.5,240889.97,0.22554891,0.14418712,18386742.0
14.033336,11.730816,-1.9216342,-2.0323956,14.872202,1243369.6,124345.08,0.14636758,0.13102128,2876836.8
13.746868,11.028853,-3.833716,-2.449061,14.367167,933660.5,61626.88,0.021629095,0.08637466,1736127.2
14.195185,11.344195,-1.8024563,-3.1662853,14.717261,1461808.1,84473.69,0.16489337,0.04215992,2463913.0
13.866767,11.158529,-3.2384965,-3.7184005,16.716478,1052592.8,70159.695,0.03922282,0.024272762,18191742.0
14.157547,11.143756,-1.5010998,-4.086606,14.391244,1407811.6,69130.82,0.2228849,0.016796142,1778434.4
14.324975,11.67117,-3.3977191,-2.7669833,15.032291,1664399.6,117145.29,0.033449475,0.062851325,3376301.5
13.4177,11.690372,-2.6507852,-2.0981295,15.26056,671789.1,119416.48,0.070595756,0.12268569,4242062.0
13.258798,11.605696,-3.6443055,-2.3300257,15.430557,573089.75,109720.96,0.02613956,0.09729325,5028122.5
14.33844,12.447009,-4.0255094,-1.674569,16.42825,1686962.1,254488.03,0.017854327,0.18738893,13636347.0
13.891156,11.109869,-3.858057,-3.905151,16.989742,1078580.2,66827.44,0.021108974,0.020137915,23908444.0
12.713837,10.806177,-2.518481,-1.78859,13.9762,332314.38,49324.547,0.08058192,0.16719575,1174320.4
14.572907,11.8906355,-3.5545635,-2.8187938,15.611272,2132717.2,145893.98,0.028593853,0.059677884,6024059.0
13.237848,11.023956,-3.6189446,-2.2619383,16.081575,561208.8,61325.824,0.026810957,0.10414842,9641386.0
14.114019,11.4437895,-2.1769059,-3.0593653,14.793027,1347847.5,93319.98,0.11339184,0.046917465,2657847.0
15.11372,12.073423,-3.144902,-3.7047606,15.599115,3662732.2,175154.44,0.043071143,0.024606109,5951271.0
14.30619,11.649468,-4.297821,-2.825203,15.292058,1633424.9,114630.414,0.013598156,0.059296623,4377805.0
14.849989,12.67247,-2.2260342,-1.1081014,15.777511,2813638.2,318848.1,0.10795572,0.33018526,7113540.5
14.383006,11.49625,-3.9188564,-3.0395842,15.106035,1763844.0,98346.3,0.0198638,0.047854785,3634693.0
15.119753,11.564291,-4.1903706,-3.1184905,14.513067,3684896.0,105270.766,0.015140673,0.044223875,2008838.5
12.929607,11.08312,-1.4079074,-2.275914,14.376929,412341.6,65063.59,0.24465472,0.102703,1753158.0
14.959207,12.3294,-4.4662943,-1.9406582,15.7864685,3138346.2,226250.95,0.011489815,0.14360939,7177549.0
14.600735,11.8794985,-4.4517045,-3.1879501,16.157492,2192898.5,144278.17,0.011658678,0.041256353,10401823.0
12.77069,10.947977,-3.0583243,-3.1500864,15.445183,351754.9,56838.95,0.04696633,0.042848423,5102202.0
13.375959,11.4966545,-4.3481517,-1.9846852,15.575489,644325.56,98386.07,0.01293069,0.13742387,5812312.5
12.959849,11.602466,-4.029397,-1.0661353,14.622834,425002.1,109367.125,0.017785052,0.34433672,2241899.8
14.73158,11.612228,-3.616071,-3.6248324,15.200513,2499446.2,110440.08,0.026888113,0.026653564,3994835.2
14.501154,12.641373,-2.07525,-1.8818523,15.812168,1985048.6,309085.34,0.12552506,0.15230773,7364400.0
13.432076,11.433253,-3.7116683,-2.5771682,16.917614,681517.0,92341.9,0.024436723,0.07598888,22244692.0
14.786086,11.725879,-3.9665623,-3.7684004,15.411355,2639463.0,123732.68,0.018938426,0.023088966,4932492.5
14.329289,11.877652,-2.1441548,-2.132898,15.932696,1671596.0,144012.03,0.117167026,0.11849339,8307725.0
13.931017,12.078949,-1.4573789,-1.1338879,15.5480585,1122441.6,176124.95,0.2328458,0.3217798,5655044.5
13.61782,12.177985,-4.548021,-2.1171064,15.667715,820623.56,194460.67,0.010588139,0.12037945,6373855.5
12.3632,10.897601,-2.1342394,-2.2022717,14.444881,234028.97,54046.56,0.118334554,0.11055173,1876429.8
14.752952,12.159579,-3.2043674,-3.0206015,15.94444,2553439.0,190914.17,0.040584568,0.048771873,8405862.0
14.152377,11.715034,-4.022166,-1.969781,14.898469,1400552.1,122398.02,0.017914126,0.1394874,2953404.0
13.197815,11.605336,-2.8802118,-1.1278623,14.706024,539185.5,109681.52,0.056122873,0.32372454,2436380.8
14.40534,11.4634,-3.4316485,-3.794066,15.170281,1803681.1,95168.08,0.032333594,0.022503916,3875872.8
14.949479,12.562593,-1.5448575,-2.5394332,15.9464855,3107966.2,285670.25,0.21334226,0.07891111,8423075.0
14.488174,11.764225,-3.8956966,-2.6699612,15.485799,1959450.1,128569.516,0.020329207,0.06925491,5313699.5
12.393468,10.724156,-2.7389526,-1.457901,13.853471,241220.78,45440.38,0.06463801,0.23272425,1038689.94
12.579484,10.653295,-3.527487,-3.1078126,16.588202,290536.34,42331.83,0.02937865,0.044698622,16001636.0
13.875435,11.221421,-3.2235923,-1.1921263,14.325218,1061756.1,74713.88,0.039811786,0.3035751,1664804.4
15.255674,12.627401,-3.752129,-3.110365,16.165583,4221387.0,304797.03,0.023467729,0.044584684,10486326.0
12.240854,10.3180275,-4.4392123,-1.6523652,15.5577,207078.72,30273.484,0.011805234,0.19159621,5709832.0
13.998847,11.283451,-3.335855,-3.1426315,15.26956,1201218.5,79495.13,0.035584148,0.043169048,4280412.0
13.958927,10.919372,-4.4534802,-2.9968112,14.151731,1154210.5,55236.08,0.011637993,0.049946085,1399646.9
13.680437,11.383562,-1.8380201,-2.2557933,14.817647,873651.75,87865.46,0.15913218,0.104790375,2724095.5
13.959531,11.37047,-1.6757933,-2.663871,14.831954,1154907.5,86722.625,0.18715964,0.06967797,2763349.2
13.1994705,11.777807,-2.1786199,-1.3059212,14.925625,540078.9,130327.69,0.113197654,0.27092284,3034705.2
14.635855,11.8547735,-1.4695717,-3.1543875,15.342072,2271281.5,140754.64,0.23002398,0.042664524,4602322.0
14.267412,11.817462,-2.5729737,-2.2380972,15.8014345,1571297.4,135599.64,0.07630829,0.10666127,7285776.0
14.753909,11.552643,-4.174922,-2.4057076,15.0469885,2555885.0,104051.664,0.015376391,0.090201646,3426289.5
12.9113245,10.530807,-2.227058,-3.3076692,14.097973,404871.28,37451.668,0.107845254,0.036601387,1326391.8
14.653543,11.522463,-3.841926,-3.5994053,15.206769,2311815.0,100958.3,0.021452243,0.027339976,4019905.8
12.4035015,11.0999155,-3.473579,-1.7797072,14.749653,243653.28,66165.57,0.031005865,0.16868754,2545029.8
14.303846,11.385739,-2.768958,-2.351362,14.967449,1629602.0,88056.98,0.062727325,0.095239356,3164321.5
12.889848,11.082059,-2.3024669,-2.5658188,14.258935,396268.7,64994.562,0.100011826,0.076856226,1558033.5
13.675263,10.839944,-4.0797915,-2.9175792,14.638818,869143.4,51018.516,0.01691099,0.054064408,2278021.2
12.528281,10.610491,-4.3750086,-2.5859544,15.033014,276034.53,40558.1,0.012588034,0.075324155,3378743.0
14.102246,10.423679,-3.7035382,-3.7271833,15.282921,1332072.1,33647.004,0.024636205,0.02406051,4337986.5
13.240153,11.599591,-1.4834661,-1.7679721,15.3057,562503.9,109053.22,0.22685003,0.17067875,4437937.5
14.633474,11.482421,-4.370773,-2.7021947,14.987467,2265881.2,96995.6,0.012641467,0.067058176,3228301.8
13.414461,10.863258,-2.1596205,-3.2847638,16.86678,669616.94,52221.96,0.115368895,0.03744943,21142152.0
15.0140705,11.964919,-2.790345,-3.382102,15.434537,3315339.2,157144.19,0.06140003,0.033975963,5048173.0
14.090614,11.493061,-3.441216,-2.5973034,15.001593,1316667.2,98033.16,0.032025717,0.07447413,3274227.8
13.191739,11.424404,-3.0883987,-2.3111193,16.1375,535919.44,91528.36,0.045574874,0.09915021,10195946.0
13.709747,11.029926,-2.368053,-3.2833056,15.279223,899637.6,61693.035,0.09366292,0.037504077,4321977.0
14.922625,12.626107,-3.9557157,-2.2860327,16.587172,3025614.0,304402.84,0.019144962,0.10166901,15985163.0
13.004714,11.0965805,-3.4408228,-2.4730458,15.651653,444503.84,65945.27,0.032038312,0.08432762,6272297.5
13.895567,11.167878,-1.9814229,-2.8507369,14.646742,1083348.1,70818.69,0.13787292,0.057801712,2296144.2
14.215638,11.575543,-3.4237783,-2.2317123,15.010228,1492015.1,106462.0,0.03258907,0.10734446,3302625.0
13.725951,11.087659,-3.6630208,-3.4193003,15.84694,914334.0,65359.55,0.025654895,0.032735333,7624978.5
14.292524,11.708767,-1.7541407,-1.7292653,14.662882,1611255.6,121633.41,0.17305587,0.1774147,2333504.8
13.32952,11.2165365,-3.4829295,-2.2552521,15.184527,615087.75,74349.82,0.030717295,0.1048471,3931483.5
14.36898,11.45324,-3.8622887,-3.0035448,15.733859,1739277.6,94206.12,0.021019837,0.049610894,6809703.0
14.356762,12.03225,-3.7068138,-2.0424445,15.218894,1718155.6,168089.25,0.024555638,0.12971126,4068943.8
12.984411,10.933521,-3.2558956,-2.9388182,14.011165,435570.2,56023.207,0.038546283,0.052928243,1216106.2
15.309184,11.734598,-3.3402033,-3.0402756,15.205082,4453425.0,124816.28,0.035429753,0.047821708,4013129.5
12.340884,11.382178,-3.262499,-1.8981812,16.211466,228864.22,87743.96,0.038292583,0.1498409,10978681.0
12.707823,10.22635,-4.053818,-4.0991054,16.392828,330321.88,27621.502,0.017355978,0.016587509,13161783.0
14.410969,11.686272,-2.0707114,-3.4721777,16.609932,1813861.9,118927.77,0.12609605,0.03104934,16353164.0
15.022605,12.153071,-1.4454257,-2.8548493,15.520398,3343754.8,189675.77,0.23564573,0.057564493,5500767.0
13.578245,12.120347,-2.0494719,-3.1287372,16.686441,788781.94,183569.2,0.12880291,0.04377304,17653444.0
13.130254,11.105169,-3.0142157,-1.368224,14.595966,503960.8,66514.1,0.049084317,0.25455865,2182466.8
12.464274,10.749476,-1.9459091,-3.0208843,16.19281,258920.0,46605.62,0.14285728,0.048758082,10775764.0
14.701275,11.902673,-2.4153018,-1.3325365,15.0775795,2424837.0,147660.77,0.089340374,0.26380727,3532723.0
13.454043,11.190002,-3.1701639,-2.6278193,15.398788,696653.44,72402.96,0.041996714,0.072235815,4870896.0
14.63236,12.413019,-4.3812957,-1.5944018,15.810083,2263358.8,245983.36,0.01250914,0.20302993,7349063.0
14.675664,11.789616,-1.7911466,-2.749227,15.238642,2363523.2,131875.77,0.16676883,0.06397729,4150094.8
14.539144,12.034436,-2.698635,-2.5745645,16.034882,2061910.5,168457.08,0.0672973,0.076187,9201542.0
13.166787,11.136066,-3.1532252,-2.6773171,14.941859,522712.62,68601.28,0.042714145,0.06874735,3084374.0
13.531957,11.018944,-3.660997,-3.6303284,16.696756,753102.56,61019.195,0.025706872,0.026507478,17836480.0
13.177534,10.967682,-2.0558774,-2.625956,14.610155,528360.5,57970.055,0.12798049,0.07237054,2213654.0
13.305943,10.759501,-3.6065736,-2.4926598,14.978252,600755.06,47075.19,0.027144697,0.08268973,3198691.5
15.218478,11.850922,-4.476359,-3.9612322,15.873224,4067252.2,140213.52,0.011374755,0.01903964,7828052.0
15.089008,11.98623,-3.8065789,-3.9117703,15.713935,3573329.5,160529.0,0.02222408,0.020005055,6675368.0
13.632192,11.829499,-2.4831338,-0.9887155,14.789394,832502.6,137241.75,0.0834812,0.37205428,2648209.8
13.558599,11.662449,-3.6643708,-2.4841557,15.152271,773437.0,116128.07,0.025620287,0.08339594,3806692.5
14.094439,11.784207,-4.533633,-1.7003444,15.71075,1321712.1,131164.47,0.010741578,0.18262061,6654139.0
12.625911,12.160758,-1.9189847,-1.2775083,15.275015,304343.03,191139.34,0.14675589,0.27873096,4303825.5
14.496484,11.444661,-3.9706817,-2.65769,14.98424,1975799.8,93401.36,0.018860573,0.070109986,3217900.2
13.621316,11.753265,-1.6788688,-2.159027,15.414252,823497.6,127168.13,0.18658492,0.11543737,4946804.0
14.8882065,12.140232,-2.053666,-2.304153,15.32515,2923249.8,187256.03,0.12826382,0.09984334,4525097.0
13.783272,11.255172,-3.8655355,-2.4986136,15.229028,968275.4,77278.555,0.0209517,0.08219888,4110387.0
12.961049,10.680575,-4.4379277,-1.4089772,14.104957,425512.28,43502.574,0.0118204085,0.24439314,1335687.4
12.368176,10.461781,-3.3348215,-3.592538,14.950343,235196.47,34953.734,0.035620946,0.027528372,3110652.8
14.667173,11.888284,-3.7819433,-3.76014,16.616982,2343540.5,145551.28,0.022778383,0.023280483,16468854.0
14.131206,11.277034,-1.6937503,-2.8046074,14.520582,1371212.0,78986.625,0.18382883,0.060530532,2023991.6
13.839926,11.600092,-3.7264905,-1.2697595,14.9042,1024715.7,109107.83,0.024077186,0.28089917,2970377.5
13.744099,11.477017,-3.6231697,-1.7478602,14.714064,931078.3,96472.9,0.026697919,0.17414619,2456046.8
13.384385,10.833551,-1.5368857,-2.4569466,13.952905,649777.4,50693.42,0.21504979,0.08569621,1147280.2
14.830983,12.68973,-3.9232507,-1.7849231,16.517998,2760667.8,324399.06,0.019776702,0.16780996,14916786.0
12.812767,11.205369,-3.4335299,-1.1595091,14.3695545,366871.53,73524.13,0.03227282,0.31364012,1740276.4
12.897198,10.524945,-3.0947192,-2.0924459,14.095823,399191.97,37232.797,0.04528773,0.12338498,1323543.6
14.330861,11.392508,-1.5056424,-3.1373708,14.52604,1674225.2,88654.984,0.22187471,0.043396745,2035068.6
14.839424,11.98351,-2.425426,-1.6446562,15.081914,2784069.2,160092.97,0.08844043,0.19307894,3548068.5
12.554417,11.121055,-2.3634539,-1.7746185,15.088151,283343.9,67579.14,0.09409467,0.16954812,3570267.2
14.666425,11.719558,-2.7180843,-3.3221023,15.553966,2341786.8,122953.04,0.06600107,0.036076907,5688548.0
12.613845,10.791563,-2.1120164,-1.4434929,14.403586,300692.94,48608.953,0.12099374,0.23610164,1800520.6
14.807007,11.684678,-3.072664,-3.351748,15.103351,2695264.2,118738.41,0.04629765,0.035023082,3624948.5
14.725728,12.106526,-2.9280226,-3.1688828,16.18673,2484862.8,181049.61,0.053502727,0.042050548,10710439.0
13.837532,11.665063,-2.7990932,-1.391519,14.88853,1022265.75,116432.02,0.060865227,0.24869727,2924195.0
13.116265,11.144277,-3.9332945,-3.138205,16.407417,496960.25,69166.83,0.019579062,0.043360557,13355212.0
13.6952,11.081656,-1.6877398,-1.2143143,13.932176,886645.0,64968.41,0.18493703,0.29691353,1123743.0
14.545059,11.68141,-2.6261616,-2.4064143,15.215264,2074144.2,118350.98,0.072355665,0.09013793,4054201.5
14.414913,11.997422,-2.1985145,-3.365619,16.709036,1821030.6,162335.78,0.11096788,0.03454063,18056854.0
14.724348,11.359353,-4.1370525,-3.7453027,14.980381,2481436.2,85763.87,0.015969852,0.023628477,3205507.5
13.738232,12.29791,-4.363374,-1.5448176,16.438843,925631.7,219237.25,0.012735343,0.21335079,13781570.0
13.396556,10.96059,-2.0514195,-3.1695268,14.78933,657734.0,57560.414,0.12855229,0.04202348,2648038.0
14.047311,11.469194,-3.1392803,-3.0459387,15.680284,1260867.9,95721.13,0.043313958,0.047551654,6454470.5
14.104066,11.022483,-4.441561,-3.4201386,14.265884,1334498.2,61235.53,0.011777537,0.0327079,1568898.6
13.092065,10.192037,-2.544846,-3.0119524,14.268266,485077.94,26689.797,0.07848513,0.049195535,1572639.1
14.268162,12.180769,-3.835898,-2.0836391,16.425797,1572475.6,195002.75,0.021581952,0.124476396,13602940.0
15.292596,11.92636,-2.4496272,-3.862515,14.6056595,4380160.0,151200.2,0.086325765,0.021015082,2203724.5
13.523381,11.894708,-2.7065117,-1.8449543,15.745664,746671.94,146489.3,0.06676931,0.15803255,6890565.0
13.086614,11.820026,-2.8561509,-1.5890796,15.049252,482440.88,135947.81,0.05748962,0.2041134,3434052.2
13.961648,11.448565,-1.4875891,-2.8815427,15.58047,1157355.2,93766.65,0.22591665,0.056048233,5841336.0
13.663526,10.998123,-3.5984726,-2.9445384,14.254228,859001.2,59761.875,0.027365489,0.05262635,1550716.5
13.50839,11.028744,-3.826771,-2.451368,16.53387,735562.25,61620.12,0.02177983,0.08617561,15155449.0
12.698078,11.510355,-4.2558637,-1.5825368,14.753229,327118.62,99743.28,0.014180838,0.20545325,2554147.8
13.739168,11.401063,-2.2760432,-2.8971663,15.010704,926498.94,89416.72,0.10268973,0.055179365,3304197.0
14.621952,11.946045,-1.3878117,-3.3281157,15.6190195,2239923.0,154206.05,0.24962096,0.035860613,6070912.5
12.75254,10.253467,-3.6129537,-2.3022878,13.988771,345428.03,28380.756,0.026972063,0.10002973,1189176.2
14.691051,11.793248,-4.5562134,-1.3630165,14.96597,2400171.0,132355.69,0.01050175,0.25588772,3159644.5
14.171215,11.157955,-3.7034957,-3.087832,14.215275,1427185.8,70119.43,0.02463725,0.045600712,1491473.0
14.928652,11.6632595,-3.1332266,-4.021125,15.047803,3043905.0,116222.24,0.043576963,0.017932782,3429081.2
12.399174,10.708639,-3.4513528,-3.1540768,16.038319,242601.08,44740.71,0.03170272,0.042677782,9233222.0
14.959682,12.572806,-2.7662592,-2.4649,16.98157,3139840.2,288602.72,0.06289685,0.085017346,23713838.0
14.850157,11.95961,-1.3980525,-3.9579442,16.21182,2814110.5,156312.11,0.24707769,0.019102346,10982576.0
12.728365,10.6490755,-2.797948,-2.8347044,16.757038,337177.56,42153.605,0.06093498,0.058735885,18944764.0
12.9935875,10.13922,-3.3840141,-2.9268079,13.896048,439585.5,25316.717,0.033911057,0.05356776,1083869.0
13.364335,11.187171,-3.3231091,-3.738259,16.514473,636879.06,72198.24,0.0360406,0.023795493,14864301.0
12.925084,10.565303,-4.081269,-2.0351434,14.440943,410480.66,38766.156,0.016886028,0.13066174,1869053.6
13.002262,10.69229,-4.1607594,-2.759003,14.799385,443415.3,44015.2,0.015595709,0.06335491,2674799.8
13.752046,11.600437,-4.1339893,-1.4298898,14.738327,938507.06,109145.5,0.016018847,0.2393353,2516367.8
13.885656,11.4817295,-4.107561,-2.3642387,14.592145,1072664.6,96928.56,0.01644784,0.09402085,2174142.8
13.126107,11.852102,-3.7689888,-1.1157424,15.175223,501875.44,140379.16,0.023075385,0.32767192,3895074.5
12.471055,10.445634,-1.8831967,-3.907663,16.423851,260681.61,34393.88,0.1521031,0.020087387,13576501.0
13.26555,11.955198,-3.7327492,-1.3740456,15.609541,576972.4,155624.03,0.023926964,0.25308102,6013641.0
14.71223,12.021533,-2.675015,-3.2954094,16.094088,2451546.8,166297.39,0.06890579,0.03705287,9762779.0
15.179825,11.662395,-4.499896,-3.8329728,15.384983,3913038.8,116121.76,0.011110151,0.021645173,4804113.5
13.866744,10.9779005,-4.501831,-3.5993154,14.845149,1052568.6,58565.47,0.011088674,0.027342435,2800053.5
12.562809,10.582687,-3.688681,-3.1187778,15.459585,285731.84,39445.977,0.025004964,0.04421117,5176218.0
15.053901,11.69016,-1.4464856,-3.6009705,15.053777,3450055.0,119391.086,0.2353961,0.027297217,3449627.2
14.723392,11.728084,-2.9994552,-2.5629623,15.007782,2479063.8,124005.8,0.0498142,0.07707608,3294556.0
13.556253,10.986248,-2.2098596,-2.8204741,16.01661,771624.56,59056.39,0.10971605,0.05957769,9034934.0
14.33866,12.119598,-3.6229382,-2.377968,15.68115,1687333.9,183431.83,0.0267041,0.09273882,6460068.0
14.216683,11.544924,-2.5195336,-2.399577,14.96685,1493575.4,103251.58,0.08049714,0.09075634,3162426.8
14.544865,11.72701,-1.5880345,-3.5056467,15.502285,2073740.8,123872.71,0.20432682,0.030027349,5402028.0
12.458168,10.573064,-2.0407002,-2.7047596,14.887007,257343.75,39068.19,0.1299377,0.0668864,2919744.8
14.906199,11.852266,-3.6478221,-2.4313486,15.044417,2976323.8,140402.19,0.026047796,0.08791819,3417491.5
13.501648,10.812097,-3.4832666,-3.370425,16.38959,730619.4,49617.387,0.03070694,0.034375027,13119226.0
14.702971,12.541319,-3.8322806,-1.6077979,15.741726,2428954.5,279656.94,0.02166016,0.20032828,6863485.0
14.137604,11.439548,-2.3140106,-3.0087337,15.917881,1380013.4,92924.96,0.09886395,0.049354132,8185550.5
14.0981455,11.8330145,-1.5943835,-1.8624669,16.280672,1326620.8,137725.03,0.20303367,0.15528907,11765382.0
13.79446,11.199224,-1.8060809,-2.2115412,14.518843,979169.75,73073.75,0.16429676,0.10953171,2020474.0
13.27444,11.77548,-3.2599218,-1.7282784,16.034304,582124.6,130024.77,0.0383914,0.1775899,9196225.0
14.518479,12.083299,-3.2678692,-1.0517689,15.201774,2019740.0,176892.72,0.038087495,0.34931928,3999875.0
15.167718,12.501222,-3.1330843,-3.4212444,16.925611,3865949.8,268665.3,0.043583166,0.032671753,22423308.0
13.603836,11.127882,-3.7175443,-2.4716067,16.274647,809228.06,68042.11,0.024293551,0.08444906,11694705.0
14.94431,11.803717,-2.6852384,-2.8123057,15.304946,3091942.8,133748.53,0.06820493,0.06006634,4434591.0
14.110224,11.342647,-2.3617172,-2.344149,14.449255,1342741.2,84342.96,0.09425822,0.095928796,1884654.4
13.897237,11.585962,-2.0417337,-2.7781444,15.278388,1085158.8,107577.016,0.12980346,0.062153734,4318367.5
14.761651,11.780237,-4.589962,-1.3127438,14.779936,2575749.2,130644.766,0.010153244,0.26908076,2623279.5
14.591417,11.637591,-4.143996,-3.709092,16.811054,2172561.2,113276.99,0.015859354,0.024499761,19996228.0
13.38905,11.376384,-3.099145,-2.2333825,15.570274,652815.3,87236.99,0.04508774,0.10716534,5782082.0
14.301155,11.299024,-1.65182,-3.4576871,14.513067,1625222.1,80742.766,0.19170071,0.031502537,2008838.5
14.56051,11.999115,-3.801165,-2.433665,16.213245,2106439.5,162610.81,0.022344723,0.08771476,10998235.0
14.744193,11.95064,-4.110532,-2.559091,15.973907,2531172.2,154916.22,0.016399052,0.07737503,8657248.0
15.306584,12.695957,-3.862343,-3.2203357,16.49182,4441862.5,326425.56,0.021018693,0.039941646,14531356.0
12.651564,12.159513,-3.8069034,-1.8014606,15.512322,312251.3,190901.61,0.02221687,0.16505763,5456523.5
14.008713,12.529511,-3.632307,-2.546789,16.678192,1213128.1,276374.3,0.02645508,0.0783328,17508414.0
12.989929,11.156945,-2.3959553,-2.7032142,16.875023,437980.28,70048.65,0.09108562,0.06698985,21317158.0
13.434417,11.349603,-2.470108,-3.302922,16.2438,683113.8,84931.7,0.08457572,0.03677555,11339460.0
13.965084,11.720913,-4.004036,-1.0085828,15.061431,1161338.9,123119.77,0.018241867,0.3647355,3476132.8
12.382021,11.17698,-2.9668465,-2.8851554,16.185041,238475.28,71466.21,0.05146535,0.05584611,10692375.0
14.899295,12.136519,-1.5139842,-3.098431,15.791575,2955844.2,186562.1,0.22003157,0.045119934,7214298.0
13.300446,10.677753,-2.8263888,-2.6293454,14.220936,597461.75,43379.984,0.059226345,0.07212566,1499940.2
12.274487,10.150514,-3.6500165,-2.8641715,14.823525,214161.69,25604.25,0.025990698,0.05703036,2740156.0
13.359545,11.52087,-3.9078286,-1.6565648,14.922278,633835.5,100797.64,0.020084064,0.19079326,3024566.8
12.272488,10.380769,-3.7830286,-2.0052938,13.899987,213734.02,32233.732,0.022753675,0.13462073,1088147.5
12.551513,10.611655,-3.5090911,-3.477287,15.1661215,282522.28,40605.355,0.029924098,0.030891104,3859782.8
14.439019,12.197636,-4.0118427,-0.9498677,15.175725,1865461.9,198319.7,0.01810001,0.38679218,3897028.8
14.299515,11.470351,-3.5107338,-3.4691541,15.596193,1622558.5,95831.93,0.029874982,0.031143364,5933906.5
13.922462,11.655901,-3.1988266,-2.9546275,16.34525,1112880.8,115370.15,0.040810063,0.052098062,12550225.0
12.678562,10.246543,-2.1373606,-2.6730099,14.898294,320796.47,28184.936,0.117965795,0.0690441,2952888.8
13.4818735,11.271386,-1.8816752,-2.4136024,14.873489,716313.75,78541.79,0.15233469,0.08949233,2880543.0
14.821005,11.9729,-2.8239903,-3.5851052,16.3215,2733258.0,158403.42,0.05936857,0.02773375,12255689.0
15.005254,11.882601,-2.1945248,-3.1573439,15.363791,3286237.2,144726.47,0.1114115,0.04253858,4703377.5
13.572629,11.910082,-3.7563863,-1.1520969,15.20423,784364.4,148758.86,0.023368033,0.31597352,4009713.2
12.360589,10.6796465,-2.1411018,-1.5200177,14.144108,233418.69,43462.184,0.11752528,0.21870801,1389018.4
14.829053,12.396598,-3.2583098,-1.6378583,15.583412,2755344.2,241976.97,0.038453337,0.19439594,5858547.0
14.472343,12.51829,-3.64022,-1.1720014,15.648365,1928674.4,273290.22,0.026246572,0.3097464,6251706.5
12.379936,10.52691,-4.01007,-2.3465078,15.177049,237978.64,37306.016,0.018132128,0.0957028,3902190.8
13.2865,10.791247,-4.5791354,-2.2874632,14.535745,589187.6,48593.613,0.010263766,0.10152368,2054914.2
13.032435,10.549304,-1.8866507,-2.628497,14.27155,456998.5,38150.875,0.15157865,0.07218689,1577812.9
13.338041,11.006515,-2.6589222,-2.0211453,14.289716,620351.4,60265.47,0.070023656,0.13250361,1606736.6
15.322054,11.998349,-1.429136,-3.6817963,15.325846,4511110.5,162486.34,0.23951577,0.025177708,4528248.0
13.430448,10.855546,-3.246969,-3.5216687,14.603927,680407.8,51820.754,0.03889191,0.029550085,2199909.2
13.576961,10.502827,-3.7088432,-3.7692914,15.448327,787769.3,36418.3,0.024505854,0.023068404,5118270.0
12.560417,11.484813,-4.4943843,-1.1653751,14.775857,285049.22,97227.875,0.011171557,0.31180567,2612601.2
14.023241,11.255916,-4.081139,-2.3343616,14.322825,1230881.4,77336.06,0.016888218,0.09687231,1660825.6
13.119745,11.015265,-2.534893,-1.5794007,14.391322,498692.66,60795.16,0.0792702,0.20609859,1778573.4
12.404964,10.6924715,-2.3094573,-1.4442109,14.013518,244009.98,44023.176,0.09931514,0.23593219,1218971.9
13.266202,11.200104,-3.6732728,-1.0996919,14.386705,577348.9,73138.03,0.025393225,0.33297366,1770381.1
13.680513,11.419827,-1.904085,-1.3839507,14.685512,873718.4,91110.42,0.14895888,0.2505866,2386913.2
14.444841,11.806971,-3.108654,-2.4891539,15.337424,1876354.5,134184.45,0.044661026,0.08298015,4580983.5
15.162651,12.495216,-2.6736643,-2.5537987,15.902598,3846411.0,267056.72,0.068998925,0.07778562,8061404.5
13.530631,12.665336,-4.294945,-1.4597696,16.48265,752104.9,316581.4,0.013637325,0.23228979,14398733.0
12.367658,10.230478,-2.910877,-2.2804692,14.001536,235074.47,27735.773,0.054427978,0.102236226,1204453.4
14.916426,12.342399,-2.6061473,-3.070666,16.072704,3006916.5,229211.1,0.0738184,0.046390247,9556234.0
14.132385,11.469212,-1.4547969,-2.5815341,14.521747,1372830.5,95722.78,0.23344778,0.075657845,2026349.9
12.675249,10.753389,-3.9291842,-2.380998,14.215501,319735.4,46788.344,0.019659704,0.09245827,1491810.2
12.459943,11.043426,-3.4488332,-2.2150679,15.011867,257800.89,62531.492,0.031782698,0.1091461,3308040.5
14.432813,11.532287,-2.5982847,-3.756602,15.384745,1853919.6,101954.984,0.07440109,0.023362992,4802968.0
15.078663,12.905052,-3.5635767,-1.110216,16.381529,3536552.2,402339.75,0.028337289,0.32948777,13013904.0
14.377245,11.397254,-4.1950555,-3.2245474,14.8829365,1753711.5,89076.78,0.015069907,0.03977378,2907884.8
13.254139,11.162228,-3.5894437,-1.5172263,14.618687,570426.1,70419.65,0.027613688,0.21931936,2232620.8
13.465808,10.875081,-2.5846176,-1.986019,14.260954,704897.7,52843.027,0.07542492,0.1372407,1561182.1
14.208357,11.743882,-3.90426,-2.1827042,15.427205,1481190.8,125980.47,0.020155866,0.112736255,5011296.0
14.719771,12.551685,-3.9318895,-1.142683,16.166246,2470105.5,282571.06,0.01960659,0.3189621,10493288.0
13.550115,11.414573,-2.233415,-2.0000627,14.953576,766902.25,90632.914,0.10716186,0.1353268,3120725.5
12.969663,11.156596,-2.654181,-2.0905716,14.432063,429193.28,70024.2,0.070356436,0.12361645,1852530.5
14.217147,11.629739,-1.9509985,-1.4725206,14.591452,1494267.8,112390.96,0.14213207,0.22934666,2172635.8
14.075778,11.376242,-2.7814105,-2.6886752,15.071499,1297277.0,87224.6,0.061951067,0.06797093,3511307.0
14.857125,12.509674,-2.86223,-1.3120813,15.597147,2833789.0,270945.8,0.05714119,0.26925907,5939568.0
12.998251,11.2517,-3.3374827,-3.1381469,16.808193,441640.28,77010.76,0.035526276,0.04336308,19939100.0
13.430567,11.402344,-3.6362143,-1.2733706,14.883645,680488.9,89531.32,0.026351918,0.27988663,2909946.0
14.693608,11.614876,-4.48678,-3.9991288,16.253372,2406317.8,110732.84,0.011256831,0.018331602,11448533.0
13.079187,10.75681,-1.9530833,-2.610556,14.358461,478871.4,46948.67,0.14183608,0.07349368,1721078.0
13.30279,11.043658,-2.5633454,-2.3562,14.707255,598863.94,62546.043,0.07704656,0.09477971,2439382.2
13.639014,10.801386,-2.770092,-2.4687147,14.063899,838201.9,49088.785,0.06265624,0.08469365,1281957.9
14.040724,11.416198,-2.0682597,-3.1469383,16.34235,1252589.8,90780.32,0.12640557,0.04298353,12513893.0
13.4528675,11.112755,-3.2055347,-3.6730328,16.447338,695834.75,67020.57,0.04053722,0.025399324,13899148.0
13.54382,10.985562,-2.092135,-2.7814176,14.360778,762090.3,59015.91,0.12342335,0.061950624,1725069.4
13.724173,11.109202,-1.6556526,-2.7665503,14.0983305,912709.2,66782.91,0.19096738,0.06287854,1326866.2
14.684248,11.816564,-3.7677205,-1.2643964,14.960763,2383899.0,135477.88,0.023104671,0.2824097,3143234.8
12.985037,10.429045,-1.4738265,-3.0939379,14.0039015,435842.78,33828.02,0.22904734,0.045323126,1207305.4
13.617929,11.580997,-3.168546,-1.7252173,15.000006,820713.56,107044.234,0.04206472,0.17813434,3269036.0
14.309766,11.601823,-3.5233958,-2.9334936,15.195036,1639277.0,109296.85,0.029499093,0.053210814,3973015.5
14.93276,12.383889,-4.5669317,-3.6024191,16.470291,3056436.5,238921.23,0.01038979,0.027257703,14221865.0
13.971988,11.191309,-1.9519432,-3.3411682,14.979529,1169384.0,72497.62,0.14199787,0.035395585,3202778.8
14.389141,11.520393,-2.6665528,-3.5713599,16.367699,1774698.5,100749.586,0.069491364,0.028117592,12835158.0
14.401233,12.404718,-3.9220057,-2.929335,16.576553,1796287.8,243949.95,0.019801341,0.053432554,15816327.0
13.035472,11.339599,-1.4552922,-3.3066125,14.761513,458388.3,84086.27,0.23333217,0.03664008,2575393.2
14.020843,11.232966,-3.182846,-3.7040758,15.650159,1227932.6,75581.47,0.04146747,0.024622964,6262931.0
15.324226,13.099542,-2.4458396,-3.505127,16.680098,4520921.5,488718.38,0.086653344,0.03004296,17541808.0
13.810823,11.474236,-2.348079,-2.801225,15.002187,995323.9,96204.9,0.09555255,0.06073562,3276173.8
12.3530855,11.452935,-3.7581768,-2.310823,15.154704,231673.78,94177.375,0.02332623,0.099179596,3815964.8
14.234423,11.860631,-2.75458,-3.0860395,16.697563,1520306.8,141581.53,0.06363574,0.04568252,17850876.0
13.749876,11.625464,-3.1154063,-3.4342475,16.763123,936473.06,111911.586,0.04436048,0.03224967,19060384.0
12.543868,11.019651,-3.7026033,-1.2076626,14.410273,280370.75,61062.39,0.024659246,0.29889512,1812599.6
13.635258,11.130527,-2.512361,-2.7936873,14.61893,835059.06,68222.28,0.081076585,0.06119515,2233163.8
13.098494,11.663687,-2.435533,-1.3431556,14.888758,488206.4,116271.91,0.087551065,0.2610207,2924861.5
14.219307,11.924478,-3.6401055,-1.9135634,16.422539,1497499.0,150915.83,0.026249574,0.14755367,13558697.0
13.759149,11.209514,-4.4784846,-2.276788,14.392641,945196.94,73829.5,0.0113506,0.10261327,1780920.8
14.77181,11.666912,-3.779682,-3.7601788,15.281666,2602048.5,116647.52,0.022829952,0.023279577,4332545.5
13.089827,10.231066,-3.5482595,-3.8113706,14.969209,483993.4,27752.07,0.028774679,0.022117844,3169894.0
13.849331,10.86373,-3.2642856,-3.3567731,14.188177,1034398.75,52246.617,0.038224235,0.034847524,1451600.2
12.985794,10.748712,-3.7686994,-3.5713847,15.110309,436172.94,46569.99,0.023082064,0.028116895,3650258.8
13.722839,11.668588,-4.191667,-1.6932572,15.52607,911493.1,116843.15,0.015121056,0.18391949,5532053.5
12.799238,11.065561,-2.6755104,-2.2172132,14.420437,361941.62,63931.105,0.06887167,0.10891221,1831117.2
14.794461,12.223704,-4.0486774,-3.1182642,16.883059,2661661.8,203557.61,0.017445432,0.044233885,21489146.0
13.489559,11.299964,-4.262851,-1.2600776,14.633213,721840.25,80818.73,0.014082094,0.283632,2265289.2
13.194537,11.076474,-4.315924,-2.56708,14.194474,537421.06,64632.598,0.013354202,0.07675935,1460770.0
12.666075,10.550895,-2.171788,-2.9290016,15.993615,316815.47,38211.613,0.113973655,0.05345038,8829555.0
14.24008,11.419433,-2.6053128,-2.9250805,14.98444,1528931.8,91074.45,0.073880024,0.05366037,3218544.8
13.028225,10.905271,-4.5540366,-2.6118028,15.015085,455078.38,54462.66,0.010524634,0.07340209,3318705.0
13.738037,11.411126,-2.908935,-2.5204737,14.982318,925451.6,90321.08,0.054533772,0.0804215,3211722.5
14.603698,11.720934,-1.8560197,-3.6752625,15.9,2199405.8,123122.36,0.15629348,0.025342753,8040482.0
14.635407,11.432722,-2.7202377,-3.4549787,14.954409,2270265.8,92292.86,0.065859094,0.031587977,3123324.8
14.626736,11.7827,-4.515997,-2.6942084,15.192174,2250663.8,130966.86,0.010932701,0.06759587,3961661.0
15.372118,12.027417,-3.2053115,-3.03917,15.321964,4742704.0,167278.8,0.04054627,0.047874607,4510706.0
14.499144,11.617866,-1.7703058,-2.8021312,14.798279,1981062.0,111064.41,0.17028092,0.060680605,2671842.2
14.2190075,11.190947,-1.4654905,-4.0773997,14.432309,1497050.6,72471.35,0.23096469,0.016951486,1852986.4
15.06084,12.323646,-2.0941143,-3.5477345,16.532263,3474078.0,224952.73,0.123179294,0.028789788,15131100.0
13.209311,11.598693,-3.8866186,-2.1117282,15.782269,545419.5,108955.29,0.020514596,0.121028624,7147466.5
14.835142,12.015985,-2.532186,-3.612038,16.860622,2772173.2,165377.25,0.07948507,0.026996775,21012382.0
13.56845,11.851891,-3.2342005,-3.357688,16.317358,781093.4,140349.44,0.039391685,0.03481566,12205021.0
13.1242895,10.884246,-3.7703424,-2.849171,14.944957,500964.0,53329.55,0.023044173,0.057892296,3093942.8
13.723757,11.549047,-3.781171,-2.8822162,15.531335,912329.75,103678.234,0.022795979,0.056010492,5561258.0
13.173813,12.118623,-1.4214721,-1.4613953,16.306908,526398.0,183252.97,0.24135846,0.23191246,12078139.0
13.273284,10.484113,-3.3273795,-3.6914718,13.9774,581452.1,35743.11,0.035887025,0.024935275,1175730.0
15.2458,11.919909,-2.4975193,-1.3967941,15.132367,4179909.0,150227.86,0.08228888,0.24738881,3731672.8
13.919452,11.416626,-3.5659125,-3.072895,17.027168,1109535.1,90819.195,0.028271176,0.04628696,24820196.0
13.800976,10.848997,-2.7358801,-3.586061,14.922768,985570.4,51482.496,0.06483692,0.027707255,3026046.8
13.24299,10.836273,-2.1674485,-2.0673985,13.883168,564101.56,50831.586,0.11446931,0.12651448,1069999.0
13.791463,11.782466,-2.10502,-2.6417174,16.385181,976239.2,130936.266,0.12184323,0.071238816,13061525.0
12.507537,10.886993,-3.447187,-2.388142,15.047318,270367.34,53476.277,0.031835064,0.09180008,3427420.5
13.476821,10.832713,-4.571246,-3.5188007,14.7544985,712703.6,50650.94,0.01034506,0.029634954,2557391.8
13.538834,11.275189,-2.0766602,-1.9503976,14.556339,758299.44,78841.08,0.12534815,0.14221752,2097673.2
14.381106,11.981512,-1.6077536,-2.2784595,14.962981,1760496.4,159773.44,0.20033714,0.10244189,3150215.0
12.407717,10.697119,-2.2907722,-1.8576311,13.977742,244682.5,44228.24,0.101188295,0.15604185,1176132.6
13.788878,11.31354,-4.516028,-1.1736838,14.56635,973719.4,81923.445,0.010932362,0.30922574,2118777.8
13.12538,11.470712,-3.2939491,-1.1039302,14.367502,501510.38,95866.484,0.03710702,0.33156538,1736708.5
13.507187,12.305449,-1.5605572,-1.8257377,16.232992,734677.5,220896.28,0.210019,0.16109875,11217574.0
14.697429,12.410811,-3.4899383,-1.4472207,15.634666,2415528.5,245440.89,0.030502755,0.23522314,6166651.0
13.574909,11.004762,-1.4934047,-1.9462148,14.266394,786154.94,60159.926,0.22460662,0.14281362,1569697.8
15.256066,12.488835,-3.7471056,-3.8910792,16.722515,4223042.0,265358.06,0.023585914,0.020423293,18301894.0
14.013649,11.120987,-2.0156903,-2.9199197,14.2500305,1219131.1,67574.56,0.1332284,0.053938016,1544221.6
13.061783,11.225379,-1.463293,-1.8928745,14.46487,470608.97,75010.17,0.23147279,0.15063818,1914315.1
13.191081,11.718029,-2.4827707,-2.6624305,15.256646,535566.9,122765.22,0.083511524,0.06977842,4225491.5
14.001685,11.113327,-1.740847,-3.9487867,14.8349695,1204632.5,67058.93,0.1753718,0.019278077,2771694.8
13.478301,10.96318,-3.4507184,-2.2638872,13.862329,713759.3,57709.645,0.03172284,0.10394564,1047931.25
14.019135,11.451285,-2.4013877,-3.390393,15.728337,1225838.2,94022.12,0.09059215,0.03369543,6772205.0
12.449918,11.038339,-4.070322,-2.0536478,14.823165,255229.34,62214.207,0.01707189,0.12826617,2739168.5
12.502072,11.1373,-2.2220733,-2.9320214,14.946092,268893.94,68685.92,0.10838416,0.053289212,3097456.0
15.116014,11.959663,-3.6246324,-3.6080656,15.435508,3671142.8,156320.45,0.026658896,0.027104227,5053076.0
13.7184105,11.77101,-3.8122013,-1.3119844,15.000683,907465.2,129444.875,0.022099478,0.26928514,3271250.2
14.717784,11.8317175,-1.4931197,-1.9783041,15.096142,2465201.0,137546.53,0.22467065,0.13830358,3598910.8
12.871556,10.826198,-4.5336566,-2.2775664,14.752285,389086.25,50322.0,0.010741328,0.10253342,2551737.2
14.260848,11.604204,-4.162619,-2.6958928,15.761805,1561016.9,109557.43,0.015566734,0.06748211,7002687.5
13.2417345,10.652046,-4.2298784,-3.377061,15.2783375,563394.0,42279.02,0.01455416,0.034147672,4318149.5
14.3554125,12.821083,-1.499954,-1.5373639,16.41762,1715838.6,369935.2,0.22314043,0.21494699,13492165.0
13.081832,11.035512,-3.171081,-2.8153114,16.652565,480139.47,62038.594,0.041958213,0.059886064,17065424.0
15.370757,11.80156,-4.1285243,-1.4389336,14.549443,4736254.0,133460.44,0.01610663,0.23718055,2083257.4
14.502602,11.860971,-3.7186537,-3.078137,15.46125,1987924.4,141629.73,0.024266617,0.04604496,5184844.0
14.240159,11.560211,-3.582633,-2.6137419,15.052955,1529052.9,104842.15,0.027802398,0.0732599,3446792.5
13.90267,11.256382,-3.6250687,-2.4239993,14.749746,1091070.5,77372.13,0.026647268,0.088566706,2545267.5
14.614675,11.321457,-4.263711,-3.7121222,14.791988,2223681.2,82574.56,0.014069992,0.024425631,2655088.0
14.607158,12.055185,-2.3538122,-2.3074994,16.427734,2207028.8,171988.92,0.09500629,0.099509776,13629326.0
13.88565,11.093431,-3.4298754,-3.2059968,15.451919,1072657.4,65737.94,0.03239098,0.040518496,5136685.5
13.47272,11.589328,-3.17416,-2.1062915,16.340658,709786.94,107939.68,0.041829225,0.12168841,12492739.0
13.833557,11.417975,-2.5458682,-2.8294303,15.926492,1018210.4,90941.836,0.078404956,0.05904648,8256338.5
14.251193,11.789798,-3.980024,-3.237834,16.805084,1546017.9,131899.8,0.018685188,0.039248817,19877206.0
15.174731,12.570388,-1.9766794,-3.1817,16.914865,3893158.2,287905.56,0.13852847,0.04151502,22183636.0
14.063643,11.522115,-4.117677,-3.575197,16.478403,1281630.2,100923.164,0.01628229,0.028009908,14337701.0
14.040318,11.428868,-4.3028584,-1.1560593,14.620931,1252081.0,91937.87,0.013529831,0.314724,2237636.2
14.036519,11.009128,-3.4453275,-2.8960273,14.334802,1247334.0,60423.152,0.031894315,0.055242244,1680835.8
12.62479,10.223178,-3.6396375,-3.1040654,14.486166,304002.2,27534.027,0.026261862,0.04486643,1955518.6
14.375939,11.875923,-2.0960684,-3.3999608,15.635005,1751423.4,143763.25,0.12293883,0.03337458,6168739.0
14.6503105,11.97701,-3.9643178,-3.5228834,15.672835,2304353.0,159055.7,0.018980982,0.02951421,6406575.0
13.759714,11.633021,-1.4408427,-1.5092202,16.33991,945731.6,112760.5,0.23672818,0.2210823,12483402.0
14.845261,12.238068,-4.498533,-3.4310105,16.76668,2800365.8,206502.47,0.0111253075,0.032354232,19128306.0
14.470216,12.111271,-3.0347738,-2.466565,16.4229,1924575.1,181910.66,0.048085537,0.08487592,13563586.0
13.811422,11.095054,-3.4966545,-1.8895222,14.244468,995920.1,65844.664,0.030298578,0.15114401,1535655.2
14.749036,12.09052,-4.3529735,-1.221511,15.334931,2543459.8,178174.72,0.012868492,0.2947844,4569578.0
14.748133,11.992738,-4.3556833,-2.0492146,15.448666,2541163.8,161577.11,0.012833667,0.12883605,5120003.0
12.836183,12.128572,-1.409578,-2.211979,15.471687,375563.4,185085.38,0.24424635,0.10948378,5239241.5
14.487083,11.398854,-2.1928608,-3.9448152,15.506713,1957313.5,89219.445,0.11159703,0.019354794,5426001.0
13.0431595,12.180022,-1.5481479,-2.304956,15.569692,461925.78,194857.2,0.21264143,0.09976319,5778713.5
14.941374,12.173152,-2.143268,-3.6493595,16.386806,3082877.0,193523.06,0.11727096,0.026007783,13082768.0
13.591344,11.9931,-1.6263057,-1.5195112,16.006004,799181.94,161635.67,0.19665474,0.21881881,8939626.0
14.660588,11.842856,-4.297954,-1.2332478,15.155118,2328158.8,139087.2,0.0135963475,0.29134482,3817544.5
13.898701,11.353453,-1.8084624,-2.4720438,14.788796,1086748.5,85259.32,0.16390596,0.084412165,2646626.8
12.477235,10.589865,-2.7900186,-2.2284033,13.966297,262297.56,39730.113,0.061420076,0.10770025,1162748.5
13.001079,10.924782,-3.4420247,-2.1155498,15.30033,442890.84,55535.727,0.03199983,0.12056699,4414169.0
13.055817,10.400867,-2.2846236,-3.1195257,14.224773,467809.6,32888.14,0.10181238,0.044178117,1505707.5
12.984289,11.07469,-1.8777608,-2.9344501,14.843297,435517.03,64517.375,0.15293217,0.05315994,2794872.5
13.752805,11.141145,-4.5771375,-2.3144586,14.3903,939219.75,68950.54,0.010284293,0.09881967,1776756.0
14.141205,11.457203,-3.580675,-1.1705371,14.544132,1384991.9,94580.15,0.027856892,0.31020027,2072222.5
13.842069,12.033225,-1.9938439,-3.1607935,16.346407,1026913.94,168253.17,0.13617098,0.042392086,12564764.0
13.619369,11.239483,-4.041258,-3.1196063,15.540006,821895.5,76075.6,0.017575352,0.04417456,5609688.0
14.107095,11.404126,-3.4524229,-3.2861648,16.76943,1338546.4,89691.04,0.031668816,0.037397,19180988.0
12.531193,11.046442,-2.8176599,-2.666887,15.57208,276839.38,62720.4,0.05974559,0.06946814,5792529.5
14.087574,11.514058,-2.963502,-2.5330126,15.789196,1312670.2,100113.33,0.05163777,0.0794194,7197152.5
13.940567,11.309591,-3.4686897,-1.4225743,15.120694,1133212.4,81600.55,0.03115783,0.24109258,3688366.2
13.012816,11.679605,-2.9990702,-1.2350371,15.173791,448120.03,118137.51,0.049833383,0.29082397,3889499.0
14.807604,11.751604,-3.573922,-2.8838658,15.239105,2696873.8,126957.05,0.028045645,0.055918176,4152018.8
12.409158,10.516127,-3.1611633,-2.2205787,14.788444,245035.34,36905.9,0.042376414,0.10854628,2645693.0
12.371537,10.519576,-4.124222,-1.4034393,14.215263,235988.23,37033.42,0.016176078,0.24575031,1491456.0
12.537497,10.875846,-1.8193818,-3.1332946,15.1295595,278590.03,52883.46,0.16212595,0.043574,3721210.2
14.899958,11.8022375,-2.578794,-4.046875,15.46528,2957804.0,133550.84,0.07586544,0.017476905,5205777.5
13.943073,10.838765,-2.6022255,-3.7442236,14.817991,1136056.1,50958.414,0.07410847,0.023653988,2725033.5
13.649141,11.647095,-3.6114562,-2.2446291,15.119386,846733.5,114358.64,0.027012484,0.10596683,3683543.2
14.546718,12.111048,-1.4063267,-3.7231998,16.289381,2077586.9,181870.06,0.24504176,0.024156546,11868294.0
13.748733,12.121217,-1.6849321,-2.8680606,16.695871,935402.9,183728.94,0.18545702,0.056808997,17820702.0
14.84072,11.794475,-1.7537946,-3.054276,15.128733,2787679.8,132518.11,0.1731158,0.04715685,3718134.8
13.596017,10.930857,-4.009825,-2.2919207,13.940143,802925.25,55874.13,0.018136565,0.10107215,1132731.6
13.496847,11.000422,-2.4278953,-3.5853548,14.262699,727120.25,59899.387,0.08822232,0.027726829,1563909.1
13.779153,11.206491,-3.8839788,-2.4937813,15.06154,964295.3,73606.71,0.020568822,0.08259705,3476510.5
14.164396,11.780038,-1.8895091,-3.1594968,15.252162,1417487.2,130618.73,0.151146,0.042447098,4206586.0
12.910883,12.363554,-2.7642741,-1.6286296,15.649282,404692.56,234111.78,0.06302183,0.19619827,6257444.5
14.68467,12.008101,-2.3881414,-2.6857803,15.2617235,2384906.5,164078.7,0.091800146,0.068167984,4247000.5
14.4756565,11.812984,-2.0953455,-3.174893,15.748628,1935074.8,134993.84,0.12302773,0.04179858,6911019.0
13.291075,10.803078,-2.2481062,-3.2564397,16.878395,591889.2,49171.906,0.105599016,0.038525317,21389166.0
13.275083,12.554247,-3.886024,-1.7994057,16.293652,582498.9,283295.8,0.020526798,0.16539715,11919086.0
13.5149,11.065646,-4.2789087,-2.0182166,15.270703,740366.2,63936.53,0.013857776,0.13289225,4285309.5
13.065987,10.82625,-3.9967022,-2.97621,16.987543,472591.5,50324.64,0.01837614,0.050985698,23855924.0
14.672882,12.112116,-3.1803806,-1.288535,15.253228,2356957.2,182064.42,0.041569833,0.27567434,4211073.5
14.4009905,11.282674,-3.8409028,-3.2474625,14.596525,1795852.6,79433.37,0.021474205,0.038872723,2183686.8
13.87948,11.553926,-3.6663713,-3.4772835,16.72438,1066060.2,104185.31,0.025569083,0.030891214,18336066.0
13.790169,11.100414,-1.8179079,-2.8749323,14.455141,974976.6,66198.58,0.16236508,0.05641996,1895780.2
12.973444,10.623128,-3.873091,-1.3588774,13.904685,430819.28,41073.89,0.020793997,0.25694907,1093271.4
14.263451,11.903501,-3.2248733,-3.4293556,16.946081,1565084.9,147783.05,0.039760817,0.032407816,22887036.0
14.027007,11.513315,-3.6900132,-2.568923,15.050134,1235525.8,100038.984,0.024971673,0.076618016,3437083.0
14.675011,11.719794,-2.2255085,-3.131182,15.063919,2361979.8,122982.125,0.10801248,0.043666154,3484792.5
13.993358,11.144955,-1.6484654,-1.8172835,13.906332,1194642.6,69213.74,0.19234486,0.1624665,1095073.5
12.406995,10.213877,-4.275307,-2.3362656,14.244562,244505.92,27279.117,0.013907776,0.09668804,1535800.2
14.142843,11.226398,-1.6756569,-4.077108,16.438711,1387262.9,75086.68,0.18718517,0.016956434,13779757.0
14.525148,12.030337,-2.048219,-1.8019153,15.761462,2033254.8,167768.0,0.1289644,0.1649826,7000290.5
14.746022,11.727401,-3.3385432,-3.4510446,14.92669,2535806.2,123921.16,0.03548862,0.031712495,3037939.8
12.527637,10.674978,-1.7025546,-2.3418033,14.107523,275856.62,43259.766,0.18221743,0.09615409,1339119.6
14.705073,12.052757,-3.6609533,-3.670267,15.96693,2434065.2,171571.83,0.025707994,0.025469666,8597056.0
12.354004,11.688623,-1.8982836,-1.1233388,14.601747,231886.64,119207.8,0.14982556,0.3251922,2195118.5
13.327383,11.035524,-2.0621088,-2.4042094,15.632257,613774.6,62039.363,0.12718548,0.09033689,6151813.5
13.856095,10.933443,-2.1620915,-3.2387786,14.300153,1041419.56,56018.824,0.11508417,0.03921176,1623594.0
14.318586,11.5731,-4.5286922,-2.3040562,14.615103,1653800.2,106202.195,0.010794784,0.099853,2224633.5
14.322953,11.919351,-3.9785047,-2.90953,16.234207,1661037.9,150144.08,0.018713601,0.054501344,11231211.0
13.796212,11.086027,-1.6012313,-3.4473124,14.979586,980886.7,65252.99,0.20164807,0.03183107,3202959.0
13.669995,11.176015,-3.5790908,-3.2804716,14.826628,864576.7,71397.266,0.027901053,0.037610516,2748670.0
14.069751,11.464495,-4.582448,-1.8370035,15.273775,1289481.5,95272.33,0.010229823,0.15929404,4298493.0
14.849646,11.74173,-3.8722017,-2.5661483,14.9912405,2812672.5,125709.59,0.020812497,0.07683091,3240507.5
13.405775,11.206418,-3.663583,-3.011326,14.951094,663825.8,73601.305,0.025640476,0.04922636,3112988.2
13.411712,11.60907,-2.1070583,-1.3696009,14.675505,667778.44,110091.8,0.12159514,0.2542084,2363146.8
12.882527,11.984697,-3.8531313,-2.3586893,16.240843,393378.44,160283.17,0.021213207,0.09454406,11305985.0
12.364241,11.148565,-2.8889456,-1.2751034,14.476835,234272.6,69464.09,0.055634845,0.27940208,1937357.0
15.14385,12.481989,-4.2867684,-2.506888,16.107735,3774771.2,263547.5,0.013749286,0.08152155,9896925.0
14.708862,12.0246105,-4.544416,-1.9962653,15.470443,2443305.2,166809.97,0.010626378,0.13584167,5232725.0
13.330885,10.768859,-4.1585,-3.5883574,14.894758,615927.75,47517.766,0.015630985,0.0276437,2942465.0
12.943993,10.818079,-3.1368868,-2.8393152,16.107862,418316.1,49915.11,0.043417756,0.05846569,9898190.0
13.8215475,11.431362,-2.1354165,-3.151416,16.051498,1006055.2,92167.44,0.11819535,0.04279149,9355719.0
14.931054,12.213359,-2.127946,-1.8194531,15.912916,3051226.2,201462.56,0.119081646,0.16211438,8145011.5
14.479116,11.5040865,-3.0205393,-2.910895,14.997933,1941781.5,99120.0,0.04877491,0.05442699,3262268.5
13.195876,11.8736315,-4.1813545,-1.2412565,15.492842,538141.1,143434.17,0.015277799,0.28902084,5351255.5
12.673509,11.352562,-2.2665215,-2.6023538,16.719984,319179.4,85183.41,0.103672184,0.07409896,18255630.0
13.529915,10.761279,-2.1002915,-2.752248,14.119937,751566.44,47158.95,0.122420736,0.06378431,1355847.0
14.726684,11.646362,-2.4855475,-3.8953397,15.314069,2487238.5,114274.91,0.083279945,0.020336464,4475232.0
14.582296,11.376491,-2.5965247,-2.7397752,15.429422,2152835.5,87246.31,0.07453215,0.064584866,5022419.5
14.705804,12.190906,-3.641133,-2.6119974,15.663061,2435844.0,196989.47,0.026222615,0.07338782,6344260.5
13.979024,11.087768,-3.518749,-1.8133894,13.926306,1177641.1,65366.66,0.029636487,0.16310038,1117166.1
14.621514,12.243718,-2.8796039,-1.9500616,15.810821,2238942.8,207672.61,0.056157004,0.14226532,7354482.5
14.968732,12.346502,-2.6296363,-3.0459828,16.801786,3168382.8,230153.62,0.072104685,0.047549557,19811764.0
12.62049,10.941233,-1.8913066,-1.1998398,14.399568,302697.75,56456.895,0.15087454,0.30124247,1793299.2
12.726009,10.30926,-1.9267675,-2.7977629,13.861373,336384.25,30009.232,0.14561816,0.060946256,1046930.3
14.55763,11.59015,-1.9384948,-3.6648042,15.69766,2100381.5,108028.445,0.14392042,0.025609184,6567609.5
14.289853,12.454324,-2.960682,-0.98181236,15.757638,1606957.4,256356.36,0.05178359,0.37463152,6973571.0
13.950414,11.435776,-3.471398,-2.2941177,14.917069,1144425.9,92575.125,0.031073555,0.100850336,3008852.8
13.208551,11.137699,-3.0009692,-1.697217,14.820715,545005.6,68713.375,0.04973884,0.18319264,2732465.8
15.312025,12.415268,-4.4970446,-2.4063146,16.302074,4466095.5,246537.14,0.011141877,0.09014691,12019903.0
13.5098295,11.065526,-2.5380685,-2.9967983,14.496264,736621.56,63928.848,0.079018876,0.04994673,1975366.4
12.442625,10.590699,-2.5713758,-2.854571,14.878037,253374.78,39763.28,0.07643031,0.057580512,2893673.8
13.054004,11.066213,-2.1868486,-1.5690577,14.228872,466962.25,63972.76,0.11227,0.20824131,1511891.9
14.7656555,11.995551,-4.5187964,-1.2418364,15.189339,2586084.5,162032.33,0.0109021375,0.28885326,3950444.5
13.736047,11.804197,-2.186311,-1.6754172,15.034009,923611.5,133812.83,0.11233037,0.18723005,3382105.5
15.253511,12.9455,-2.5743096,-2.9246824,16.785816,4212266.5,418947.28,0.076206416,0.05368174,19497878.0
13.897702,11.044178,-2.3342423,-2.9623234,14.379249,1085663.9,62578.56,0.096883856,0.05169866,1757228.9
13.486662,11.647326,-3.4022727,-2.641081,15.293068,719751.94,114385.14,0.03329751,0.07128416,4382228.5
13.823542,11.923381,-2.9919894,-1.9351196,16.98474,1008063.44,150750.4,0.050187495,0.14440699,23789130.0
13.770392,10.955942,-3.9333334,-3.7435703,14.676418,955884.56,57293.484,0.019578302,0.023669444,2365306.8
14.195216,11.978639,-2.982286,-1.0766666,15.082475,1461854.1,159315.0,0.050676856,0.34072942,3550058.8
13.813499,10.937703,-4.349593,-1.7573473,13.909647,997990.94,56257.977,0.012912065,0.17250185,1098709.6
14.087767,11.051414,-3.1976104,-3.6593952,14.420077,1312923.2,63032.992,0.040859725,0.02574808,1830459.0
12.674105,11.625187,-1.5563083,-0.97343993,14.478801,319369.72,111880.53,0.21091327,0.37778127,1941168.8
14.571105,11.144282,-3.9859707,-3.2219899,14.758088,2128876.8,69167.22,0.018574405,0.03987563,2566588.5
13.736928,11.276274,-3.5152261,-1.0361556,14.580879,924425.75,78926.61,0.029741077,0.35481614,2149786.8
12.899255,10.980142,-3.550376,-1.6620731,14.257909,400014.0,58696.867,0.028713843,0.1897452,1556435.5
14.39557,11.486163,-1.5462347,-3.5156322,14.857593,1786144.2,97359.26,0.21304865,0.029729003,2835113.8
15.044104,12.073642,-3.263325,-3.4277487,16.215303,3416419.5,175192.7,0.03826097,0.032459937,11020893.0
14.268874,11.93248,-3.2525904,-1.9615064,15.178582,1573596.2,152128.34,0.038673896,0.1406464,3908179.5
13.438012,11.129673,-2.963693,-2.4375613,14.896132,685574.25,68164.08,0.051627908,0.087373674,2946511.5
14.629122,12.142958,-4.441214,-3.6105616,15.88036,2256040.2,187767.11,0.011781626,0.02703666,7884108.0
14.600704,12.088794,-4.194187,-2.9281223,16.601582,2192831.5,177867.42,0.015082997,0.053497396,16217177.0
13.405383,10.6502285,-3.742097,-2.3212757,16.695757,663565.7,42202.24,0.023704344,0.098148294,17818662.0
14.026034,11.330949,-3.3292887,-3.7786808,15.799989,1234324.4,83362.08,0.035818573,0.02285282,7275250.0
14.145714,11.638611,-4.5759907,-2.946354,16.65732,1391250.9,113392.53,0.010296094,0.05253089,17146764.0
13.395656,11.00103,-4.109222,-2.822561,14.946241,657142.1,59935.844,0.016420545,0.059453487,3097919.8
13.529601,10.992764,-3.7609096,-3.0729334,15.514042,751330.6,59442.484,0.023262572,0.046285182,5465914.0
14.272313,11.41125,-1.626818,-3.5241694,15.058173,1579017.1,90332.27,0.19655402,0.02947628,3464826.8
13.4249,11.11019,-2.3435254,-1.4416609,14.4226465,676643.6,66848.914,0.09598864,0.23653458,1835167.9
13.729814,11.256536,-1.4997222,-2.669489,14.508634,917872.3,77384.016,0.22319214,0.06928763,1999951.8
14.792269,12.042124,-3.1918814,-3.6426594,16.589882,2655832.5,169757.1,0.041094482,0.02618262,16028547.0
13.896679,11.240341,-2.8867264,-2.4843507,15.113841,1084553.5,76140.92,0.055758446,0.08337968,3663176.0
13.072866,12.008581,-3.8913417,-2.7617414,16.830397,475854.03,164157.42,0.020417932,0.063181646,20386768.0
14.033179,11.573145,-2.9053001,-2.4711986,14.748688,1243175.1,106206.96,0.05473236,0.08448354,2542574.5
14.521715,11.89598,-3.9667482,-2.7164571,15.285868,2026286.1,146675.78,0.018934906,0.066108555,4350788.5
14.474159,12.247004,-4.024709,-1.2314459,15.29691,1932179.6,208356.03,0.01786862,0.29187027,4399099.0
14.973505,12.3706255,-4.2378,-1.7453398,15.718354,3183542.2,235773.17,0.014439322,0.17458567,6704934.0
13.193327,13.030353,-3.4396837,-1.3458517,16.419176,536771.06,456047.66,0.03207483,0.26031792,13513181.0
13.694575,11.052118,-3.3376026,-2.9159195,14.486113,886091.3,63077.43,0.035522014,0.05415421,1955414.2
13.733611,11.251879,-1.7537712,-1.8977549,14.420711,921364.6,77024.49,0.17311984,0.14990479,1831618.5
12.961216,11.16206,-2.4488256,-1.7144064,14.582662,425583.3,70407.83,0.08639499,0.18007058,2153622.0
14.822348,12.6495695,-3.2075489,-2.0831988,16.590391,2736930.8,311629.28,0.040455654,0.124531224,16036712.0
14.30072,12.127417,-3.6996465,-2.6297264,15.73155,1624515.6,184871.56,0.02473227,0.07209819,6793998.5
13.7591,10.983522,-1.8513362,-2.7789154,15.009326,945151.0,58895.645,0.1570272,0.06210583,3299646.8
12.818071,10.5131445,-2.2216132,-2.8222876,14.791369,368822.72,36796.004,0.108434044,0.059469745,2653445.2
13.362943,11.218544,-1.5273203,-3.0200531,15.025786,635992.94,74499.23,0.2171167,0.048798624,3354409.8
12.420153,11.939083,-2.444299,-2.6186903,15.767344,247744.36,153136.22,0.086786956,0.072898276,7041589.5
12.460335,10.5606365,-2.1684158,-2.963416,15.097524,257901.95,38585.68,0.11435864,0.0516422,3603887.5
13.623597,12.22976,-2.58207,-2.284095,15.420094,825378.3,204794.06,0.075617306,0.10186621,4975784.0
13.2202215,12.337464,-3.4158807,-2.744512,16.52726,551403.2,228082.88,0.032847464,0.06427965,15055589.0
12.910635,10.613173,-2.6389787,-2.8437555,16.027613,404592.22,40667.01,0.071434185,0.058206663,9134899.0
14.387685,11.767193,-2.6150796,-2.6929634,15.203018,1772115.9,128951.66,0.07316196,0.06768008,4004856.0
12.929905,11.056785,-4.426574,-1.2972854,14.524047,412464.3,63372.457,0.011955376,0.2732726,2031016.4
14.6813135,11.485886,-3.9553628,-3.3121622,14.620382,2376914.0,97332.24,0.01915172,0.036437307,2236409.8
14.361699,11.700942,-4.074216,-2.918953,16.525587,1726659.4,120685.35,0.017005544,0.05399019,15030426.0
14.553586,11.923961,-3.5370421,-2.7747128,15.480419,2091905.6,150837.84,0.02909927,0.062367387,5285190.0
12.713336,10.989824,-3.9372885,-2.2965477,14.810829,332148.03,59267.97,0.01950102,0.10060557,2705586.2
14.204563,11.219668,-3.5821738,-3.8813646,15.220753,1475582.1,74583.04,0.027815167,0.020622665,4076513.8
14.503112,11.849634,-1.7515255,-2.5008907,15.326957,1988938.9,140033.11,0.17350905,0.082011916,4533282.0
13.507052,11.762483,-4.3904057,-2.4436927,15.118789,734578.7,128345.695,0.0123956995,0.08683959,3681345.0
12.942958,11.253841,-4.375919,-1.4394122,14.959194,417883.47,77175.81,0.012576581,0.23706706,3138307.5
14.938637,12.059924,-2.094669,-3.2296622,15.412052,3074450.5,172805.88,0.12311097,0.039570864,4935932.5
14.652775,12.2493305,-3.22287,-2.338925,16.220966,2310038.8,208841.42,0.039840546,0.096431255,11083481.0
14.653768,11.971145,-2.577369,-2.5835428,15.357268,2312333.2,158125.56,0.07597363,0.075506024,4672797.0
13.916292,11.242841,-2.1526759,-2.4929297,13.913276,1106035.1,76331.484,0.11617288,0.08266742,1102703.8
14.355482,11.544112,-3.2070844,-3.6648743,15.47552,1715958.0,103167.81,0.04047445,0.02560739,5259361.0
14.173897,11.3003,-2.7057385,-3.254481,14.916446,1431018.2,80845.86,0.06682096,0.038600847,3006976.8
14.338109,12.053862,-2.158957,-1.0548861,14.826022,1686404.0,171761.4,0.115445465,0.3482321,2747006.0
13.860874,11.048533,-4.0328555,-2.6129532,14.337617,1046408.3,62851.71,0.017723648,0.0733177,1685574.4
14.229847,12.056297,-2.2647593,-1.2839345,15.534233,1513366.1,172180.27,0.10385503,0.27694553,5577399.0
13.346431,11.591107,-3.0339122,-2.616976,16.511658,625577.7,108131.93,0.048126988,0.07302335,14822513.0
13.893199,10.990237,-1.4811038,-3.8566828,16.861244,1080785.9,59292.45,0.22738656,0.021138003,21025450.0
14.459723,11.189346,-2.5581295,-3.1777809,14.569316,1904487.5,72355.47,0.07744947,0.04167804,2125071.2
13.699976,10.921154,-2.9735587,-3.2875268,14.906398,890889.75,55334.62,0.051121064,0.0373461,2976914.2
14.1747,12.033395,-1.7478566,-2.3879426,15.498621,1432167.8,168281.73,0.1741468,0.0918184,5382271.0
12.477386,10.058163,-2.5101218,-3.6152892,14.933991,262337.34,23345.574,0.08125834,0.02690914,3060201.8
14.285942,11.944333,-2.8387275,-2.792208,16.015097,1600684.8,153942.3,0.058500063,0.06128575,9021279.0
12.797326,11.900049,-1.987614,-1.6406258,15.148891,361250.22,147273.88,0.13702196,0.19385868,3793848.2
13.022948,10.575903,-4.300203,-2.7908924,13.889032,452683.4,39179.266,0.013565807,0.061366428,1076292.0
12.527201,10.740582,-3.436415,-2.9666443,14.530007,275736.44,46192.95,0.032179844,0.05147576,2043158.4
14.00681,11.241914,-4.0843954,-3.7011604,16.440252,1210822.2,76260.76,0.016833313,0.024694853,13801010.0
14.3632965,11.348032,-2.6796997,-3.0569708,14.923496,1729419.8,84798.41,0.06858375,0.047029942,3028252.5
14.241541,11.755007,-2.9202824,-3.260834,16.602835,1531167.2,127389.78,0.053918462,0.038356397,16237512.0
14.047762,11.364309,-2.0472317,-3.5713696,15.675634,1261436.8,86189.99,0.12909178,0.028117316,6424532.5
14.832903,12.563247,-3.2387526,-1.8232487,16.959856,2765972.8,285856.94,0.03921278,0.16150023,23204482.0
14.374706,11.842341,-3.6620908,-2.7924707,15.231882,1749265.0,139015.6,0.025678769,0.06126965,4122136.2
15.224618,12.480932,-2.7563066,-3.2959826,16.221907,4092301.0,263269.16,0.06352596,0.03703164,11093908.0
13.418576,10.712576,-3.458869,-3.295187,15.650719,672378.2,44917.19,0.03146533,0.037061114,6266438.0
14.952422,12.529589,-4.5763116,-2.1534562,16.0023,3117126.5,276395.66,0.010292791,0.11608226,8906574.0
14.138893,11.22447,-1.4504092,-4.035107,15.004899,1381793.9,74942.03,0.23447433,0.017683785,3285071.8
12.957353,10.572507,-4.088706,-1.4641604,13.955338,423942.3,39046.438,0.016760908,0.23127207,1150074.8
13.286053,12.954691,-1.6420511,-1.3831986,16.081823,588924.2,422815.38,0.19358258,0.25077513,9643777.0
13.140025,10.5908375,-3.3241048,-3.0842566,14.770375,508909.3,39768.78,0.036004737,0.04576404,2598319.0
13.175235,12.456952,-3.28357,-1.9871421,16.344479,527147.06,257031.03,0.03749416,0.13708664,12540558.0
13.874556,11.237123,-3.1981618,-3.779608,16.661839,1060823.0,75896.25,0.0408372,0.02283164,17224418.0
13.784395,10.888937,-2.8853018,-3.0092063,14.10597,969363.75,53580.312,0.055837933,0.049330816,1337042.1
12.864598,10.989591,-3.257332,-2.9443405,16.76707,386388.38,59254.12,0.03849095,0.052636765,19135786.0
14.715606,12.932834,-3.299715,-1.3108665,16.72737,2459837.2,413674.06,0.03689368,0.26958635,18390952.0
12.524919,11.092817,-2.091306,-2.5234392,16.915937,275107.88,65697.58,0.12352571,0.080183364,22207428.0
14.979488,12.22676,-2.7717407,-2.4431365,15.7134075,3202647.5,204180.55,0.062553026,0.0868879,6671848.5
14.825599,12.0696125,-1.7456934,-3.2071788,16.104914,2745843.0,174488.22,0.17452392,0.040470626,9869046.0
13.864239,11.406179,-2.1835892,-3.1156485,14.948549,1049934.9,89875.39,0.11263653,0.044349737,3105077.5
14.383559,11.941913,-3.6954658,-1.997684,15.248304,1764820.0,153570.14,0.024835883,0.13564909,4190390.0
14.014486,11.37599,-2.5310304,-3.4084423,16.361374,1220152.4,87202.64,0.079576984,0.03309271,12754235.0
14.805743,12.707239,-4.034736,-1.7334526,16.149246,2691860.8,330129.12,0.017690348,0.17667338,10316408.0
14.597803,11.749726,-3.7530987,-3.6459343,16.730057,2186479.2,126718.87,0.023444984,0.026097015,18440442.0
14.375404,11.42408,-3.4567146,-3.5367844,15.101836,1750486.6,91498.69,0.03153319,0.029106772,3619463.0
14.896235,11.755718,-3.7303631,-3.0806727,15.420597,2946815.0,127480.445,0.023984125,0.045928348,4978290.5
14.445631,11.158732,-3.2597933,-3.7221892,14.404027,1877836.8,70173.945,0.038396336,0.024180973,1801314.0
13.072664,11.147603,-2.2550921,-2.8954034,14.29433,475757.84,69397.29,0.10486388,0.05527672,1614167.1
14.222322,11.812425,-3.4097028,-2.7611163,15.349441,1502021.5,134918.3,0.03305102,0.06322116,4636362.0
14.49645,11.536884,-3.4160273,-2.9157653,15.274403,1975733.8,102424.81,0.03284265,0.054162566,4301191.5
13.743533,11.241649,-1.4277968,-2.7071052,14.65959,930551.9,76240.55,0.23983674,0.0667297,2325835.2
14.417542,11.717989,-3.9242654,-2.3679461,14.9556265,1825824.9,122760.305,0.019756645,0.09367292,3127130.8
14.140078,11.418924,-3.4601429,-1.4474418,14.542218,1383431.5,91028.17,0.03142527,0.23517112,2068260.0
13.00905,11.361223,-3.6391153,-2.5321267,15.028474,446435.56,85924.41,0.026275579,0.07948979,3363436.8
14.669086,11.999712,-4.4481535,-1.4388077,15.035012,2348028.2,162707.92,0.0117001515,0.23721041,3385500.2
13.064992,11.189643,-3.470276,-2.5024657,14.977309,472121.66,72376.93,0.031108439,0.08188285,3195676.0
14.877991,12.389372,-3.9419248,-2.471589,15.730998,2893538.5,240234.75,0.019410817,0.08445055,6790248.0
14.59702,11.663,-2.2403588,-1.9600931,14.784536,2184768.0,116192.09,0.10642031,0.1408453,2635375.8
14.535441,12.742375,-3.44469,-1.0360532,16.500568,2054291.1,341934.8,0.031914655,0.35485247,14659049.0
14.052727,11.449309,-1.7687448,-2.7365932,15.078223,1267715.1,93836.516,0.17054692,0.064790696,3534997.8
14.187184,11.112292,-2.4901354,-3.3452518,14.284943,1450159.9,66989.58,0.082898736,0.035251338,1599085.8
14.099571,11.392452,-3.3300536,-1.4398798,14.540724,1328513.5,88650.086,0.03579119,0.23695624,2065171.4
13.995263,11.149635,-2.6633854,-3.0399241,15.408218,1196921.1,69538.46,0.06971182,0.047838517,4917045.5
12.965959,10.809586,-2.930072,-1.7399254,13.901519,427606.47,49492.953,0.05339319,0.1755335,1089815.4
13.996532,11.444782,-2.525897,-2.1975417,14.889468,1198441.4,93412.67,0.07998653,0.11107588,2926940.5
14.142235,11.090746,-2.809666,-3.3867302,14.298145,1386419.1,65561.63,0.06022511,0.03381908,1620338.0
12.950177,11.191102,-3.6154833,-2.6281545,16.427717,420911.22,72482.62,0.02690392,0.07221161,13629092.0
14.594074,12.020783,-3.9603462,-2.6492279,16.173286,2178341.2,166172.8,0.019056516,0.07070579,10567422.0
14.430528,11.704975,-3.323499,-2.9056306,15.561273,1849688.2,121173.07,0.036026556,0.054714277,5730266.5
12.587722,10.734502,-2.0910177,-2.8824732,14.430035,292939.62,45912.92,0.12356132,0.0559961,1848776.5
14.40781,11.751514,-4.141898,-2.8595772,15.8203535,1808141.8,126945.664,0.015892657,0.05729298,7424927.5
14.626341,12.0920515,-2.5448,-3.3605886,15.549979,2249775.2,178447.81,0.078488745,0.03471482,5665916.5
13.489857,10.951531,-1.6091088,-3.87407,14.8153,722055.06,57041.332,0.20006584,0.02077365,2717709.5
12.596595,10.225713,-4.3098345,-2.8738465,14.141174,295550.44,27603.912,0.013435774,0.05648125,1384949.6
14.76127,11.990827,-3.3465044,-1.5388712,15.373668,2574767.0,161268.61,0.03520721,0.21462324,4750059.5
14.305628,12.412621,-1.707449,-1.7681521,15.57706,1632507.6,245885.33,0.18132778,0.17064804,5821449.0
13.630756,10.888641,-3.6690273,-2.8815138,14.873657,831308.6,53564.477,0.025501262,0.05604985,2881026.5
14.693596,12.561521,-4.1061635,-1.2248459,15.930489,2406288.0,285363.94,0.016470844,0.29380298,8289403.5
14.011513,10.913986,-3.2507715,-3.3506508,14.412185,1216529.6,54939.41,0.038744304,0.03506153,1816068.8
14.61352,11.903062,-2.4482508,-2.8153608,15.345025,2221114.5,147718.23,0.08644467,0.05988311,4615935.5
12.391789,11.445932,-1.8177088,-1.535247,14.60807,240816.23,93520.164,0.1623974,0.21540248,2209044.0
15.097469,12.141188,-4.3895245,-2.8549395,15.670733,3603691.8,187435.05,0.012406628,0.057559304,6393123.0
12.304608,10.536447,-3.2791858,-3.1447294,15.439771,220710.77,37663.492,0.037658907,0.04307858,5074663.0
14.7863455,12.286232,-1.3947288,-2.7736566,15.6277275,2640147.8,216691.94,0.24790026,0.06243329,6124009.0
15.287432,12.141921,-2.1696627,-3.7152283,16.41444,4357598.5,187572.56,0.114216134,0.024349881,13449334.0
12.656486,10.791965,-2.6098375,-2.7144964,14.33169,313791.97,48628.473,0.07354649,0.06623831,1675613.4
12.662145,10.766857,-1.8641241,-2.0650504,14.406177,315572.78,47422.742,0.15503195,0.1268119,1805190.2
12.431093,11.358588,-2.9653523,-1.3535975,14.389576,250469.7,85698.3,0.05154231,0.2583093,1775470.4
14.252968,11.623008,-1.7397646,-2.6849265,14.603441,1548764.1,111636.99,0.17556173,0.06822621,2198841.5
15.282194,12.755147,-4.5289593,-2.486541,16.241182,4334835.0,346329.88,0.0107919015,0.08319724,11309824.0
13.895466,11.031098,-4.2021155,-3.4522855,15.1063175,1083238.6,61765.383,0.014963887,0.031673163,3635719.2
14.068165,11.305932,-1.4138516,-4.0620146,16.418625,1287438.1,81302.5,0.24320474,0.017214304,13505734.0
12.54091,10.544462,-4.36913,-3.099637,16.286161,279542.53,37966.605,0.012662251,0.045065556,11830144.0
13.01558,10.653049,-3.8339636,-2.1949155,14.306127,449360.25,42321.457,0.021623736,0.11136797,1633322.1
13.025135,10.892322,-3.5413914,-1.2740899,14.364727,453674.4,53761.97,0.028972987,0.27968538,1731895.5
14.822125,12.3050995,-1.9030387,-2.752175,16.394194,2736322.5,220819.19,0.1491148,0.063788965,13179770.0
12.650239,10.963288,-3.2251682,-1.3278656,14.349953,311837.97,57715.918,0.039749093,0.26504236,1706496.0
14.388277,11.604746,-3.2391942,-2.4325209,14.750283,1773165.8,109616.8,0.039195467,0.08781518,2546634.5
14.418173,11.213038,-3.2747111,-3.7127562,14.365987,1826976.2,74090.195,0.037827794,0.024410153,1734078.8
14.895893,11.987739,-3.165308,-1.6437943,14.868601,2945806.2,160771.38,0.042201143,0.19324541,2866495.8
13.809986,12.288777,-2.3607845,-1.2008524,15.676204,994490.8,217244.2,0.09434617,0.3009376,6428191.0
14.655472,11.890758,-2.5168157,-2.6597142,15.197066,2316277.2,145911.8,0.08071622,0.069968216,3981090.5
13.272071,12.023435,-3.9604921,-1.8849264,15.534673,580747.25,166613.94,0.019053735,0.15184022,5579851.5
14.879792,11.276395,-3.3124325,-3.8528101,14.06017,2898756.0,78936.17,0.036427457,0.021220021,1277186.5
12.596257,9.926682,-4.4625072,-2.7081065,14.763709,295450.7,20469.32,0.01153341,0.066662915,2581055.8
12.811898,10.648761,-3.9381807,-3.1032896,15.105195,366552.94,42140.34,0.01948363,0.04490125,3631640.5
12.786319,10.999755,-4.585014,-1.1600468,14.282771,357295.62,59859.47,0.010203608,0.3134715,1595617.1
15.061596,12.063976,-3.9588983,-3.7714207,15.682033,3476706.2,173507.53,0.019084128,0.023019336,6465769.5
14.590494,12.119892,-4.417318,-1.9941858,16.07722,2170556.5,183485.72,0.012066553,0.13612445,9599494.0
14.144275,12.484759,-4.4420743,-1.7755598,15.944842,1389250.1,264278.66,0.011771495,0.1693886,8409246.0
12.518404,11.684241,-1.7637371,-2.179697,15.304399,273321.5,118686.555,0.17140312,0.113075785,4432164.0
12.896425,10.850451,-4.5453987,-1.6949527,14.431196,398883.72,51557.42,0.010615939,0.1836079,1850925.2
14.192807,11.753567,-2.019491,-2.9667149,16.194284,1458336.9,127206.46,0.132723,0.051472127,10791663.0
12.372733,10.203833,-2.093391,-2.9523983,14.976731,236270.62,27006.494,0.12326843,0.05221433,3193829.8
13.376637,11.49018,-4.103804,-2.3932908,16.589697,644762.6,97751.125,0.01650975,0.09132865,16025582.0
13.6234,11.155277,-4.412329,-1.5528107,14.597855,825215.44,69931.91,0.012126899,0.21165225,2186591.8
13.878109,11.255826,-4.3741345,-2.854915,15.959324,1064599.2,77329.13,0.012599042,0.05756072,8531911.0
14.465164,11.605714,-3.8598163,-3.4075181,15.363337,1914877.5,109722.95,0.02107187,0.033123307,4701238.5
14.980006,12.102464,-1.5595607,-2.9458072,15.545321,3204306.5,180315.56,0.21022841,0.052559614,5639587.5
14.594969,11.67304,-3.084513,-3.5576756,15.217679,2180290.8,117364.58,0.045752313,0.028505005,4064003.0
12.524068,10.759228,-2.3153093,-2.2880778,14.147148,274873.94,47062.31,0.09873564,0.1014613,1393247.8
14.1618805,12.490951,-3.2754538,-1.071342,16.190422,1413925.6,265919.94,0.037799712,0.34254852,10750062.0
13.55485,11.165741,-2.7875688,-1.834214,14.493775,770542.1,70667.49,0.061570723,0.15973902,1970455.6
13.404761,10.725761,-1.4794875,-3.7865636,15.029736,663153.2,45513.37,0.22775437,0.022673381,3367683.0
13.9711075,11.088918,-2.7774107,-2.8088248,14.435,1168355.1,65441.883,0.06219935,0.06027579,1857980.0
14.804702,12.264079,-3.7947972,-2.2229023,16.528345,2689058.8,211944.36,0.022487465,0.10829435,15071937.0
13.239506,11.925493,-2.9930675,-3.1980257,16.459991,562139.75,151069.19,0.050133415,0.04084276,14076136.0
14.02563,11.383743,-1.4101609,-3.825973,16.190647,1233825.4,87881.38,0.244104,0.021797216,10752482.0
14.546293,12.303437,-3.4266782,-2.328917,16.565903,2076705.4,220452.44,0.0324947,0.09740117,15648767.0
14.163873,11.696294,-2.7980247,-2.6162214,15.510446,1416745.2,120125.68,0.0609303,0.073078476,5446292.0
14.481493,11.552349,-1.5408674,-3.264469,15.151063,1946401.8,104021.1,0.21419522,0.038217228,3802095.8
14.153036,11.965478,-4.1341786,-2.9135697,16.34865,1401475.4,157232.03,0.016015815,0.054281615,12592979.0
14.266816,11.151473,-2.4300323,-3.9670818,15.474758,1570361.1,69666.375,0.088034,0.018928591,5255355.0
14.682526,11.639097,-2.6285355,-3.4966636,15.791196,2379796.8,113447.7,0.0721841,0.030298304,7211560.0
13.842109,11.273325,-3.1030488,-1.0079721,14.329352,1026955.06,78694.22,0.044912066,0.36495832,1671701.2
13.373208,12.111615,-1.9897883,-1.6294789,15.555406,642555.25,181973.28,0.13672437,0.19603169,5696745.5
13.4119425,11.662717,-4.057449,-1.8182044,15.131941,667932.56,116159.19,0.01729308,0.16231695,3730082.2
13.132106,11.114458,-2.184928,-1.2447324,14.214796,504895.03,67134.82,0.11248584,0.288018,1490759.1
14.842222,12.038045,-2.9018135,-3.6847308,15.543327,2791870.0,169066.08,0.054923527,0.025103932,5628352.5
13.362835,11.124976,-3.546758,-2.7946095,14.664354,635924.4,67844.67,0.028817918,0.06113874,2336943.2
13.436882,10.757056,-3.7094102,-1.9097756,14.190217,684799.94,46960.223,0.024491964,0.14811362,1454564.4
13.904212,11.129747,-3.924714,-3.4010468,14.802627,1092754.4,68169.15,0.019747782,0.033338353,2683484.2
13.580005,11.020826,-2.3115792,-3.4829504,14.912299,790171.0,61134.176,0.09910462,0.03071665,2994534.0
13.847355,10.805491,-4.4539013,-3.2999039,14.284823,1032356.8,49290.74,0.011633094,0.036886714,1598895.1
12.868945,10.732644,-3.312389,-1.5373718,14.447549,388071.6,45827.703,0.036429044,0.21494529,1881441.6
14.6929245,12.576446,-3.026478,-2.0963614,16.310167,2404673.0,289654.94,0.048486102,0.12290281,12117574.0
13.983255,11.4594,-1.6163797,-3.3815632,15.2624445,1182634.8,94788.195,0.19861645,0.033994272,4250063.5
14.687919,13.050463,-1.4441773,-1.3143036,15.973369,2392665.8,465311.7,0.23594011,0.26866135,8652585.0
14.262192,11.466861,-2.3255663,-3.2457194,15.628185,1563115.9,95498.016,0.09772809,0.038940538,6126813.0
13.550149,11.156234,-3.1086185,-3.243865,16.071733,766928.56,69998.83,0.044662613,0.03901282,9546961.0
13.25626,10.845535,-2.1996977,-2.6572392,14.501552,571637.25,51304.58,0.110836655,0.0701416,1985838.1
14.250954,11.8571825,-2.2279468,-3.400152,16.378357,1545647.8,141094.12,0.10774944,0.0333682,12972690.0
14.950119,11.935904,-4.2008295,-3.895009,15.67937,3109955.8,152650.08,0.014983143,0.02034319,6448576.0
14.63494,11.585386,-4.0105557,-3.6633155,15.156722,2269205.0,107515.07,0.018123321,0.025647337,3823673.0
14.514727,12.340493,-1.9130427,-2.8519645,16.475582,2012174.8,228774.75,0.14763051,0.057730798,14297312.0
13.155886,10.992396,-3.2438092,-2.7543254,14.408783,517045.25,59420.605,0.039014995,0.06365194,1809901.5
15.099704,12.272111,-3.748151,-2.9832642,15.728123,3611753.0,213653.53,0.023561269,0.050627306,6770752.0
14.638775,11.844878,-1.9217895,-1.9489223,15.412358,2277923.5,139368.7,0.14634484,0.14242749,4937443.5
14.687568,11.737565,-4.595467,-2.2823465,14.973274,2391826.2,125187.14,0.010097504,0.10204448,3182807.5
13.839597,10.709098,-3.2413304,-3.4273798,16.159122,1024378.6,44761.24,0.039111827,0.03247191,10418800.0
13.363766,10.84665,-2.66543,-2.8664296,16.04651,636516.56,51361.81,0.069569424,0.056901727,9309172.0
13.233839,10.905801,-3.5238316,-3.4370184,15.521606,558963.25,54491.543,0.029486239,0.03216043,5507418.0
14.908189,12.288124,-3.7467582,-2.8536637,16.132065,2982250.8,217102.33,0.02359411,0.057632785,10140672.0
15.417824,12.251171,-4.0155945,-3.685788,15.898242,4964503.0,209226.17,0.018032232,0.025077408,8026362.5
14.231682,12.176253,-1.7238154,-2.7563941,16.36817,1516145.5,194124.17,0.17838423,0.0635204,12841206.0
13.808922,10.713649,-3.5131211,-3.5552835,14.479818,993432.94,44965.41,0.029803747,0.028573273,1943145.0
13.312061,11.10919,-1.9603022,-3.1419241,14.772933,604442.2,66782.08,0.14081585,0.043199595,2604973.2
13.578008,11.771356,-3.7690473,-4.1263013,16.661417,788594.6,129489.57,0.023074036,0.016142474,17217158.0
14.223718,11.716728,-3.0781858,-2.798275,15.741535,1504118.6,122605.625,0.04604271,0.06091505,6862176.0
14.628465,11.561566,-3.2359617,-3.6041613,15.199639,2254558.5,104984.33,0.039322373,0.027210258,3991347.0
13.911857,11.637603,-2.0478222,-2.237194,15.40772,1101140.1,113278.29,0.12901556,0.10675764,4914593.5
13.315074,10.848821,-2.4239616,-3.0993195,15.14645,606265.94,51473.414,0.088570036,0.045079872,3784597.2
13.745244,11.189829,-3.252596,-2.8445199,16.553244,932145.3,72390.39,0.038673684,0.058162186,15451917.0
14.893256,12.349067,-4.3377867,-2.7834811,15.753483,2938048.8,230744.6,0.0130654145,0.06182292,6944654.5
12.698924,10.149273,-1.8819424,-3.521352,16.091087,327395.47,25572.502,0.15229401,0.029559443,9733532.0
14.436647,12.428782,-4.1781306,-1.6852833,16.948635,1861042.6,249891.6,0.015327133,0.1853919,22945562.0
13.624437,10.432055,-3.9344873,-3.3968332,14.909058,826072.1,33930.02,0.019555721,0.033479124,2984842.8
12.350241,10.184204,-3.92819,-2.9596672,16.318472,231015.64,26481.564,0.01967926,0.051836167,12218624.0
13.379539,11.167729,-3.4498682,-2.5370984,16.383335,646635.8,70808.15,0.031749822,0.07909557,13037431.0
13.811099,11.577212,-2.1641142,-1.0130965,14.479108,995598.2,106639.83,0.114851624,0.36309293,1941764.9
13.985541,11.557518,-4.0829597,-1.1034373,14.97966,1185341.4,104560.17,0.0168575,0.33172888,3203197.2
14.599198,11.797046,-1.6460161,-2.9332879,16.413635,2189532.0,132859.27,0.19281654,0.053221766,13438513.0
14.063838,11.132921,-3.6352932,-1.4803702,14.059218,1281879.6,68385.85,0.026376199,0.22755344,1275971.5
13.841324,12.17236,-2.5017545,-3.1568131,16.36295,1026149.3,193369.94,0.081941105,0.042561162,12774344.0
15.282404,11.915701,-3.9235957,-3.8611903,15.648713,4335744.5,149597.1,0.01976988,0.021042937,6253883.0
14.618982,11.557794,-3.676554,-3.8451474,16.5042,2233281.0,104588.99,0.025310043,0.02138325,14712382.0
14.158343,11.983976,-2.0594263,-1.69438,16.148197,1408933.1,160167.66,0.12752712,0.1837131,10305592.0
12.64248,10.657297,-3.3074636,-2.265648,14.236959,309427.75,42501.605,0.03660891,0.10376278,1524168.4
13.388297,11.30733,-1.9527965,-2.42289,15.921238,652324.25,81416.25,0.14187676,0.08866501,8213075.0
14.025964,11.840266,-1.7199001,-2.855969,15.958593,1234237.4,138727.4,0.17908403,0.05750008,8525680.0
12.339914,10.550517,-3.7801542,-1.4672905,14.01116,228642.36,38197.184,0.022819173,0.2305493,1216100.4
12.8960285,10.9962,-1.7928721,-2.499261,14.623938,398725.5,59647.027,0.16648133,0.08214569,2244375.0
12.890652,10.6847925,-2.9032784,-2.9154017,16.201307,396587.38,43686.418,0.05484313,0.05418226,10867718.0
14.442928,11.554531,-1.5895164,-2.588912,14.959887,1872768.4,104248.33,0.20402426,0.0751017,3140481.0
14.96881,11.743151,-2.809698,-2.9435282,15.042471,3168630.8,125888.35,0.06022317,0.05267954,3410846.0
12.645906,11.270119,-1.6378794,-2.5172977,16.619036,310489.84,78442.31,0.19439183,0.08067732,16502719.0
14.04091,11.611432,-3.1635613,-3.6418848,15.346839,1252822.8,110352.17,0.04227492,0.02620291,4624315.5
14.039135,11.570141,-1.7923149,-3.2959635,16.752104,1250601.2,105888.38,0.16657412,0.037032347,18851514.0
13.9457855,11.557096,-4.509182,-2.8279939,16.807005,1139141.6,104516.01,0.011007461,0.05913136,19915422.0
13.267533,10.750367,-3.9467988,-2.4572606,14.301426,578118.0,46647.152,0.019316439,0.08566931,1625662.4
13.434313,12.094005,-4.006028,-1.8093804,16.138914,683042.8,178796.69,0.01820556,0.16375557,10210367.0
14.647603,11.8501425,-4.11735,-3.0689218,15.649935,2298122.5,140104.31,0.016287617,0.046471234,6261528.0
13.964857,12.510519,-3.6488097,-2.1661704,16.235983,1161075.2,271174.84,0.026022086,0.114615716,11251172.0
12.390615,10.544038,-2.190835,-2.207743,14.001674,240533.69,37950.496,0.111823335,0.10994853,1204618.8
13.456291,11.366152,-4.485074,-1.1926662,14.896325,698221.2,86348.94,0.011276052,0.30341125,2947079.2
14.347609,11.59751,-2.0388036,-2.1873696,14.675817,1702500.4,108826.52,0.13018437,0.112211525,2363884.0
13.972081,11.215817,-3.4390059,-2.8052616,14.700893,1169493.4,74296.375,0.03209658,0.060490943,2423912.2
12.875185,11.171728,-2.8836043,-2.6586292,16.143793,390500.7,71091.86,0.0559328,0.070044175,10260305.0
15.010211,12.237466,-1.4067183,-3.9556558,16.788147,3302568.2,206378.23,0.24494581,0.019146109,19543376.0
13.19833,11.250197,-2.136992,-1.6719227,15.964364,539463.25,76895.1,0.118009284,0.18788548,8575021.0
12.863489,10.925459,-3.1763828,-2.3860378,14.454181,385960.06,55573.344,0.041736353,0.09199346,1893960.5
13.449227,11.434523,-4.181045,-3.0194874,16.856876,693306.44,92459.19,0.0152825285,0.04882624,20933816.0
12.412204,11.622579,-3.1422071,-1.751318,14.936508,245782.88,111589.09,0.043187372,0.17354506,3067913.2
13.043533,10.730357,-2.2678187,-1.1467153,14.141037,462098.5,45723.02,0.10353778,0.31767854,1384759.4
13.56405,11.713492,-3.0983956,-2.4419713,15.45102,777663.94,122209.54,0.04512154,0.0869892,5132073.0
14.526283,11.6895275,-4.0462747,-3.5069997,16.954056,2035563.5,119315.62,0.0174874,0.029986748,23070280.0
14.414427,11.69627,-1.7000358,-4.011695,16.074972,1820145.1,120122.82,0.18267699,0.018102687,9577931.0
12.631677,10.868795,-3.1916707,-1.2887722,14.169749,306102.94,52511.918,0.041103143,0.27560896,1425095.4
12.714906,11.205221,-1.5063698,-1.3276792,14.471635,332669.8,73513.266,0.22171338,0.26509178,1927308.1
13.747685,11.229876,-3.1216629,-3.3726969,15.755397,934423.9,75348.22,0.044083804,0.03429702,6957959.5
14.799482,11.937043,-3.3092089,-3.900458,15.524294,2675060.0,152824.16,0.036545075,0.02023264,5522238.5
14.725031,12.412571,-4.322616,-1.3907793,16.562994,2483131.2,245873.12,0.013265135,0.24888128,15603316.0
13.120828,11.051922,-3.192519,-1.864957,14.42157,499232.75,63065.04,0.041068293,0.15490288,1833193.0
14.2427435,11.456421,-2.4349303,-1.673559,14.627079,1533009.8,94506.22,0.08760385,0.18757829,2251436.5
13.877016,11.38848,-3.908562,-2.9232366,14.881346,1063436.4,88298.66,0.02006934,0.053759407,2903262.8
13.866687,11.301532,-3.4226732,-3.4959843,16.375914,1052508.4,80945.53,0.032625105,0.03031889,12941032.0
13.540726,12.25669,-1.5290627,-1.817606,15.640796,759735.56,210384.06,0.21673872,0.1624141,6204564.0
14.191756,11.613097,-2.2869174,-2.6983864,15.102807,1456805.0,110536.07,0.1015791,0.06731404,3622978.5
14.7710085,11.981796,-4.1955423,-2.5486696,15.955598,2599964.8,159818.84,0.0150625715,0.07818562,8500180.0
13.569401,12.358514,-3.0974505,-1.0697628,15.412908,781836.4,232934.8,0.0451642,0.34308988,4940156.5
14.778268,11.640139,-4.4726963,-3.7544236,15.677236,2618907.8,113565.91,0.011416492,0.023413941,6434827.5
13.27575,10.357845,-3.4909642,-3.6270945,13.955105,582887.9,31503.229,0.030471478,0.026593339,1149807.2
12.914346,10.691012,-4.565461,-2.4078681,14.421324,406096.34,43958.99,0.010405079,0.09000697,1832742.0
13.330195,11.335363,-2.0952494,-2.3303313,14.406104,615503.2,83730.9,0.12303955,0.097263515,1805059.5
13.319486,11.991691,-1.8164647,-2.7167962,16.356173,608946.5,161408.0,0.16259958,0.06608614,12688068.0
13.633165,10.919321,-3.4322128,-3.1026738,14.049567,833313.6,55233.285,0.032315355,0.044928912,1263716.1
13.011045,10.804596,-2.5082073,-3.3531845,15.586614,447327.12,49246.617,0.08141406,0.034972806,5877333.0
14.977458,12.169386,-4.015439,-3.5622778,16.866001,3196151.5,192795.61,0.018035036,0.02837412,21125706.0
14.988931,11.975379,-4.5654554,-3.1934953,16.086477,3233031.2,158796.53,0.010405139,0.041028216,9688763.0
12.469266,11.192896,-4.4055533,-1.7944304,16.179157,260215.64,72612.76,0.012209348,0.16622211,10629644.0
14.623877,12.495129,-4.045846,-1.4868778,16.212961,2244238.0,267033.28,0.017494898,0.22607741,10995110.0
13.417343,10.497686,-1.685576,-3.610643,13.866872,671549.56,36231.58,0.18533765,0.02703446,1052703.1
14.034491,11.412491,-2.5243027,-2.4288023,14.897662,1244806.4,90444.42,0.080114156,0.08814234,2951022.2
12.724252,10.109874,-3.3859668,-3.1570115,15.562035,335793.53,24584.557,0.033844907,0.04255272,5734634.5
13.901405,11.332268,-1.7937487,-2.0456624,14.948313,1089691.6,83472.1,0.16633545,0.12929451,3104343.2
12.824758,11.003129,-3.722354,-1.2422502,14.235172,371297.0,60061.78,0.02417699,0.28873378,1521446.8
14.788432,11.9616585,-3.0206823,-3.7084866,15.491444,2645662.8,156632.64,0.04876793,0.024514597,5343779.0
13.978326,11.605746,-3.1522386,-3.589866,16.711702,1176819.2,109726.51,0.042756304,0.027602032,18105066.0
14.1256485,11.175776,-3.9058118,-1.7363319,14.33097,1363613.2,71380.18,0.02012461,0.1761654,1674407.2
13.030788,10.493323,-2.5753407,-4.046288,16.706022,456246.47,36073.844,0.07612788,0.017487166,18002520.0
13.941238,11.758191,-2.7846775,-1.6150732,15.129638,1133973.5,127796.08,0.061749,0.19887611,3721501.2
12.629191,11.60242,-3.2273288,-1.8080578,15.048979,305343.12,109362.12,0.039663307,0.1639723,3433115.8
12.839631,10.991145,-2.2382855,-2.3144448,14.533931,376860.78,59346.305,0.10664118,0.09882104,2051190.2
15.086811,12.25964,-3.741453,-3.8322582,16.838676,3565486.5,211005.56,0.023719614,0.021660646,20556268.0
13.97175,12.027064,-2.7559545,-2.6599238,15.534892,1169106.4,167219.78,0.063548334,0.06995355,5581075.5
13.39198,11.152,-1.9566121,-1.3496484,14.045678,654731.25,69703.125,0.14133644,0.25933143,1258811.0
14.806288,11.570966,-4.2895336,-2.4406438,15.038031,2693327.0,105975.77,0.013711318,0.08710476,3395734.5
13.975124,11.105548,-3.6760142,-3.8522742,15.531936,1173057.8,66539.29,0.02532371,0.021231398,5564600.0
13.083932,10.669564,-2.173683,-2.2054477,13.938524,481148.84,43026.188,0.113757886,0.11020118,1130899.9
14.080268,11.843349,-2.4405487,-2.2340858,15.806424,1303114.8,139155.8,0.087113045,0.10708999,7322220.0
12.419275,11.154918,-2.1479888,-1.1965054,14.834414,247527.08,69906.766,0.116718665,0.3022486,2770154.2
13.773174,11.071046,-3.4897175,-3.1593826,16.02465,958547.4,64282.703,0.03050949,0.042451944,9107880.0
12.471553,11.733705,-4.45317,-1.5977814,14.868079,260811.4,124704.8,0.011641607,0.20234494,2865000.8
13.840011,10.932999,-3.584886,-3.621763,14.811298,1024802.7,55993.934,0.027739828,0.026735501,2706856.0
13.60364,11.836848,-3.404273,-2.0360699,16.065092,809069.1,138254.06,0.033230968,0.13054074,9483766.0
13.259561,11.42151,-3.4836705,-1.9759076,15.5713005,573527.2,91263.82,0.03069454,0.13863544,5788018.0
12.9774475,11.032763,-1.9524164,-3.1596513,14.840451,432547.53,61868.258,0.1419307,0.042440537,2786930.2
14.236005,11.182114,-3.1412063,-3.926643,14.95896,1522714.0,71834.03,0.04323062,0.019709729,3137571.2
13.308487,10.746011,-4.2772565,-2.8063166,14.893127,602285.56,46444.383,0.0138806915,0.06042716,2937670.5
15.225365,12.328684,-1.5154372,-3.3670733,16.351542,4095358.0,226088.97,0.2197121,0.034490433,12629445.0
12.402416,10.5632715,-4.1937237,-2.3934515,14.4780245,243388.98,38687.49,0.01508999,0.09131397,1939662.4
12.369509,10.607136,-2.3481185,-3.418857,15.663973,235510.02,40422.254,0.095548764,0.032749843,6350047.5
14.689067,11.659138,-2.346604,-3.3844094,14.4236145,2395414.5,115744.19,0.09569357,0.033897657,1836945.1
14.272516,12.168976,-3.055087,-1.5868242,15.672742,1579337.9,192716.56,0.047118615,0.20457427,6405976.0
14.02335,11.216373,-3.80092,-2.9909406,15.32869,1231015.2,74337.695,0.0223502,0.05024016,4541144.5
13.265478,11.102558,-4.353047,-2.1453505,14.531442,576931.1,66340.65,0.012867547,0.117027014,2046091.0
13.506974,11.130336,-3.7326338,-1.1533927,14.110586,734521.25,68209.27,0.023929726,0.31556433,1343227.9
12.891455,10.690474,-3.031934,-3.7887504,14.30699,396905.97,43935.31,0.048222285,0.022623856,1634732.4
14.6663885,11.598883,-2.058943,-2.9160655,14.504943,2341701.8,108975.97,0.12758875,0.05414631,1992584.1
12.780327,11.160142,-1.8252963,-1.307756,14.24501,355161.12,70272.93,0.16116989,0.2704262,1536488.8
14.766141,11.843567,-2.12096,-2.3641422,15.281481,2587340.2,139186.06,0.119916454,0.094029926,4331744.0
13.752998,11.154345,-3.8354607,-3.7364128,16.245123,939401.6,69866.71,0.02159139,0.023839468,11354480.0
14.902886,11.591978,-2.7879379,-3.4386015,14.606373,2966479.2,108226.125,0.061548002,0.03210956,2205297.2
12.793375,10.083177,-3.4451046,-3.7136483,13.971266,359825.7,23936.902,0.031901427,0.024388384,1168540.1
13.715116,11.205054,-2.2238154,-2.1107838,14.463622,904480.06,73501.0,0.108195506,0.121142976,1911926.8
14.859335,12.078486,-1.8854929,-3.1566288,16.325356,2840057.8,176043.5,0.15175425,0.042569008,12303023.0
12.568894,10.709092,-3.395592,-2.6028824,14.423189,287475.94,44760.984,0.033520706,0.0740598,1836164.0
13.943784,11.513512,-4.344441,-2.757545,15.308612,1136863.5,100058.63,0.012978762,0.06344734,4450877.5
13.119432,11.272761,-1.4040784,-2.4236393,15.437902,498536.7,78649.875,0.2455933,0.088598594,5065191.0
13.908197,11.614253,-3.6362543,-3.5247598,15.290534,1097118.1,110663.91,0.026350861,0.029458884,4371138.5
13.547418,11.326574,-1.7030165,-2.8255005,14.626762,764836.7,82998.21,0.18213329,0.05927898,2250723.8
13.578862,10.668705,-3.3770494,-3.361053,17.033312,789268.75,42989.234,0.034148064,0.034698702,24973150.0
14.568155,11.629993,-3.2038028,-3.3629,15.34704,2122606.2,112419.586,0.040607486,0.034634672,4625246.5
13.823367,11.090386,-2.4851859,-2.2531848,14.341994,1007887.5,65538.06,0.08331007,0.10506409,1692968.9
13.369087,12.171877,-2.0041099,-1.1958387,15.296021,639912.8,193276.47,0.13478021,0.30245018,4395190.5
14.585062,11.891115,-2.9693348,-2.5235364,15.411089,2158797.8,145963.98,0.051337447,0.08017557,4931180.5
14.862611,12.546969,-2.9627547,-1.9763496,16.068213,2849376.8,281241.62,0.051676366,0.13857417,9513406.0
12.30264,10.630801,-3.717065,-1.5801759,15.011705,220276.75,41390.273,0.024305196,0.20593888,3307507.2
13.702995,11.296942,-4.4147325,-1.2466316,14.733112,893583.7,80574.84,0.012097791,0.28747147,2503279.8
12.604151,10.273783,-1.9268968,-3.2432315,16.591358,297792.06,28963.24,0.14559932,0.03903754,16052228.0
12.543794,11.154723,-3.4268584,-1.6212592,16.435038,280349.88,69893.164,0.032488845,0.19764966,13729229.0
14.261722,11.378278,-1.4318922,-3.1519778,14.428352,1562381.1,87402.375,0.23885654,0.042767458,1845669.0
14.241255,12.181728,-2.8396528,-1.9610293,16.323927,1530729.2,195189.94,0.058445957,0.14071351,12285459.0
14.926139,12.124343,-2.3065472,-3.8158808,15.927953,3036265.5,184304.2,0.09960458,0.022018313,8268410.0
14.923676,12.724522,-2.2024524,-3.027733,16.278122,3028795.5,335884.16,0.110531755,0.04842529,11735417.0
14.375915,12.017647,-2.7772288,-2.3121102,15.424727,1751380.0,165652.38,0.062210664,0.09905201,4998895.0
14.1318865,11.694399,-4.4167666,-3.096239,16.173885,1372146.0,119898.266,0.012073206,0.04521895,10573753.0
14.865682,12.753771,-3.8717716,-1.7325072,16.529907,2858140.0,345853.6,0.02082145,0.17684047,15095500.0
12.810865,11.65678,-2.0714114,-2.7873287,16.277822,366174.56,115471.64,0.12600781,0.06158551,11731904.0
15.063618,12.618825,-3.817812,-2.5292065,16.633518,3483742.5,302194.16,0.021975832,0.079722255,16743459.0
12.392493,10.530961,-3.3745937,-1.9125098,14.908808,240985.8,37457.457,0.034232024,0.1477092,2984097.0
14.98704,12.109166,-4.1244974,-3.146482,16.5141,3226922.8,181528.17,0.01617162,0.043003146,14858745.0
13.340055,12.1688385,-3.5322907,-1.6201495,16.049047,621602.1,192690.11,0.029237865,0.19786912,9332817.0
12.885254,12.111031,-1.6980878,-1.5143648,15.265754,394452.47,181866.94,0.18303318,0.21994784,4264151.5
14.040258,11.175884,-2.6528778,-3.0107772,14.801013,1252007.0,71387.945,0.07044818,0.04925338,2679157.8
14.622431,11.955164,-2.009666,-3.3888779,16.47913,2240995.8,155618.69,0.13403344,0.033746522,14348124.0
13.26113,12.440065,-3.9565556,-1.2435166,15.732734,574428.2,252727.06,0.019128889,0.28836837,6802044.0
14.253195,11.181816,-2.6098447,-3.6493242,16.36175,1549115.8,71812.664,0.07354596,0.026008701,12759028.0
15.298119,12.631502,-4.3289623,-2.850126,16.093996,4404417.5,306049.5,0.013181218,0.05783703,9761885.0
12.364402,11.657119,-3.541908,-1.5270225,14.950278,234310.36,115510.74,0.028958023,0.21718137,3110451.0
14.505853,11.751361,-1.7651536,-3.6428587,16.088295,1994397.8,126926.17,0.17116049,0.026177403,9706390.0
13.184571,11.377827,-2.8811758,-1.1492144,14.635481,532091.75,87362.96,0.0560688,0.31688562,2270432.5
13.667533,10.841207,-3.366889,-3.4695127,16.586767,862450.4,51082.977,0.03449679,0.031132197,15978701.0
15.059154,12.497106,-4.448886,-2.8026834,16.904545,3468225.2,267561.72,0.011691585,0.060647108,21955864.0
12.90097,11.685821,-2.727695,-1.9019085,15.79588,400700.88,118874.14,0.06536979,0.14928344,7245421.5
14.761649,11.996358,-3.0931356,-1.5337957,15.158889,2575744.5,162163.11,0.045359503,0.21571532,3831967.0
13.160145,11.096108,-2.0153313,-2.3848126,15.19275,519252.12,65914.15,0.13327624,0.09210624,3963943.8
13.076036,10.853916,-4.5444427,-1.2642401,14.1289015,477364.9,51736.363,0.0106260935,0.28245384,1368056.2
15.082453,12.415213,-3.967955,-1.9115797,15.701401,3549980.8,246523.5,0.018912066,0.14784664,6592220.0
12.808297,10.7097225,-2.3911164,-3.2119527,14.942858,365235.3,44789.21,0.09152745,0.040277887,3087455.2
13.322236,12.61171,-4.5221,-2.114962,16.084553,610623.6,300051.56,0.010866181,0.120637864,9670134.0
14.768969,12.275693,-2.3137379,-0.961597,15.188064,2594666.5,214420.2,0.098890916,0.38228187,3945410.8
14.221308,11.690116,-2.3350232,-3.4606752,15.414572,1500498.2,119385.84,0.09680824,0.03140855,4948384.5
12.660124,11.341781,-4.5203204,-2.81489,16.185024,314935.72,84269.95,0.010885535,0.059911314,10692191.0
15.256834,11.953764,-3.486642,-2.9451098,15.586439,4226285.5,155400.97,0.03060347,0.052596282,5876307.5
13.53108,11.406397,-2.5826402,-3.8570762,15.24069,752442.8,89894.94,0.07557421,0.021129688,4158605.0
13.502782,10.455757,-3.8149507,-2.422476,14.17931,731448.3,34743.824,0.0220388,0.08870172,1438785.4
13.638517,11.148489,-3.809628,-2.277685,14.384113,837785.5,69458.8,0.02215642,0.10252128,1765798.1
12.661996,10.562668,-4.3330007,-2.7464726,14.309104,315525.84,38664.14,0.013128095,0.06415376,1638192.4
14.95484,11.815112,-2.3744144,-3.7328658,15.317846,3124671.5,135281.38,0.09306897,0.023924176,4492169.5
12.751796,10.518211,-3.7430792,-2.8806608,14.359368,345171.2,36982.918,0.023681073,0.056097683,1722639.6
13.019488,11.030979,-1.8056194,-1.5521375,14.761827,451119.84,61758.023,0.16437262,0.21179478,2576203.8
14.408053,11.520918,-2.532202,-2.826221,14.786511,1808581.5,100802.445,0.07948381,0.059236284,2640586.0
14.342798,11.626908,-4.406189,-2.8750293,15.120667,1694330.5,112073.29,0.01220159,0.056414485,3688267.8
12.955661,11.202569,-2.6645322,-2.7877274,14.885901,423225.66,73318.555,0.06963192,0.061560962,2916519.2
13.934392,11.728916,-4.1784925,-2.4723268,16.162842,1126236.4,124109.086,0.015321586,0.08438828,10457624.0
12.802633,10.226571,-4.0094285,-2.9914815,16.675756,363172.53,27627.615,0.018143762,0.05021299,17465822.0
14.704715,11.946296,-2.6376023,-2.9255385,15.567641,2433192.5,154244.72,0.07153258,0.0536358,5766877.0
13.057607,11.50207,-1.7851574,-2.087202,16.751156,468647.75,98920.37,0.16777064,0.12403369,18833652.0
13.214654,10.434475,-4.3804917,-2.8661184,14.057022,548341.75,34012.215,0.012519201,0.056919437,1273172.1
12.346104,11.050969,-2.6212895,-1.1698558,14.2838125,230061.89,63004.984,0.07270905,0.3104117,1597279.6
12.73522,10.842625,-3.8758793,-1.407001,14.595816,339496.84,51155.47,0.020736096,0.24487656,2182138.0
15.4058,12.032029,-4.2816124,-2.5650706,15.234856,4905168.0,168052.06,0.01382036,0.07691375,4134412.0
14.548933,11.931862,-1.8815287,-3.0345345,16.030287,2082194.6,152034.38,0.15235701,0.048097048,9159359.0
15.237048,11.923943,-3.814727,-2.8362906,16.098204,4143486.5,150835.11,0.02204373,0.058642793,9803045.0
13.813036,11.162056,-2.1083295,-3.463369,15.440432,997528.44,70407.56,0.12144066,0.031324055,5078018.0
13.529525,11.128374,-4.4064527,-1.1451738,14.261671,751273.3,68075.6,0.012198374,0.3181686,1562302.2
14.593449,11.67905,-2.5355937,-2.447843,15.055716,2176979.0,118072.06,0.07921467,0.08647992,3456322.0
13.755063,11.787362,-3.853474,-1.0145054,15.08146,941343.2,131578.92,0.021205941,0.36258173,3546458.2
13.382453,10.898419,-3.9966075,-3.8194005,15.137132,648523.1,54090.8,0.01837788,0.02194095,3749495.0
13.934168,12.246374,-1.6982024,-1.2620962,15.543052,1125984.0,208224.92,0.18301222,0.28306007,5626801.5
14.557852,11.898204,-3.5134997,-2.3887296,16.150484,2100848.2,147002.34,0.029792465,0.09174617,10329186.0
14.197878,11.4713955,-3.1292489,-2.1242673,15.027504,1465750.4,95932.055,0.043750647,0.11952051,3360176.2
12.382231,10.580739,-2.2799373,-2.85178,15.475565,238525.33,39369.2,0.10229062,0.057741452,5259597.0
14.563493,11.617931,-2.1181529,-2.5281324,14.695887,2112732.8,111071.72,0.12025355,0.07980793,2411806.5
14.808917,11.683937,-4.1882815,-4.075124,15.42545,2700417.8,118650.45,0.015172335,0.016990112,5002510.0
14.417264,11.653676,-1.4068083,-3.8296406,15.292842,1825316.5,115113.75,0.24492377,0.021717418,4381238.0
13.693957,10.891184,-3.010405,-2.40079,13.888433,885543.94,53700.836,0.049271718,0.09064632,1075647.6
12.753767,10.691988,-1.6410121,-2.6127195,13.841573,345852.28,44001.895,0.19378382,0.073334835,1026404.8
12.242663,11.570263,-2.462343,-2.152745,14.983314,207453.69,105901.31,0.085235015,0.11616485,3214921.8
12.689823,11.067622,-1.7953447,-3.223677,15.931901,324429.38,64062.996,0.1660702,0.039808415,8301120.0
15.207296,11.678176,-2.2184386,-3.8705962,15.628616,4022026.2,117968.85,0.10877882,0.020845938,6129454.5
14.838649,12.079301,-3.4987507,-3.076396,15.408406,2781911.5,176186.94,0.030235132,0.046125192,4917969.5
13.681996,11.70229,-3.5121593,-3.460774,16.699957,875015.06,120848.09,0.029832426,0.031405445,17893658.0
14.158227,11.498671,-4.2550488,-3.5942523,16.975739,1408769.2,98584.625,0.014192399,0.027481223,23575970.0
14.753247,11.997804,-2.7526639,-3.0761797,15.900733,2554194.0,162397.72,0.06375779,0.04613517,8046381.0
14.525375,11.711394,-4.484578,-3.0468059,15.712488,2033716.2,121953.41,0.011281646,0.047510438,6665717.5
12.422962,10.531677,-3.4021606,-1.2591704,14.052016,248441.38,37484.293,0.03330124,0.28388944,1266814.8
13.199629,10.958338,-3.7614923,-2.3689847,14.385081,540164.44,57430.902,0.02324902,0.093575686,1767508.1
14.035294,11.425851,-3.1900575,-2.7378101,14.863846,1245806.4,91660.875,0.0411695,0.0647119,2852897.8
14.662592,11.847431,-3.8475537,-2.7920444,15.743267,2332828.2,139724.95,0.021331856,0.061295774,6874071.0
13.932346,10.706815,-2.6556146,-3.0848951,14.850258,1123934.9,44659.164,0.070255645,0.04573483,2814395.0
14.731925,12.326806,-1.603125,-3.329807,16.511864,2500309.2,225664.81,0.20126659,0.035800014,14825566.0
14.682083,12.582815,-2.8343422,-1.3029284,16.540201,2378744.0,291505.8,0.05875716,0.27173486,15251695.0
14.156853,11.571487,-4.3388143,-1.9742671,14.520328,1406834.5,106031.07,0.013051995,0.13886304,2023476.4
13.010302,11.105926,-3.9695919,-1.2902721,14.459185,446994.5,66564.42,0.018881138,0.2751959,1903461.5
13.802403,11.624854,-3.2420743,-3.67669,15.480677,986978.44,111843.305,0.039082743,0.0253066,5286551.0
15.061234,12.316193,-3.7309997,-2.6297805,15.636659,3475449.8,223282.4,0.023968862,0.072094284,6178948.5
14.854484,12.465762,-2.7297692,-1.0922521,15.538891,2826313.0,259305.48,0.06523434,0.33546013,5603437.5
12.404425,10.576261,-2.107982,-1.8520887,15.881911,243878.31,39193.28,0.12148288,0.1569091,7896350.5
13.423986,11.882137,-2.1847177,-2.24769,15.246215,676025.75,144659.4,0.1125095,0.10564298,4181643.2
13.11264,11.324837,-4.395104,-1.3318089,14.727657,495162.06,82854.12,0.012337598,0.26399928,2489661.5
13.646443,11.011047,-4.0518436,-2.9055054,14.391894,844452.2,60539.26,0.017390283,0.05472113,1779591.4
13.303226,11.611436,-2.0993614,-1.2335721,15.042368,599125.56,110352.59,0.122534655,0.29125035,3410494.8
15.32839,12.501307,-3.7782726,-2.7494578,15.920255,4539784.5,268688.1,0.02286215,0.06396253,8205003.5
14.20943,11.836516,-4.287839,-1.1873249,14.977843,1482780.8,138208.19,0.013734574,0.3050362,3197383.2
14.934208,12.606034,-4.3734207,-2.249186,16.06501,3060864.5,298353.5,0.012608038,0.10548505,9482989.0
13.81655,10.92807,-4.0700946,-3.1471102,14.904153,1001040.25,55718.645,0.017075773,0.042976137,2970238.8
13.505346,11.783355,-1.9150139,-2.8176484,16.551655,733326.5,131052.695,0.14733978,0.059746277,15427386.0
12.936936,11.143504,-1.6461266,-1.791518,14.454791,415374.75,69113.414,0.19279523,0.16670692,1895116.9
14.834128,12.21272,-3.4865656,-3.6999626,16.756931,2769364.2,201333.88,0.030605804,0.02472445,18942740.0
14.413216,11.161294,-3.466469,-3.7666938,15.003199,1817942.0,70353.94,0.031227097,0.023128403,3279490.5
14.089623,11.172042,-2.874453,-2.7980413,14.514859,1315363.2,71114.17,0.056447003,0.060929283,2012441.5
13.802915,11.062972,-3.0972834,-2.939652,15.460128,987483.06,63765.785,0.045171753,0.05288413,5179027.5
12.423206,11.083307,-4.298541,-2.3590536,14.805058,248502.03,65075.75,0.013588369,0.094509624,2690015.5
14.799975,12.081722,-2.760743,-3.7923295,16.598139,2676379.2,176614.08,0.06324477,0.022543026,16161442.0
14.724512,12.190309,-2.0307322,-2.7911184,16.808031,2481843.2,196871.9,0.1312394,0.06135256,19935868.0
13.59104,11.0861435,-3.4374819,-2.7419293,14.180946,798938.8,65260.582,0.03214553,0.06444589,1441141.9
12.9615965,11.170881,-3.5342598,-2.5399077,14.621125,425745.28,71031.68,0.029180348,0.07887368,2238071.8
13.850849,11.264112,-1.7704425,-1.5162805,14.329476,1035970.44,77972.58,0.17025764,0.21952689,1671908.5
14.300694,11.372118,-4.146737,-2.73264,14.744696,1624473.8,86865.66,0.015815938,0.06504734,2532444.8
13.974675,11.067902,-3.2814906,-2.9896433,14.261453,1172531.0,64080.9,0.037572213,0.050305374,1561961.0
12.411063,11.778548,-1.7415749,-1.1531417,15.075998,245502.69,130424.3,0.1752442,0.31564355,3527141.5
14.722517,12.172195,-2.794627,-1.1467724,14.891531,2476896.8,193338.05,0.061137676,0.3176604,2932984.2
13.675201,11.175538,-2.2800727,-1.9041047,14.260185,869089.5,71363.234,0.10227677,0.14895594,1559982.6
14.015497,11.305314,-4.134967,-2.6770244,14.923793,1221386.5,81252.27,0.016003195,0.06876748,3029150.8
14.340051,11.831788,-3.9356303,-2.6298401,15.483051,1689681.6,137556.23,0.019533383,0.072089985,5299120.0
13.3825865,10.567237,-4.233864,-3.1474133,14.1520815,648609.75,38841.203,0.0144962715,0.042963117,1400138.1
14.461285,11.690565,-4.1414747,-2.0853844,14.710452,1907463.0,119439.484,0.015899386,0.12425935,2447192.8
14.158163,11.20458,-3.4859395,-2.3636315,14.330485,1408679.1,73466.17,0.030624973,0.09407796,1673596.2
14.029037,11.177862,-3.9116251,-3.122068,14.75495,1238036.9,71529.28,0.020007959,0.04406595,2558545.8
14.965838,11.59957,-1.8943076,-3.3985403,14.277488,3159228.5,109050.93,0.15042245,0.033422023,1587209.1
12.352049,10.044417,-3.1543293,-3.0321243,15.023768,231433.73,23026.877,0.04266701,0.04821311,3347647.5
15.229458,12.755948,-3.9608371,-1.8672932,16.213146,4112155.2,346607.4,0.019047163,0.1545414,10997145.0
13.937471,11.497568,-4.3794255,-2.4842894,15.359351,1129709.9,98476.0,0.012532556,0.08338479,4682539.5
14.860111,11.935206,-1.7191693,-2.9897041,15.384092,2842263.2,152543.7,0.17921497,0.050302316,4799836.0
14.562621,12.305487,-3.0181766,-3.6867168,16.61936,2110892.0,220904.7,0.048890285,0.025054125,16508071.0
14.466651,11.976076,-2.1814306,-2.544491,15.203979,1917726.5,158907.28,0.11287993,0.078513004,4008704.0
15.00469,12.467304,-1.5935979,-2.8676233,15.925806,3284385.8,259705.67,0.20319323,0.05683384,8250679.0
12.747508,10.728282,-1.9478582,-2.9098158,16.546087,343694.34,45628.234,0.14257912,0.054485764,15341732.0
14.859215,11.694896,-1.9844139,-1.2695243,14.594142,2839716.5,119957.85,0.13746116,0.28096524,2178488.8
13.980086,11.838869,-1.9418892,-2.7077053,16.803911,1178892.9,138533.73,0.14343272,0.06668967,19853904.0
13.000787,11.286457,-3.5917962,-1.7847836,15.645679,442761.62,79734.45,0.027548803,0.16783337,6234939.5
13.030924,12.3036375,-1.7172974,-1.6545981,15.603577,456308.25,220496.6,0.17955074,0.19116887,5977880.5
14.4649515,11.390725,-1.7516549,-3.3598201,14.988707,1914470.2,88497.11,0.1734866,0.034741506,3232306.8
14.89087,12.207732,-2.630236,-3.0104573,15.674368,2931046.5,200332.19,0.07206146,0.049269143,6416401.0
13.2249775,11.239379,-3.0257032,-2.0656767,14.736282,554031.9,76067.695,0.048523687,0.1267325,2511227.8
13.607794,11.605534,-4.5167465,-1.5815061,15.002564,812437.1,109703.18,0.010924509,0.20566511,3277411.2
12.727064,11.796706,-3.845838,-1.4518068,16.582874,336739.25,132814.17,0.021368485,0.23414685,15916618.0
13.224828,12.152505,-2.080823,-1.4497408,16.125069,553948.94,189568.34,0.124827445,0.2346311,10069974.0
12.221581,10.142394,-2.4093864,-2.9935472,15.9703665,203125.94,25397.197,0.08987042,0.05010937,8626647.0
14.070584,11.50782,-2.6709952,-3.2055833,15.724819,1290556.8,99490.766,0.069183335,0.04053525,6748421.5
14.448502,11.15585,-3.726299,-3.9541788,14.988495,1883235.0,69972.0,0.024081796,0.019174408,3231622.5
14.204121,12.064096,-4.271371,-1.488167,15.348402,1474929.4,173528.38,0.013962629,0.22578613,4631549.5
12.546747,10.101989,-2.8513765,-3.8933916,15.001107,281179.12,24391.47,0.05776475,0.020376122,3272639.0
14.912336,11.80973,-2.4114375,-3.6696,15.643515,2994645.2,134555.17,0.089686275,0.025486663,6221456.5
14.445615,11.534908,-2.3679028,-3.8070092,15.678766,1877806.4,102222.625,0.093676984,0.022214519,6444684.5
14.147715,11.901851,-1.460725,-1.527034,15.176515,1394037.2,147539.42,0.23206797,0.21717885,3900107.2
12.746658,10.730735,-2.3826597,-1.6731155,14.003973,343402.44,45740.29,0.09230475,0.1876615,1207391.8
14.603945,11.913606,-3.628406,-3.8969705,15.598197,2199949.0,149283.98,0.026558483,0.020303328,5945808.0
13.525771,11.058249,-2.2631507,-1.2002075,14.531131,748458.56,63465.355,0.10402223,0.30113173,2045455.0
13.151236,11.281418,-2.565671,-1.41947,16.229202,514646.53,79333.664,0.07686759,0.24184217,11175140.0
14.764907,11.863558,-2.3430755,-2.3245409,15.059603,2584149.2,141996.52,0.09603184,0.09782835,3469783.5
13.084803,11.096904,-3.29695,-2.8075888,14.853494,481567.94,65966.6,0.03699583,0.060350332,2823516.5
14.981631,12.155567,-1.7399967,-3.3193157,15.736551,3209517.8,190149.75,0.17552099,0.03617758,6828061.0
14.849274,11.958595,-2.1270077,-2.82667,15.376871,2811626.5,156153.58,0.11919342,0.059209697,4765300.5
12.463398,10.603106,-2.1522126,-2.389931,16.225183,258693.17,40259.67,0.11622671,0.09163601,11130320.0
12.746901,10.6599655,-3.5765493,-1.9441112,14.880833,343485.62,42615.168,0.027972056,0.14311436,2901773.5
13.387863,11.409728,-2.7905014,-2.5547023,14.855228,652041.3,90194.89,0.061390426,0.07771537,2828419.0
12.758415,10.596885,-2.7616663,-2.0357053,14.276774,347463.62,40010.0,0.06318639,0.13058834,1586077.2
15.191865,12.987555,-3.457543,-2.0419664,16.247173,3960437.2,436941.47,0.031507082,0.12977327,11377785.0
12.6757965,10.091579,-3.6469448,-2.8459675,13.99172,319910.5,24138.889,0.02607066,0.058078047,1192688.1
12.770393,10.830953,-1.5537713,-2.2544246,14.135438,351650.6,50561.85,0.21144904,0.10493391,1377027.8
12.980302,10.260535,-3.2389112,-2.796234,14.119405,433783.94,28582.08,0.03920656,0.06103951,1355125.8
14.512231,12.456057,-2.1815772,-3.141804,16.278349,2007159.0,256800.97,0.112863384,0.043204788,11738081.0
13.595148,11.383182,-3.1926887,-3.3640614,16.188538,802227.94,87832.03,0.04106132,0.034594472,10729823.0
13.973688,11.403899,-1.8739065,-3.3620088,16.774767,1171374.1,89670.69,0.15352276,0.03466555,19283626.0
14.072437,11.259472,-3.3756297,-2.7456834,14.392219,1292950.4,77611.58,0.034196578,0.06420441,1780168.5
14.234748,12.0368185,-1.701409,-2.7918043,15.555482,1520801.2,168858.86,0.1824263,0.06131049,5697180.0
14.148504,11.271543,-1.6720878,-2.7443082,14.609217,1395138.5,78554.08,0.18785445,0.06429276,2211577.8
13.0093355,11.318241,-2.0499048,-3.3093348,15.766053,446562.88,82309.445,0.12874715,0.036540475,7032502.5
14.068247,11.381143,-2.111635,-1.3867645,14.57436,1287543.6,87653.13,0.121039905,0.24988249,2135817.2
12.690129,10.817628,-3.3723435,-3.0681372,15.57983,324528.72,49892.598,0.034309138,0.04650771,5837599.0
13.018926,10.563211,-3.4772134,-2.9455955,13.949403,450866.1,38685.164,0.03089338,0.052570745,1143269.6
14.298496,11.816751,-4.163652,-1.5703994,15.8931,1620906.8,135503.2,0.015550664,0.20796211,7985195.0
13.702526,11.610675,-1.4512556,-3.4536386,15.362526,893164.56,110268.64,0.23427595,0.031630337,4697429.0
14.766834,11.881878,-2.487252,-3.9398549,16.587954,2589134.8,144621.88,0.083138116,0.019451037,15997669.0
13.921645,11.180909,-3.662242,-1.58461,14.409219,1111971.5,71747.56,0.025674887,0.20502774,1810690.5
13.0117855,11.791931,-2.567443,-0.9832109,14.883013,447658.3,132181.48,0.0767315,0.37410793,2908106.5
13.369099,12.0020075,-4.243242,-2.2984471,15.795074,639920.1,163081.84,0.0143609615,0.100414656,7239585.0
14.571789,11.731124,-2.623241,-3.569279,15.129217,2130332.8,124383.39,0.07256729,0.028176162,3719936.5
13.4943075,11.832317,-3.4188807,-1.0245919,15.869447,725276.0,137629.06,0.03274907,0.35894293,7798537.5
14.771464,11.905818,-1.9465522,-3.7380683,16.613987,2601150.2,148125.92,0.14276546,0.023800032,16419611.0
12.689616,11.76001,-3.6583607,-1.8064224,16.156084,324362.25,128028.7,0.02577473,0.16424069,10387192.0
13.570583,11.332368,-3.6200056,-1.5224739,14.6669855,782761.5,83480.46,0.026782526,0.21817148,2343100.2
14.228338,12.038195,-1.4898934,-1.7069653,15.214627,1511084.6,169091.39,0.22539668,0.1814155,4051619.8
12.977153,11.099656,-3.6055381,-2.2859612,15.68799,432420.1,66148.41,0.027172819,0.101676285,6504405.0
14.994362,12.487366,-2.1969113,-1.0379612,15.617248,3250638.0,264968.38,0.11114592,0.354176,6060165.0
13.057116,11.44307,-3.123033,-2.8268883,15.631164,468417.62,93252.9,0.04402344,0.05919677,6145088.0
12.613111,11.675947,-2.6832485,-1.471722,14.908287,300472.22,117706.23,0.068340786,0.22952989,2982543.5
13.118767,11.43099,-3.4913478,-2.4607306,14.842288,498204.94,92133.164,0.030459791,0.08537256,2792053.8
14.395486,11.559336,-4.3861785,-3.0569956,15.739676,1785994.4,104750.41,0.012448209,0.047028776,6849433.5
15.030435,12.261485,-2.6002,-2.6849306,15.612083,3370038.0,211395.3,0.07425873,0.06822593,6028950.0
12.358999,10.300008,-1.5715069,-1.5729867,13.92362,233047.89,29732.852,0.20773192,0.20742473,1114169.9
15.295824,11.917102,-3.9503555,-3.6660626,15.709267,4394323.0,149806.81,0.019247858,0.025576979,6644278.5
13.424068,11.890595,-4.0355673,-1.2056538,14.456082,676081.2,145888.14,0.01767565,0.2994961,1897565.6
14.063176,12.04537,-1.8041333,-3.5906062,16.263107,1281031.5,170309.06,0.16461706,0.027581604,11560530.0
15.043616,12.361396,-2.7721286,-2.6967044,15.959691,3414755.0,233607.08,0.06252877,0.06742736,8535044.0
12.435578,10.597361,-3.5645642,-2.4126947,15.000598,251595.61,40029.047,0.02830932,0.08957359,3270972.8
14.708584,11.693234,-1.4175118,-3.6309385,15.452218,2442625.0,119758.734,0.24231619,0.02649131,5138224.0
15.0126295,12.518386,-2.524133,-2.935446,16.759348,3310565.2,273316.53,0.08012775,0.053107027,18988572.0
14.688241,11.909056,-3.9735918,-2.5979705,16.830984,2393437.0,148606.28,0.018805765,0.07442447,20398748.0
14.215549,11.994175,-3.3558486,-2.5668092,15.964757,1491882.8,161809.5,0.03487976,0.07678015,8578391.0
12.914398,10.974928,-3.2752612,-1.7807349,14.445189,406117.66,58391.633,0.037806995,0.16851427,1877007.9
12.8054,10.356413,-3.858783,-2.5202863,14.019845,364178.7,31458.135,0.021093655,0.08043657,1226708.4
13.028578,10.686322,-2.4090228,-1.9030807,14.039241,455239.0,43753.297,0.0899031,0.14910856,1250733.6
13.388604,11.156097,-4.5276966,-1.7304602,15.146209,652524.6,69989.28,0.010805537,0.17720285,3783684.2
13.207748,11.648807,-3.1262155,-3.0920522,15.245472,544568.2,114554.57,0.043883562,0.04540867,4178538.0
12.635001,11.183243,-2.3960395,-3.8900187,16.894848,307122.25,71915.19,0.09107795,0.020444963,21743988.0
13.787514,12.221226,-2.2057498,-2.4621444,16.259363,972391.44,203053.7,0.1101679,0.08525194,11517327.0
12.281244,11.314261,-2.6124651,-1.357834,14.374063,215613.83,81982.53,0.07335349,0.25721732,1748139.4
14.509594,13.05159,-3.9984422,-1.8562278,16.76819,2001873.4,465836.5,0.018344194,0.15626097,19157222.0
12.596029,11.1145315,-2.6221664,-2.728646,15.078035,295383.34,67139.75,0.072645314,0.065307654,3534333.8
12.991891,11.195981,-2.786477,-1.4110916,14.369777,438840.3,72837.125,0.061637975,0.24387693,1740663.1
13.9725275,11.745067,-4.4378295,-1.7350188,15.214045,1170015.5,126129.78,0.01182157,0.17639688,4049259.5
13.175712,10.704426,-1.8194963,-3.5016305,15.088637,527398.44,44552.6,0.1621074,0.030148186,3572004.0
13.79689,11.021165,-3.3248749,-1.651125,13.988773,981552.0,61154.88,0.03597702,0.19183399,1189178.6
14.211359,11.521814,-1.717964,-3.3208518,16.43054,1485644.1,100892.85,0.1794311,0.03612205,13667620.0
13.561475,12.374951,-3.112801,-2.1866493,16.038416,775664.06,236795.31,0.0444762,0.11229237,9234120.0
13.051331,10.721573,-2.8449185,-3.2797298,16.406221,465715.66,45323.133,0.058139004,0.037638422,13339250.0
12.745544,10.966513,-3.668457,-1.2733822,14.492037,343020.12,57902.316,0.02551581,0.2798834,1967032.9
12.891611,10.084574,-3.5167212,-3.5825977,13.88358,396968.06,23970.37,0.029696643,0.027803378,1070439.9
13.455233,10.948305,-2.357985,-3.3252735,15.644788,697482.44,56857.598,0.09461067,0.035962682,6229382.5
14.177965,12.017984,-4.5538664,-2.456774,16.80911,1436852.0,165708.31,0.010526426,0.08571101,19957402.0
14.100657,11.987125,-1.4836512,-1.6143944,15.04762,1329957.4,160672.81,0.22680806,0.19901115,3428453.5
13.6848755,11.483339,-4.330278,-2.8325613,16.842073,877537.94,97084.73,0.013163889,0.0588619,20626216.0
13.639509,12.164638,-3.2364285,-2.291075,16.172157,838616.9,191882.33,0.039304018,0.10115766,10555497.0
12.952075,11.278772,-3.3732452,-1.5235176,14.632529,421710.78,79124.06,0.034278214,0.21794389,2263741.0
14.312819,11.2750845,-3.1108296,-3.1923985,14.702724,1644288.9,78832.805,0.04456397,0.041073237,2428354.5
13.032386,10.725763,-3.822223,-3.3528268,15.08274,456975.84,45513.457,0.02187911,0.034985315,3551000.0
13.334289,11.303764,-3.804221,-1.8538929,15.56417,618027.75,81126.45,0.022276545,0.15662624,5746893.0
14.983886,12.404187,-2.8249395,-2.8361106,15.903398,3216761.8,243820.4,0.059312247,0.05865335,8067850.0
14.823991,12.269799,-3.6599848,-2.7911053,16.316519,2741431.5,213160.19,0.025732903,0.061353363,12194783.0
14.113659,11.665948,-2.2871308,-3.13786,16.411678,1347361.6,116535.12,0.101557426,0.04337552,13412240.0
12.968,10.686624,-3.7610419,-2.6803186,16.144808,428480.47,43766.484,0.023259494,0.06854131,10270721.0
14.271027,11.578495,-1.5123243,-3.2082982,15.172227,1576987.0,106776.7,0.2203971,0.04042535,3883420.5
13.331619,12.176595,-3.4473069,-2.6900642,16.389927,616380.2,194190.47,0.031831246,0.067876585,13123655.0
12.770626,11.131792,-1.4796194,-1.4847076,14.325703,351732.44,68308.68,0.22772434,0.22656858,1665611.1
15.239226,12.547491,-3.1012032,-1.2546973,15.807285,4152521.8,281388.38,0.044995032,0.28516215,7328528.5
14.261536,11.486665,-3.1479788,-2.7724698,15.074696,1562090.6,97408.11,0.04293883,0.062507436,3522549.5
12.55104,10.271502,-2.0914397,-2.5768898,14.750227,282388.7,28897.244,0.12350919,0.07601005,2546491.2
13.141951,10.46156,-2.4277756,-2.7035437,16.25094,509890.16,34946.035,0.088232875,0.06696778,11420726.0
14.728528,11.825382,-4.340796,-1.500207,14.774284,2491830.2,136677.89,0.0130261555,0.22308399,2608496.0
13.617297,11.67494,-3.9996598,-2.9605691,16.604635,820194.8,117587.75,0.018321872,0.051789433,16266775.0
12.407408,10.358069,-4.2426486,-2.9924788,16.811216,244606.9,31510.29,0.014369482,0.050162937,19999470.0
12.601142,11.226977,-1.7413933,-2.9920967,16.559958,296897.4,75130.16,0.17527601,0.05018211,15556008.0
12.342433,9.971432,-3.7669637,-2.6792357,14.783479,229218.95,21406.111,0.023122162,0.06861558,2632590.0
14.024144,11.569471,-3.9009092,-3.6626568,16.973532,1231993.5,105817.516,0.020223517,0.025664238,23524000.0
12.215129,10.855786,-4.107306,-1.3645573,14.187139,201819.48,51833.21,0.016452037,0.25549376,1450093.5
15.314621,12.473858,-3.173152,-1.3364869,15.576534,4477704.0,261413.28,0.041871414,0.26276717,5818390.5
13.241231,11.181418,-2.6770234,-2.8545964,17.027124,563110.4,71784.11,0.06876754,0.057579055,24819108.0
14.970297,12.364974,-3.85442,-2.7549489,16.791252,3173345.2,234444.47,0.021185888,0.063612275,19604156.0
13.466022,11.219682,-1.6693622,-1.6484752,14.119188,705048.25,74584.03,0.18836717,0.19234298,1354832.4
13.557624,11.075397,-3.3801608,-3.0713704,15.030609,772682.75,64562.984,0.03404198,0.046357583,3370626.2
12.832923,11.086573,-1.626377,-2.6311414,14.282389,374341.2,65288.594,0.19664072,0.071996234,1595007.0
14.797872,11.9152775,-4.0554495,-2.385359,15.294109,2670754.5,149533.77,0.01732769,0.092055924,4386794.5
13.33624,11.52921,-3.9227273,-1.4688892,14.8851795,619234.8,101641.8,0.019787055,0.23018102,2914414.5
14.195975,11.262015,-3.2648878,-2.5782404,14.628863,1462964.4,77809.23,0.03820122,0.075907454,2255457.2
12.601558,11.367414,-2.5351796,-2.1869123,16.817709,297020.88,86458.04,0.07924748,0.112262845,20129742.0
12.560146,10.148316,-2.4676225,-2.808432,13.9654045,284972.03,25548.053,0.0847862,0.06029946,1161711.0
13.3164835,11.17625,-4.0070934,-2.4063516,14.9071865,607121.06,71414.086,0.018186178,0.090143576,2979263.0
12.51273,11.343391,-4.4822903,-1.1065661,14.60791,271774.97,84405.805,0.011307486,0.3306926,2208690.0
13.760206,11.262111,-3.0925307,-1.5769317,15.2138605,946197.1,77816.65,0.045386948,0.20660806,4048514.2
14.913665,12.129812,-2.823868,-2.9156733,15.929519,2998626.2,185314.98,0.05937583,0.05416755,8281368.0
14.598307,12.415143,-2.509933,-2.3833256,15.8457985,2187580.5,246506.34,0.08127368,0.09224331,7616279.0
13.887247,11.4506445,-3.578813,-3.0799384,16.490187,1074372.2,93961.88,0.027908804,0.045962088,14507651.0
15.107108,12.565921,-4.4770827,-1.3110523,15.757095,3638594.8,286622.38,0.011366524,0.26953626,6969788.0
13.480619,11.090502,-3.2347593,-2.9519162,14.910092,715416.0,65545.625,0.03936968,0.052239507,2987932.8
14.504365,11.585104,-4.328798,-3.6546857,15.271502,1991432.9,107484.72,0.013183387,0.025869627,4288731.5
14.035618,11.763844,-2.4647412,-2.9056745,16.13361,1246210.4,128520.48,0.08503085,0.05471188,10156351.0
14.980414,12.199953,-2.5843318,-3.7703428,15.895518,3205614.5,198779.83,0.07544648,0.023044161,8004531.0
15.128548,12.640726,-3.4214537,-3.4575,16.089685,3717447.0,308885.53,0.032664914,0.031508435,9719896.0
13.514724,12.12612,-3.795597,-1.4371382,15.926839,740235.56,184631.94,0.022469485,0.23760676,8259205.0
12.947317,11.40282,-4.319697,-2.16035,14.920741,419709.1,89573.93,0.013303915,0.115284756,3019920.5
14.504591,11.363645,-4.538009,-3.9164803,15.15163,1991883.0,86132.72,0.010694677,0.019911053,3804253.8
13.376749,11.598335,-4.554467,-1.8675945,15.907995,644834.56,108916.33,0.010520103,0.15449485,8105028.5
13.689744,10.693224,-4.1687813,-3.290284,14.920641,881820.7,44056.312,0.015471104,0.037243273,3019618.2
14.142398,11.845736,-3.7554035,-1.8206745,15.707914,1386645.2,139488.23,0.02339101,0.1619165,6635299.5
13.49754,11.288107,-3.6532042,-2.3666039,16.542263,727624.56,79866.11,0.02590798,0.09379874,15283174.0
12.488019,10.451828,-4.0792723,-3.256437,14.919672,265141.53,34607.58,0.016919775,0.038525417,3016693.8
14.752471,12.185488,-1.6522285,-2.766072,15.506766,2552212.0,195925.11,0.1916224,0.06290862,5426290.5
13.462471,11.455062,-1.6574427,-2.527119,15.530203,702549.44,94377.875,0.19062585,0.07988886,5554966.0
13.232574,11.117298,-2.6063106,-2.3458157,14.438794,558256.9,67325.76,0.073806345,0.095769055,1865042.0
14.855913,12.381974,-2.3695247,-1.1881229,15.3513155,2830356.2,238464.14,0.093525164,0.30479285,4645063.0
14.186005,11.77879,-3.0991058,-2.4972699,15.434805,1448450.1,130455.89,0.045089502,0.08230941,5049526.0
15.075494,12.494125,-4.599452,-2.8218138,16.894522,3525362.5,266765.53,0.010057345,0.059497926,21736898.0
14.822191,12.273151,-4.1505394,-1.4757929,15.50371,2736502.5,213875.94,0.015755916,0.2285974,5409730.5
14.255294,11.9363,-3.011513,-2.2609994,15.668474,1552370.8,152710.66,0.049217157,0.104246244,6378695.5
14.5393305,11.735548,-2.2947805,-2.8244958,15.447141,2062296.0,124934.89,0.10078351,0.05933857,5112201.5
13.404022,10.789902,-3.7373033,-3.8110967,16.020947,662663.25,48528.266,0.023818249,0.022123903,9074207.0
14.410154,11.746706,-1.9226584,-2.8949933,15.396097,1812385.2,126336.72,0.14621773,0.055299394,4857804.5
14.560114,11.353823,-3.3277001,-2.5998373,14.664444,2105606.0,85290.875,0.035875518,0.07428566,2337152.8
12.965622,11.303564,-3.9080818,-1.7525364,16.032566,427462.53,81110.2,0.02007898,0.17333373,9180260.0
14.925967,12.665082,-3.6012032,-1.4682212,16.359802,3035744.2,316501.1,0.027290866,0.23033485,12734205.0
12.313463,10.932236,-3.6664789,-1.3653653,14.211374,222673.8,55951.23,0.025566334,0.2552874,1485666.9
14.301275,11.438133,-1.6015067,-4.113947,16.35682,1625417.5,92793.625,0.20159255,0.016343143,12696274.0
14.073811,11.34004,-1.4585924,-1.4641739,13.93451,1294727.2,84123.414,0.23256339,0.23126896,1126369.5
14.046698,11.625322,-2.546048,-1.5100296,14.661437,1260094.9,111895.69,0.07839086,0.22090346,2330135.8
14.87591,11.772669,-2.7521904,-3.2679718,15.421979,2887523.5,129659.73,0.06378799,0.03808359,4985174.5
12.713399,11.0901165,-3.7450242,-2.6560144,16.121857,332168.94,65520.38,0.023635058,0.07022756,10037681.0
14.456334,11.909278,-2.396263,-2.7643876,16.147383,1898043.4,148639.31,0.09105761,0.06301468,10297202.0
13.536096,11.006585,-3.8654919,-2.8075802,14.467646,756226.06,60269.723,0.020952614,0.06035085,1919635.0
14.807382,12.53502,-3.418607,-1.3924431,15.955744,2696274.8,277900.9,0.032758035,0.24846753,8501420.0
14.643589,11.87971,-1.599715,-2.2706134,15.427778,2288916.2,144308.72,0.20195407,0.10324883,5014169.0
13.109513,11.080226,-1.5766373,-2.1827526,14.657392,493616.06,64875.54,0.2066689,0.1127308,2320728.2
13.885592,10.966739,-3.389375,-2.3992553,14.251999,1072596.0,57915.406,0.03372975,0.09078554,1547264.2
14.678723,12.562062,-2.373389,-1.9662995,16.597256,2370765.2,285518.53,0.09316446,0.13997386,16147176.0
14.091243,11.150155,-3.9018414,-1.7094662,13.938371,1317495.0,69574.62,0.020204673,0.18096235,1130726.2
13.92708,11.134957,-3.6345067,-2.9454234,16.49226,1118031.5,68525.234,0.026396953,0.052579794,14537760.0
12.709803,11.152177,-1.7256756,-1.3321073,14.413834,330976.5,69715.42,0.17805272,0.26392052,1819065.8
13.663659,11.590543,-3.0031664,-1.426788,14.660124,859115.9,108070.9,0.04962967,0.24007882,2327077.8
13.622973,10.232407,-3.643494,-3.8878312,13.902375,824863.7,27789.309,0.02616078,0.020489736,1090749.0
12.905451,11.17564,-3.9414473,-0.9631468,14.112563,402500.2,71370.516,0.01942009,0.38168988,1345886.0
14.225504,11.271032,-2.3048966,-3.8864195,16.647081,1506807.8,78514.01,0.099769115,0.020518681,16972100.0
14.872495,12.048094,-3.0817864,-3.2366104,16.365166,2877679.2,170773.56,0.04587723,0.03929687,12802688.0
13.697586,11.108072,-3.236852,-3.0243044,14.985892,888763.1,66707.48,0.03928738,0.04859161,3223222.8
14.876536,12.3885565,-3.0486846,-3.308548,16.39618,2889333.5,240038.95,0.04742126,0.036569234,13205965.0
13.433906,11.004926,-4.3826313,-3.2581446,15.047044,682764.75,60169.793,0.012492444,0.03845969,3426479.2
14.685144,11.3817215,-3.7616491,-2.8514023,14.740418,2386037.0,87703.89,0.023245374,0.057763264,2521636.0
14.2677,12.113935,-3.0539036,-2.6148188,16.176527,1571750.0,182396.02,0.047174416,0.07318105,10601722.0
14.09791,11.077845,-3.3744318,-3.6044004,14.844946,1326308.2,64721.234,0.034237564,0.027203752,2799484.8
13.303409,11.169013,-3.9497724,-0.9751343,14.409124,599234.7,70899.1,0.019259086,0.37714168,1810519.5
13.4749155,11.174794,-1.7787098,-2.145792,14.281634,711346.94,71310.164,0.16885588,0.11697535,1593804.2
13.924402,11.745569,-2.563914,-2.7233374,15.872093,1115041.5,126193.19,0.07700276,0.06565527,7819203.0
14.66956,11.922065,-4.4616656,-3.3695822,15.972065,2349141.2,150552.14,0.01154312,0.03440401,8641312.0
14.706473,12.410914,-3.7449708,-2.395388,16.25028,2437475.2,245466.17,0.023636319,0.09113732,11413191.0
13.091526,10.844496,-4.529034,-1.4419409,13.930878,484816.62,51251.273,0.010791094,0.23646834,1122285.4
12.867185,11.12143,-2.3456028,-2.7368345,16.331945,387389.0,67604.54,0.09578945,0.064775065,12384366.0
12.816453,10.830621,-3.8452573,-2.593298,15.431471,368226.3,50545.074,0.0213809,0.074773036,5032718.5
12.735531,11.629551,-2.459977,-1.3323673,15.226711,339602.4,112369.85,0.085436925,0.2638519,4100876.5
14.692735,11.826917,-2.2164028,-3.3673613,16.000916,2404216.8,136887.77,0.109000504,0.0344805,8894250.0
14.3075695,11.578784,-4.0653234,-3.0970764,16.013,1635680.5,106807.56,0.017157441,0.0451811,9002388.0
14.263941,11.366613,-3.7582207,-2.4674318,14.786227,1565852.2,86388.805,0.023325207,0.08480237,2639835.8
13.981436,11.533797,-3.614738,-2.4469733,16.773073,1180484.9,102109.12,0.026923979,0.08655517,19250992.0
14.28768,11.32284,-2.7588797,-2.5274715,14.750833,1603468.5,82688.83,0.06336272,0.07986069,2548033.8
15.048647,12.420061,-2.140939,-2.6085157,15.942683,3431976.5,247721.67,0.11754442,0.07364377,8391109.0
13.196931,12.446916,-3.1649017,-1.2095021,15.704305,538709.06,254464.25,0.04221829,0.29834577,6611391.5
14.792,12.043009,-3.9586248,-3.622176,16.743277,2655118.5,169907.39,0.019089347,0.026724463,18685840.0
13.390957,10.779795,-1.852623,-3.3866847,14.962465,654061.6,48040.26,0.15682527,0.033820618,3148590.0
13.11389,11.015124,-2.2865968,-2.5896864,15.533831,495781.06,60786.58,0.10161168,0.075043574,5575155.0
13.287179,10.969607,-1.7515194,-2.8437338,14.25137,589587.8,58081.785,0.1735101,0.058207925,1546292.1
13.944503,11.655785,-2.7305176,-2.6087925,16.26527,1137681.4,115356.73,0.06518554,0.07362339,11585562.0
14.117436,12.375348,-4.4468503,-1.7208557,15.730464,1352461.0,236889.27,0.011715409,0.17891298,6786622.5
12.35125,10.245045,-2.009812,-3.2488708,14.971999,231248.86,28142.74,0.13401385,0.038818013,3178751.8
15.294277,12.421409,-1.5480511,-3.1267161,16.570171,4387531.0,248055.72,0.21266203,0.043861598,15715709.0
13.310762,11.189268,-3.0453863,-1.2835113,14.424089,603657.56,72349.81,0.04757793,0.27706274,1837817.8
12.450495,10.88509,-3.7287505,-2.872985,15.375909,255376.64,53374.58,0.024022834,0.05652994,4760717.0
12.512649,11.191596,-2.5631926,-2.969079,16.905188,271752.94,72518.43,0.07705833,0.051350582,21969982.0
14.215143,11.489057,-2.3635776,-3.755032,15.123065,1491276.8,97641.375,0.094083026,0.0233997,3697121.0
12.980541,11.04504,-3.4592865,-2.0824022,14.645404,433887.78,62632.535,0.031452198,0.12463046,2293074.0
14.66346,11.634906,-2.654662,-3.0007899,15.208792,2334853.8,112973.19,0.07032261,0.049747758,4028045.0
12.629427,12.343362,-1.934364,-1.5139083,15.753416,305415.06,229431.97,0.14451616,0.2200483,6944191.0
14.120132,11.23377,-2.5358698,-3.6768055,15.602446,1356112.1,75642.26,0.0791928,0.025303679,5971123.0
15.33865,12.422198,-4.517923,-2.3269963,15.948034,4586601.0,248251.67,0.010911665,0.09758843,8436130.0
12.297332,11.334935,-1.6609343,-2.286155,14.8485565,219110.58,83695.055,0.1899614,0.101656586,2809610.8
14.130717,11.395986,-3.8898823,-1.760343,14.399959,1370542.6,88963.87,0.020447752,0.17198586,1794000.5
12.89891,12.049936,-4.3350368,-2.7701368,16.874329,399875.9,171088.52,0.013101392,0.06265343,21302364.0
14.025088,11.761485,-4.174541,-2.6120572,16.276743,1233157.2,128217.73,0.015382251,0.07338342,11719245.0
15.311889,12.105978,-4.472507,-2.9272013,16.58015,4465486.5,180950.36,0.011418654,0.05354669,15873325.0
14.7928915,11.843827,-3.977426,-3.743951,16.278896,2657487.0,139222.3,0.018733798,0.023660434,11744509.0
12.304369,10.827928,-3.8605163,-1.822484,14.808504,220657.94,50409.13,0.021057125,0.16162378,2699303.0
12.944146,10.744664,-3.5929008,-3.0198548,14.290797,418380.3,46381.883,0.02751839,0.048808306,1608475.2
12.833462,10.015971,-2.0995824,-3.6837578,14.728213,374542.94,22381.078,0.12250757,0.02512837,2491046.0
13.040153,11.156023,-2.990949,-1.936979,16.092155,460538.88,69984.08,0.05023974,0.14413872,9743934.0
13.878862,11.394264,-4.477194,-2.921088,14.954767,1065401.6,88810.86,0.011365261,0.05387504,3124445.0
13.920014,11.151529,-3.8189826,-1.562064,14.349257,1110159.6,69670.3,0.021950122,0.20970279,1705310.0
14.851357,12.22489,-4.505314,-1.5640546,15.391649,2817491.2,203799.05,0.011050121,0.20928578,4836245.5
15.231087,12.082881,-3.2868977,-2.909611,15.149276,4118859.0,176818.84,0.0373696,0.054496925,3795306.8
12.663931,10.987254,-3.0790505,-2.9018052,14.372856,316137.0,59115.836,0.046002913,0.054923985,1746031.6
12.85483,11.209163,-3.305516,-1.6048497,15.347678,382632.3,73803.59,0.03668028,0.20091975,4628198.0
13.629235,11.395515,-4.050293,-2.3677409,16.206455,830045.06,88922.055,0.01741727,0.09369215,10923809.0
15.296607,12.013804,-4.0035872,-3.53616,16.498446,4397765.0,165017.11,0.018250054,0.029124953,14627963.0
14.219831,11.718312,-3.7704043,-2.699623,15.702339,1498284.6,122800.0,0.023042744,0.06723084,6598409.5
14.121422,11.130479,-2.6136198,-3.0806775,14.391233,1357861.8,68219.03,0.073268846,0.045928128,1778415.6
13.113374,10.911815,-2.2490413,-1.4882458,14.090323,495525.34,54820.24,0.10550032,0.22576834,1316284.4
14.623023,12.372549,-2.0525723,-1.5788686,15.651827,2242323.2,236227.14,0.12840419,0.20620826,6273386.5
13.662476,11.825362,-2.1322923,-1.2057099,15.509561,858099.7,136675.14,0.1185652,0.2994793,5441474.5
12.464648,11.253635,-1.7079047,-2.0240138,15.130166,259016.81,77159.92,0.18124516,0.13212408,3723468.0
13.719334,11.47904,-3.185431,-1.8740194,15.438719,908303.3,96668.234,0.041360416,0.15350543,5069328.0
12.669669,10.418537,-3.684676,-2.8337638,16.884098,317956.28,33474.43,0.025105309,0.058791157,21511496.0
13.557682,11.171077,-1.6938105,-3.3876808,15.5021515,772727.75,71045.57,0.18381776,0.033786945,5401307.0
13.013267,12.421932,-1.5676367,-3.1641707,16.032644,448321.8,248185.62,0.20853743,0.04224916,9180978.0
13.886948,10.967155,-3.3586574,-3.4497147,15.028768,1074050.5,57939.547,0.034781925,0.031754695,3364424.8
13.869748,11.038835,-4.2748456,-3.3039439,16.558397,1055735.4,62245.066,0.013914197,0.03673799,15531757.0
13.684731,11.335341,-3.7475317,-2.4550343,16.072134,877410.75,83729.06,0.023575868,0.08586025,9550786.0
12.319228,10.217027,-2.158545,-3.2927325,14.265949,223961.22,27365.182,0.11549304,0.037152193,1569000.4
13.652611,11.967233,-2.5906353,-3.0397933,16.666159,849676.3,157508.19,0.0749724,0.04784478,17298990.0
12.344772,11.169762,-2.179513,-1.6619704,14.520344,229755.81,70952.195,0.113096595,0.18976471,2023509.1
13.38639,11.040943,-2.9956272,-2.7720926,14.927881,651081.25,62376.453,0.050005257,0.06253102,3041560.5
14.661009,12.1586485,-2.806465,-2.1236234,15.593533,2329138.0,190736.56,0.0604182,0.119597495,5918139.0
14.121165,12.150259,-4.456193,-1.1891756,15.342429,1357513.5,189143.08,0.011606465,0.30447218,4603968.5
12.716183,10.518914,-3.5267098,-3.8527856,14.874877,333094.9,37008.918,0.029401494,0.021220542,2884542.8
13.591234,10.651263,-3.5916016,-3.327166,14.199543,799094.25,42245.926,0.027554164,0.035894684,1468193.1
13.213728,10.909452,-1.5794072,-2.407075,15.009221,547834.2,54690.89,0.20609723,0.0900784,3299300.8
14.410708,11.295088,-3.524295,-3.7548869,15.847052,1813389.8,80425.6,0.029472575,0.023403099,7625829.0
13.063329,12.019804,-2.0210395,-1.3449304,14.83892,471337.06,166010.11,0.13251764,0.26055783,2782665.0
13.07589,11.080284,-3.393097,-3.5235066,15.028574,477294.78,64879.312,0.033604447,0.029495822,3363773.5
13.854088,11.768451,-1.8467674,-1.491363,15.095078,1039331.06,129113.96,0.15774627,0.22506568,3595086.0
14.017357,11.038124,-2.4611433,-3.1673613,14.328895,1223660.0,62200.86,0.08533733,0.042114582,1670936.1
12.704178,10.898507,-2.232662,-3.446146,16.748116,329120.06,54095.547,0.10724258,0.03186822,18776480.0
13.851485,12.304367,-2.788635,-2.444707,16.475294,1036629.6,220657.52,0.06150511,0.08675156,14293195.0
13.461026,11.084969,-2.3283384,-1.7344062,14.923422,701535.06,65183.95,0.09745755,0.17650497,3028027.2
12.759304,11.080262,-2.5362597,-3.4079363,16.650805,347772.6,64877.89,0.07916194,0.033109456,17035408.0
13.890034,11.057501,-2.3558156,-3.3540213,14.496791,1077370.2,63417.863,0.09481614,0.03494355,1976406.5
12.371947,10.22043,-4.427231,-2.840771,14.008973,236085.03,27458.48,0.011947528,0.05838064,1213444.0
14.136917,11.665087,-2.4668262,-2.7877424,16.775465,1379066.1,116434.805,0.08485374,0.061560035,19297092.0
12.991484,10.740597,-2.6364415,-2.7951238,16.831003,438661.66,46193.61,0.071615666,0.061107308,20399138.0
15.338042,11.745212,-2.8295784,-4.100992,15.495742,4583815.5,126148.06,0.059037738,0.01655624,5366797.0
14.453488,11.842874,-2.8307545,-2.3122656,15.201779,1892649.6,139089.6,0.058968343,0.09903662,3999897.8
13.208698,11.719754,-3.16597,-1.6616708,16.055944,545085.7,122977.195,0.04217321,0.18982156,9397408.0
14.950822,13.094789,-2.4819221,-2.6801116,16.25659,3112142.2,486400.94,0.083582416,0.0685555,11485431.0
12.990377,11.590448,-4.5708513,-1.637761,16.023817,438176.66,108060.7,0.010349145,0.19441485,9100292.0
12.884828,12.072068,-2.5317523,-1.7664846,15.217408,394284.34,174917.23,0.079519555,0.17093283,4062902.5
12.3586645,10.141669,-3.4507904,-2.9285264,13.954915,232969.89,25378.795,0.031720553,0.053475782,1149589.0
14.084547,11.8231325,-2.3514676,-2.911645,16.201963,1308702.9,136370.75,0.0952293,0.054386195,10874851.0
14.333555,11.394378,-4.5546117,-1.3508439,14.588822,1678741.9,88820.94,0.010518584,0.25902158,2166930.8
12.2873125,11.043464,-3.2727358,-1.0215774,14.2618885,216926.2,62533.875,0.03790259,0.3600266,1562642.0
14.624014,11.457099,-3.5515907,-3.3569505,15.149863,2244546.2,94570.32,0.028678983,0.034841344,3797537.0
14.266323,12.112187,-2.5081668,-2.3380265,15.486728,1569587.0,182077.44,0.08141736,0.09651793,5318637.5
12.945336,11.178742,-2.1636386,-1.3789593,14.451445,418878.56,71592.27,0.11490626,0.2518405,1888785.6
13.715527,11.222255,-4.4450326,-3.028737,15.129349,904851.94,74776.19,0.011736724,0.048376694,3720426.0
13.428605,11.249807,-3.1733456,-2.9156332,16.376244,679155.3,76865.11,0.041863307,0.05416972,12945303.0
14.543167,12.094053,-3.5796487,-3.0775661,16.812153,2070223.5,178805.39,0.027885491,0.04607125,20018208.0
12.876347,10.432925,-4.3703103,-2.5279799,14.174698,390954.56,33959.543,0.012647316,0.079820104,1432165.0
14.492933,11.477836,-1.9385179,-3.0160656,14.308758,1968797.0,96551.87,0.14391708,0.0489936,1637625.4
15.164891,11.4910965,-4.5100513,-3.7179713,14.865311,3855037.2,97840.76,0.010997896,0.02428318,2857080.0
14.005434,11.456946,-2.5584435,-2.0362883,14.5043,1209157.1,94555.89,0.07742515,0.13051224,1991303.8
12.837011,10.506704,-3.4051683,-2.5711036,14.908884,375874.78,36559.793,0.033201233,0.07645113,2984324.8
13.853136,11.0048275,-3.7985518,-2.3553913,14.359889,1038342.3,60163.883,0.022403194,0.09485639,1723536.9
14.406106,11.972491,-2.6356683,-2.3939776,15.385617,1805062.9,158338.64,0.071671054,0.09126594,4807161.0
14.709978,11.814002,-3.3184934,-2.902718,15.163475,2446033.0,135131.28,0.03620734,0.054873865,3849581.8
12.777993,10.661841,-2.2689087,-1.7143719,14.011061,354333.28,42695.184,0.10342498,0.1800768,1215979.8
13.324572,12.145175,-1.6602435,-2.4291925,16.223145,612051.44,188183.9,0.19009268,0.08810794,11107649.0
13.452005,12.11279,-1.6909498,-2.7240374,15.699642,695235.1,182187.22,0.18434435,0.06560933,6580637.5
14.287693,11.695881,-3.6870852,-2.9818313,15.859233,1603489.9,120076.086,0.025044898,0.0506999,7719289.5
14.912737,12.350075,-1.4387912,-2.6505072,16.429014,2995845.0,230977.31,0.23721434,0.07061539,13646781.0
13.988616,11.394459,-1.7843547,-2.701393,15.300875,1188991.5,88828.14,0.16790538,0.06711197,4416573.5
13.937349,11.229919,-2.5464528,-2.9601305,15.109836,1129572.0,75351.52,0.078359134,0.051812157,3648532.5
13.922109,11.326966,-3.8401103,-1.6690671,14.768099,1112487.0,83030.75,0.021491231,0.18842275,2592410.8
14.441537,12.280501,-2.2108934,-2.3922992,15.620797,1870164.4,215453.7,0.10960269,0.09141925,6081714.0
12.585723,10.620853,-3.8470385,-2.5286803,14.951827,292354.66,40980.574,0.02134285,0.07976422,3115272.0
12.313161,11.664219,-2.121165,-1.6926361,16.653421,222606.5,116333.8,0.11989187,0.18403375,17080046.0
13.978446,11.167877,-1.6604006,-2.5268006,14.141312,1176960.8,70818.62,0.19006282,0.07991429,1385139.9
12.318357,11.282737,-2.032939,-1.63795,15.399376,223766.3,79438.37,0.1309501,0.19437812,4873758.5
14.659963,12.442138,-1.5634171,-2.6793885,16.597609,2326702.8,253251.34,0.20941925,0.068605095,16152874.0
12.38447,11.777807,-2.56746,-1.753461,16.058731,239060.03,130327.69,0.07673019,0.17317355,9423631.0
15.303943,12.612978,-3.2502987,-2.7723575,16.037046,4430144.0,300432.38,0.038762625,0.062514454,9221483.0
12.771718,11.08773,-1.4826555,-2.5402157,16.218306,352116.72,65364.227,0.22703399,0.07884939,11054030.0
15.219559,11.921602,-3.2812266,-3.3572426,15.251145,4071649.2,150482.53,0.03758213,0.03483117,4202312.0
13.351603,11.048745,-3.0556889,-2.892708,15.973876,628821.4,62865.02,0.04709027,0.055425912,8656976.0
12.98124,11.260189,-2.158001,-1.4934024,14.466267,434191.2,77667.26,0.11555589,0.22460715,1916989.6
12.4841175,10.438758,-1.7876887,-3.4192803,14.124693,264109.1,34158.2,0.1673465,0.03273599,1362310.8
14.852056,11.820882,-1.665847,-2.6935234,15.278831,2819459.0,136064.16,0.1890305,0.06764219,4320279.0
14.670804,11.877239,-3.0701632,-3.7051997,16.52554,2352064.5,143952.58,0.046413578,0.024595305,15029709.0
13.470562,11.359931,-2.8509207,-2.3658867,16.263731,708256.75,85813.445,0.057791088,0.093866035,11567743.0
12.459548,11.707751,-3.7372792,-1.9884375,15.119767,257699.12,121509.93,0.023818823,0.13690917,3684948.8
14.21129,12.296947,-2.2517488,-2.2813332,15.7700405,1485542.1,219026.17,0.105215065,0.10214793,7060599.5
13.861291,11.466851,-1.4152089,-2.7317884,16.009478,1046844.5,95497.11,0.24287486,0.065102756,8970730.0
13.663093,10.846267,-3.4039364,-4.0555224,16.85505,858629.4,51342.12,0.03324216,0.017326426,20895600.0
15.08457,12.851165,-1.5972648,-1.7117623,15.993555,3557504.8,381232.53,0.20244952,0.18054733,8829024.0
14.047064,11.029004,-3.2679324,-3.6705072,14.662432,1260556.5,61636.168,0.03808509,0.025463551,2332454.5
12.62613,10.619735,-1.9014989,-2.356535,14.787728,304409.8,40934.758,0.1493446,0.09474796,2643801.2
14.976525,11.715598,-2.265829,-2.848464,14.682769,3193172.0,122467.15,0.103743985,0.057933237,2380375.5
13.628678,10.881637,-2.2654936,-2.4293919,13.963773,829582.9,53190.582,0.103778794,0.08809039,1159817.0
12.752933,11.182282,-2.9414315,-3.217628,14.503773,345563.78,71846.164,0.052790105,0.040049944,1990253.9
13.510344,11.215117,-4.561788,-2.5485108,15.688846,737000.25,74244.39,0.010443369,0.07819803,6509971.5
13.916754,11.969346,-4.4344373,-0.94702667,14.787288,1106545.8,157841.4,0.011861739,0.38789263,2642636.8
12.5657015,10.13828,-2.307879,-3.2644935,13.90434,286559.5,25292.924,0.09947201,0.03821629,1092894.0
14.969056,12.458857,-2.4863975,-3.6447709,16.534992,3169410.5,257521.02,0.08320919,0.026127396,15172456.0
14.112879,11.761125,-3.7370665,-2.2267272,15.205633,1346311.0,128171.516,0.023823887,0.10788092,4015342.2
14.70127,12.070176,-3.2676303,-2.425816,15.51266,2424825.5,174586.6,0.038096596,0.088405944,5458366.0
12.947028,10.723447,-3.9816833,-2.2939534,14.683459,419587.84,45408.15,0.018654212,0.10086691,2382019.8
14.110006,11.819996,-2.1238797,-1.9001898,15.088479,1342449.2,135943.67,0.11956685,0.14954025,3571438.5
12.5638275,10.631323,-3.0078604,-1.023552,14.716479,286023.0,41411.87,0.049397256,0.3593164,2461987.0
12.556242,11.350424,-2.8158934,-1.5528688,14.563698,283861.56,85001.47,0.05985122,0.21163994,2113166.0
13.70687,10.720173,-2.5947351,-3.4163597,14.273797,897052.9,45259.727,0.07466565,0.032831736,1581362.0
14.734743,12.053914,-3.7121818,-0.95580816,15.220976,2507365.5,171770.42,0.024424177,0.38450128,4077423.5
13.576811,11.511721,-3.7624156,-1.3800477,15.288017,787651.4,99879.59,0.023227563,0.25156656,4360151.0
12.403146,10.219857,-3.8360305,-3.1644325,16.887045,243566.62,27442.748,0.02157909,0.042238105,21574980.0
14.287373,11.185749,-2.8644142,-3.301538,14.4266,1602976.2,72095.66,0.05701652,0.036826484,1842438.4
12.780941,11.211856,-3.4461775,-2.843086,16.497316,355379.3,74002.625,0.031867217,0.05824564,14611455.0
13.044019,10.894776,-2.4841044,-3.4480417,15.011882,462322.84,53894.1,0.08340021,0.031807866,3308091.0
14.536886,12.127758,-3.6939647,-2.6166964,15.717063,2057261.4,184934.69,0.024873191,0.07304378,6696281.5
13.173504,10.937037,-3.0924528,-2.8228374,14.946783,526235.4,56220.543,0.045390487,0.05943706,3099598.2
14.017503,11.548687,-3.3231642,-2.4952657,15.862065,1223838.5,103640.87,0.03603862,0.08247453,7741185.0
14.690866,12.427746,-3.4353805,-1.3825369,16.26182,2399729.2,249632.67,0.03221315,0.25094113,11545656.0
13.747429,11.556502,-2.9650655,-2.9784074,15.86238,934184.2,104454.03,0.051557094,0.050873794,7743621.5
13.177589,11.065641,-2.3579803,-3.514147,16.216331,528389.75,63936.227,0.09461112,0.029773187,11032229.0
14.083243,11.606457,-2.1723042,-1.0986483,14.463203,1306997.9,109804.5,0.11391484,0.33332133,1911126.5
12.539246,11.180123,-2.4449575,-1.7428192,15.3704,279077.72,71691.2,0.086729825,0.17502627,4734565.0
13.430415,11.975898,-3.8049963,-2.2715824,16.19732,680385.75,158878.94,0.02225928,0.10314883,10824482.0
13.868806,11.812292,-4.4319487,-1.1514176,15.554691,1054741.1,134900.4,0.011891295,0.31618822,5692678.0
14.534175,11.81175,-2.1494663,-2.7503235,15.371436,2051691.0,134827.36,0.11654635,0.06390718,4739471.0
13.281675,12.0745325,-2.4357133,-1.6733282,16.707941,586351.9,175348.81,0.087535284,0.1876216,18037096.0
13.852369,10.875377,-3.4253845,-3.1119943,14.651558,1037546.44,52858.652,0.032536767,0.044512097,2307229.2
12.842726,10.862497,-2.1653812,-2.574404,14.10725,378028.84,52182.23,0.1147062,0.076199226,1338754.4
12.230831,10.162186,-1.834354,-3.1201448,16.595245,205013.5,25904.855,0.15971664,0.044150773,16114747.0
13.394792,10.857249,-1.7776829,-2.8130605,14.993424,656574.6,51909.094,0.16902936,0.060021017,3247592.2
13.677151,11.096076,-4.4082584,-2.9815798,14.751994,870785.3,65912.016,0.012176366,0.050712656,2550995.2
14.675955,11.402738,-3.6991727,-3.9401567,14.967326,2364210.8,89566.586,0.024743987,0.019445168,3163932.2
12.402786,10.662197,-2.2179668,-2.9051533,14.964982,243479.06,42710.375,0.10883016,0.0547404,3156524.2
14.104561,11.500458,-3.750909,-3.363892,15.057985,1335158.9,98760.97,0.023496376,0.03460033,3464175.8
15.253112,11.56869,-4.174272,-3.9517212,15.326945,4210583.5,105734.9,0.015386388,0.019221589,4533230.0
13.31818,11.206437,-2.258017,-3.2096875,16.010078,608152.0,73602.71,0.10455761,0.040369228,8976121.0
14.247914,11.556818,-1.7855581,-2.080991,14.639656,1540957.1,104487.01,0.16770343,0.12480646,2279931.8
14.312679,11.982226,-1.6077168,-2.7003107,15.522442,1644059.9,159887.61,0.20034452,0.067184635,5512021.0
12.888366,11.048991,-1.4307523,-3.0610712,16.704828,395681.84,62880.49,0.23912896,0.046837498,17981038.0
13.2103195,10.472481,-2.20548,-2.8388956,15.837084,545970.1,35329.754,0.1101976,0.058490228,7550194.0
14.82867,12.119014,-3.242325,-3.3945167,16.789509,2754288.0,183324.62,0.039072942,0.033556767,19570010.0
15.0687685,12.541393,-4.527543,-2.1363502,15.990949,3501732.8,279677.75,0.010807196,0.11808505,8806042.0
12.703899,10.653959,-2.2043734,-2.6814847,14.209386,329028.4,42359.977,0.11031964,0.06846143,1482715.6
15.070713,11.611755,-3.281168,-3.7881334,15.23253,3508548.8,110387.85,0.037584335,0.022637818,4124806.5
14.945016,12.194472,-3.104096,-2.6872036,15.605428,3094125.5,197693.34,0.04486506,0.06807102,5988956.5
14.693048,11.808194,-2.0883899,-3.5106254,15.98203,2404969.0,134348.73,0.12388645,0.029878223,8727853.0
13.826646,10.883547,-1.3906626,-3.8813117,14.29752,1011197.5,53292.285,0.24891034,0.020623757,1619324.5
14.5168915,11.848068,-2.154336,-1.7504158,14.946796,2016535.5,139814.0,0.11598018,0.1737017,3099639.8
13.950303,10.770931,-2.4538803,-3.9784164,14.137719,1144299.4,47616.34,0.08595939,0.018715253,1380172.6
12.658355,10.809598,-3.57184,-1.8482648,14.785499,314379.06,49493.566,0.028104093,0.15751024,2637913.0
14.34871,11.417424,-3.2359602,-3.846025,16.544008,1704376.8,90891.72,0.03932243,0.021364491,15309870.0
13.814745,12.230411,-2.97457,-2.3977802,16.667833,999234.7,204927.3,0.051069386,0.090919554,17327984.0
13.714477,10.5857525,-2.455628,-3.9406369,14.06895,903902.3,39567.07,0.0858093,0.019435832,1288449.0
14.406955,11.842964,-4.4222836,-2.350853,15.569504,1806595.6,139102.2,0.012006782,0.09528785,5777628.0
14.566354,11.672195,-4.3355427,-3.735176,15.533571,2118786.0,117265.445,0.013094766,0.023868967,5573709.0
12.874392,10.280913,-3.8730319,-2.592292,14.790995,390190.97,29170.504,0.020795226,0.07484829,2652451.0
14.839062,12.074686,-1.5366708,-2.4650526,15.284898,2783060.5,175375.75,0.21509601,0.08500437,4346571.0
13.055633,11.262119,-2.7644129,-2.8748484,15.91036,467723.5,77817.32,0.063013084,0.056424696,8124220.5
14.545938,11.475884,-2.4197242,-3.6135755,14.837344,2075966.9,96363.66,0.08894614,0.026955297,2778284.5
14.122031,11.151916,-3.9775634,-4.049977,15.138428,1358689.5,69697.21,0.018731225,0.017422779,3754357.5
13.423297,11.058185,-2.8362427,-2.9115665,14.978226,675559.75,63461.242,0.058645602,0.05439046,3198606.2
14.176284,11.742947,-4.086544,-1.1098466,14.843879,1434438.2,125862.664,0.016797183,0.3296095,2796498.8
13.83419,11.732704,-1.5054266,-2.9366841,16.27478,1018855.4,124580.1,0.22192259,0.053041317,11696267.0
14.060006,11.29308,-3.1515121,-2.3793411,14.593447,1276977.0,80264.31,0.042787377,0.09261157,2176974.8
14.75002,12.105174,-2.6806188,-2.9447808,16.198341,2545964.2,180804.94,0.06852074,0.05261359,10835533.0
13.523317,11.977426,-2.444348,-2.6967194,15.915305,746624.25,159121.86,0.086782694,0.067426346,8164492.5
14.773541,11.952274,-1.9956346,-3.6708088,16.286907,2606558.8,155169.66,0.13592738,0.025455873,11838970.0
14.744071,11.559825,-2.311165,-3.7439406,15.039577,2530863.2,104801.664,0.09914567,0.023660682,3400988.0
13.356136,10.319308,-2.5602744,-3.770666,16.88359,631678.8,30312.283,0.07728353,0.023036718,21500584.0
14.217341,11.570404,-2.5153933,-2.5197766,15.446745,1494558.5,105916.26,0.08083112,0.08047759,5110178.5
14.90235,12.309468,-2.6768053,-2.4291108,15.819567,2964889.8,221786.02,0.068782546,0.088115156,7419088.0
14.577788,11.637891,-4.1276355,-2.0243728,14.778004,2143152.2,113310.92,0.016120952,0.13207665,2618216.0
13.213161,10.449885,-3.689816,-3.420575,16.662241,547523.94,34540.414,0.024976598,0.032693636,17231350.0
13.9875965,11.081866,-2.070687,-3.021205,14.077383,1187779.9,64982.043,0.12609911,0.04874245,1299360.9
14.655309,12.315711,-2.4231553,-2.7142594,16.660883,2315899.5,223174.89,0.08864149,0.066254005,17207966.0
13.313531,11.195235,-2.377334,-2.8173685,16.859253,605331.1,72782.82,0.09279764,0.059763003,20983624.0
12.69281,10.846298,-2.6661928,-1.6224297,14.49602,325399.88,51343.734,0.06951639,0.19741844,1974884.2
13.5240755,10.9741535,-3.5306134,-2.7446587,15.36565,747190.56,58346.434,0.029286945,0.064270236,4712128.0
12.268758,11.046336,-3.344021,-1.3855349,14.952723,212938.31,62713.76,0.03529475,0.25018993,3118063.0
13.299697,11.625932,-1.9817712,-2.090639,14.81437,597014.6,111963.9,0.13782491,0.12360811,2715183.8
13.501326,10.756431,-3.5941658,-2.9278529,14.408072,730383.94,46930.855,0.027483601,0.053511813,1808616.0
13.509487,10.6880455,-4.031969,-4.131657,14.799819,736369.4,43828.76,0.017739365,0.016056249,2675960.8
15.121806,12.809664,-4.4229493,-1.7230376,15.941724,3692470.0,365734.8,0.011998792,0.17852305,8383062.0
14.344834,12.385813,-2.0445826,-3.086293,15.835564,1697783.9,239381.25,0.1294342,0.045670945,7538725.0
14.098972,11.155694,-2.096391,-3.554031,14.709281,1327718.1,69961.055,0.122899175,0.028609086,2444328.5
14.203285,12.665188,-3.2274034,-2.3814313,16.64443,1473697.6,316534.6,0.039660346,0.0924182,16927162.0
14.801507,11.979409,-3.6379848,-2.9159203,16.175436,2680481.5,159437.81,0.026305303,0.054154173,10590162.0
13.939398,12.564658,-2.4299953,-2.7452033,16.642878,1131888.2,286260.7,0.088037245,0.06423524,16900902.0
14.043827,11.354254,-4.3958683,-1.2602904,14.454753,1256482.9,85327.65,0.012328171,0.28357166,1895044.6
12.754444,10.845771,-4.00726,-2.1787465,16.503897,346086.53,51316.664,0.018183151,0.11318332,14707920.0
13.684036,11.143802,-3.4636874,-2.3183062,14.290025,876801.8,69133.984,0.031314082,0.098440185,1607233.2
14.83909,11.766024,-4.0808263,-2.9469872,15.236066,2783140.0,128800.97,0.0168935,0.052497637,4139418.5
14.622746,11.992253,-3.4748833,-3.381376,15.62042,2241703.2,161498.84,0.030965447,0.034000635,6079423.5
13.182499,11.269266,-3.4260044,-2.5721676,15.680833,530990.25,78375.46,0.032516606,0.07636982,6458017.0
13.353684,11.194302,-1.4804676,-2.609034,13.988193,630131.9,72714.9,0.22753128,0.073605604,1188488.1
14.253043,11.880014,-3.4980419,-1.441866,15.209806,1548880.9,144352.62,0.030256571,0.23648605,4032134.5
14.110981,11.617352,-1.4517108,-2.7032611,15.101414,1343758.4,111007.33,0.23416932,0.0669867,3617934.0
14.544685,12.04684,-1.652903,-3.8798876,16.501049,2073369.0,170559.53,0.1914932,0.020653147,14666097.0
13.09502,10.637798,-3.0161126,-1.0312597,13.995337,486513.7,41680.902,0.0489913,0.35655755,1197009.0
14.822584,12.94082,-2.845114,-2.427964,16.742342,2737578.0,416990.94,0.05812764,0.08821626,18668384.0
14.397235,11.559803,-3.8630672,-2.8876734,15.100018,1789120.9,104799.37,0.02100348,0.055705667,3612886.2
12.876799,10.682977,-4.0174537,-1.9917178,14.382735,391131.3,43607.164,0.017998738,0.13646081,1763366.4
13.669014,11.332953,-2.0015354,-2.0885878,14.64401,863728.7,83529.36,0.13512765,0.12386193,2289879.0
13.451004,11.767683,-3.1642325,-2.5285232,15.7216215,694539.3,129014.88,0.042246554,0.07977675,6726876.5
13.57337,10.7425995,-2.0131795,-3.2583172,14.331781,784945.8,46286.215,0.13356332,0.03845305,1675766.8
14.6817,11.760459,-4.413,-2.9774084,16.221956,2377832.0,128086.23,0.012118766,0.05092464,11094458.0
14.629344,12.380872,-3.2289941,-2.6315832,16.466385,2256541.8,238201.39,0.03959731,0.071964435,14166419.0
12.210118,11.3153,-2.6691074,-1.7515222,14.895402,200810.77,82067.72,0.06931406,0.17350963,2944359.8
12.857741,11.62057,-2.3721735,-1.0747412,14.702595,383748.0,111365.2,0.09327776,0.34138608,2428039.8
14.559506,12.413818,-1.9632955,-1.6065762,16.27345,2104327.2,246180.03,0.14039499,0.20057316,11680728.0
14.164939,11.476475,-4.5032415,-2.2520525,14.977635,1418256.6,96420.56,0.0110730445,0.10518311,3196718.5
13.482804,10.771964,-3.976966,-2.806059,14.47793,716980.75,47665.543,0.01874242,0.060442735,1939479.2
14.229337,11.607907,-1.4811387,-3.7181087,15.905366,1512594.2,109963.89,0.22737862,0.024279846,8083746.0
14.785862,12.589004,-3.1649525,-1.3296845,16.37924,2638871.5,293315.34,0.04221615,0.26456073,12984151.0
13.66269,11.531956,-2.7290165,-3.974701,16.476992,858283.9,101921.25,0.06528346,0.018784918,14317479.0
14.1358795,11.453399,-4.4887457,-2.7005594,15.414757,1377636.0,94221.03,0.011234727,0.06716793,4949300.5
14.128146,11.351039,-3.80001,-2.8514235,14.957923,1367023.4,85053.77,0.022370549,0.057762038,3134320.5
14.252695,11.5731325,-3.262461,-3.4387429,16.52461,1548341.8,106205.64,0.038294043,0.03210502,15015755.0
13.032843,10.671283,-2.3203723,-3.3416085,16.51393,457184.66,43100.195,0.098237,0.035380002,14856223.0
13.082034,11.246355,-3.2279425,-2.708973,16.820024,480236.56,76600.2,0.039638974,0.06660518,20176406.0
14.137284,12.175507,-3.0874848,-1.6749939,15.582543,1379572.6,193979.27,0.045616545,0.18730932,5853459.5
12.541794,11.301341,-3.1918576,-2.0351064,16.425858,279789.78,80930.09,0.04109546,0.13066657,13603770.0
13.712435,11.066562,-3.0110636,-2.08683,14.276902,902058.6,63995.094,0.04923928,0.12407986,1586280.0
13.962449,11.228686,-3.2395961,-1.211535,14.312949,1158282.8,75258.664,0.039179716,0.2977399,1644503.6
12.798166,10.477957,-3.609529,-2.768814,16.270483,361553.84,35523.75,0.027064592,0.06273636,11646113.0
13.686902,11.099507,-4.2541623,-2.8620822,15.994217,879318.1,66138.57,0.014204985,0.057149637,8834870.0
14.620626,11.901606,-2.6401942,-2.622927,15.2460785,2236955.8,147503.27,0.071347415,0.07259008,4181073.0
14.785315,11.801738,-3.2872572,-3.6806629,15.492024,2637427.5,133484.12,0.037356168,0.02520626,5346883.5
12.643328,10.603189,-2.7203083,-2.0117428,13.946057,309690.2,40263.05,0.065854445,0.13375536,1139451.2
14.708531,12.352334,-4.5807486,-1.0793923,15.914215,2442496.8,231499.73,0.010247223,0.33980197,8155597.5
14.79234,11.717752,-3.361196,-2.9413953,15.074646,2656022.5,122731.27,0.03469374,0.052792016,3522374.8
12.901566,11.449737,-2.3655913,-2.806556,15.918168,400939.38,93876.62,0.09389377,0.060412697,8187900.5
13.005987,11.107475,-1.9614335,-2.958926,15.526163,445070.12,66667.664,0.14065664,0.051874604,5532570.5
14.076261,11.4276,-1.739516,-2.1739004,14.675938,1297903.1,91821.33,0.17560537,0.11373315,2364170.2
14.603625,12.004228,-3.4988134,-3.3199458,16.303654,2199246.2,163444.31,0.030233238,0.03615479,12038901.0
15.074415,11.992203,-2.1744964,-2.701205,15.262043,3521562.0,161490.69,0.11366538,0.067124575,4248357.5
15.1184435,12.948789,-4.2315717,-1.3388417,16.17604,3680074.2,420327.16,0.0145295365,0.26214916,10596567.0
14.91358,11.55973,-3.240874,-3.7023215,15.003125,2998371.8,104791.67,0.03912968,0.024666196,3279249.8
13.337596,10.965733,-2.3121078,-3.5773966,14.985779,620075.1,57857.164,0.09905225,0.027948363,3222857.0
13.284524,11.103266,-2.5486953,-1.6540376,15.16256,588024.56,66387.61,0.078183606,0.19127606,3846062.5
14.355771,12.00888,-3.9851,-2.446594,16.557373,1716454.0,164206.44,0.018590584,0.086588,15515856.0
14.601209,11.525341,-2.0202448,-3.4752576,15.083455,2193938.0,101249.3,0.13262299,0.030953858,3553540.8
13.5886,11.396614,-3.1418078,-2.3212605,14.640085,796992.2,89019.8,0.04320462,0.09814979,2280910.5
14.486121,11.9973755,-2.7816837,-2.4388995,15.465301,1955431.0,162328.2,0.061934143,0.08725683,5205886.5
14.350523,11.8054495,-3.8990834,-3.274554,15.811978,1707469.5,133980.48,0.020260474,0.03783374,7363002.5
13.87993,10.836244,-2.902064,-2.675377,14.095001,1066539.1,50830.082,0.054909766,0.06888086,1322456.1
13.646207,10.809406,-3.2491827,-3.3531837,14.238001,844252.44,49484.08,0.03880591,0.03497283,1525756.4
12.424427,10.876292,-1.8391894,-2.2115822,15.154756,248805.58,52907.066,0.15894622,0.10952722,3816161.2
14.247055,12.059048,-2.9216914,-3.1637735,16.309761,1539633.6,172654.48,0.05384254,0.042265948,12112652.0
13.120864,11.35665,-2.3620381,-1.949817,14.6793995,499250.84,85532.38,0.09422798,0.14230011,2372368.8
14.229278,12.649859,-4.5156612,-1.007082,15.891388,1512504.8,311719.62,0.010936371,0.36528334,7971537.5
12.632317,10.751916,-3.0924938,-1.944714,14.382512,306298.88,46719.453,0.045388624,0.14302813,1762972.9
13.777073,11.820508,-3.714531,-2.0956485,15.276519,962291.7,136013.31,0.024366869,0.12299045,4310303.5
13.638499,11.004522,-2.5725198,-1.9302795,14.143203,837770.3,60145.523,0.07634293,0.14510764,1387761.8
13.565561,11.213192,-2.860024,-2.5425203,14.981748,778840.3,74101.57,0.057267386,0.07866789,3209891.2
14.753283,11.641418,-2.264125,-3.8214576,15.062356,2554284.0,113711.34,0.103920914,0.021895861,3479349.8
13.088344,10.812903,-2.6168723,-2.404135,14.739891,483276.22,49657.434,0.07303093,0.09034361,2520306.5
15.228591,12.578473,-2.3317044,-3.5630622,16.063765,4108592.0,290242.8,0.09713006,0.028351873,9471185.0
14.095388,11.15477,-4.483085,-3.7110128,15.053277,1322968.2,69896.43,0.011298502,0.024452744,3447903.8
12.543403,10.698048,-3.7983592,-2.559744,15.298751,280240.28,44269.34,0.02240751,0.07732454,4407203.5
12.4398985,10.174898,-2.1197157,-2.427258,13.952368,252684.89,26236.271,0.120065756,0.08827856,1146664.4
13.576986,11.377439,-2.389164,-2.4844122,15.16805,787789.56,87329.055,0.09170632,0.083374545,3867233.0
13.591288,11.580364,-4.0388303,-2.8344119,16.01112,799136.94,106976.48,0.01761807,0.05875307,8985474.0
12.806002,11.036217,-3.1070666,-1.9692415,14.45557,364397.9,62082.332,0.04473198,0.13956268,1896594.0
14.470354,11.537308,-3.3028722,-2.1249273,14.738037,1924841.2,102468.195,0.036777385,0.11944165,2515638.2
13.574518,10.531042,-3.6729867,-3.9935198,13.964285,785847.6,37460.492,0.025400491,0.018434715,1160411.1
13.345806,11.193789,-3.4144304,-2.853507,16.946135,625187.0,72677.6,0.03289514,0.057641815,22888258.0
14.865208,11.855125,-3.0631669,-1.2982507,15.202441,2856785.8,140804.19,0.046739444,0.27300894,4002546.0
12.449904,11.556779,-2.5464735,-1.451693,16.880033,255225.94,104482.92,0.07835751,0.23417348,21424238.0
12.365031,11.060682,-2.6074069,-2.8168702,15.6608925,234457.88,63619.945,0.07372548,0.05979279,6330517.0
14.201756,12.630345,-4.03727,-1.1545681,16.79792,1471445.1,305695.66,0.017645577,0.31519365,19735314.0
13.476959,11.618598,-2.553113,-1.6607835,15.248572,712802.2,111145.78,0.07783898,0.18999006,4191513.0
14.738636,11.762001,-3.708387,-3.5795608,15.89177,2517145.2,128283.9,0.02451704,0.027887946,7974586.5
13.872527,12.259925,-2.4756012,-1.2054524,15.437172,1058673.4,211065.73,0.084112406,0.29955643,5061492.5
13.117249,10.840984,-3.2657948,-1.7903236,14.1199255,497449.1,51071.625,0.03816659,0.16690615,1355831.5
12.739286,11.539454,-3.9471977,-2.6553874,16.936817,340880.22,102688.4,0.019308735,0.07027161,22675990.0
14.24742,11.405068,-2.3329127,-3.484592,16.17735,1540196.1,89775.59,0.097012766,0.03066627,10610441.0
14.306474,11.589389,-1.9168005,-2.9093392,14.657999,1633889.1,107946.266,0.14707679,0.05451174,2322138.5
15.231201,12.387867,-3.219178,-3.501385,16.051792,4119330.2,239873.5,0.039987918,0.03015559,9358468.0
14.514827,11.438322,-3.2017753,-2.8393636,14.774722,2012376.2,92811.15,0.040689904,0.058462862,2609638.0
12.404523,11.316555,-1.6909014,-1.1347196,14.40585,243902.27,82170.78,0.18435328,0.32151225,1804601.6
14.767228,12.106112,-2.4576325,-2.8923557,15.799888,2590154.5,180974.52,0.08563746,0.055445448,7274514.5
13.895164,10.773293,-2.7085404,-3.968055,14.28332,1082911.2,47728.91,0.06663399,0.018910177,1596493.9
12.384675,10.623865,-3.3237,-2.7970703,15.867988,239109.06,41104.18,0.036019314,0.060988482,7787166.5
13.846518,11.6778965,-2.4749892,-1.3872018,14.726925,1031492.75,117935.9,0.084163904,0.24977325,2487838.8
14.839493,11.523515,-3.1857011,-2.847159,15.496396,2784260.2,101064.555,0.041349243,0.058008894,5370309.5
14.69541,11.843472,-2.5234022,-3.4384353,16.197378,2410656.8,139172.8,0.08018633,0.032114897,10825101.0
14.353585,12.337072,-3.6050248,-1.8181294,15.592065,1712706.2,227993.5,0.02718677,0.16232912,5909459.0
14.084228,11.325492,-2.3312502,-3.0248613,14.56164,1308284.9,82908.42,0.09717418,0.048564553,2108821.5
12.919183,11.124451,-2.878273,-2.0010855,14.856323,408065.4,67809.03,0.05623179,0.13518846,2831517.2
13.609212,10.6676855,-4.1617923,-2.6236742,14.403248,813590.06,42945.43,0.01557961,0.072535865,1799911.1
14.634416,12.085883,-1.5476596,-2.6469114,15.857464,2268015.2,177350.47,0.2127453,0.070869766,7705646.0
13.024582,10.770379,-4.2426615,-4.0294366,16.9016,453423.53,47590.055,0.014369298,0.017784348,21891300.0
14.791722,11.915044,-3.7839403,-3.4766061,16.96022,2654381.8,149498.83,0.02273294,0.030912144,23212938.0
12.651524,11.815475,-1.7297707,-2.8252046,16.423845,312238.8,135330.53,0.17732507,0.059296522,13576424.0
14.239771,11.711349,-1.9095916,-3.3805134,15.368945,1528459.5,121947.82,0.14814088,0.03402998,4727680.0
14.078669,11.855399,-1.9083707,-1.45977,15.060403,1301032.4,140842.72,0.14832185,0.2322897,3472560.8
13.325628,10.662263,-2.547151,-2.8795707,14.122229,612698.5,42713.184,0.07830443,0.056158867,1358957.8
14.223355,11.505795,-3.4165206,-1.2038349,14.582377,1503573.8,99289.445,0.032826453,0.30004138,2153010.0
13.477577,11.03966,-2.304577,-2.551359,14.2712755,713242.8,62296.496,0.099801,0.07797563,1577379.5
12.654188,10.599709,-4.325202,-1.8107508,14.203941,313071.9,40123.14,0.013230877,0.1635313,1474664.9
14.173915,11.394563,-2.2009344,-3.0041142,15.135486,1431044.1,88837.375,0.11069967,0.049582656,3743328.2
14.837105,12.076027,-2.0714538,-3.8319921,15.641218,2777619.5,175611.06,0.12600246,0.02166641,6207186.0
13.061923,11.48979,-1.8452233,-1.414256,14.31017,470674.97,97713.01,0.15799004,0.24310642,1639940.0
13.594969,11.10633,-4.325022,-2.7458782,14.697484,802084.1,66591.34,0.013233256,0.0641919,2415662.2
15.143963,12.624303,-1.4161848,-1.5755744,15.919773,3775196.0,303854.1,0.24263796,0.20688868,8201053.0
14.040678,11.54087,-4.214342,-2.4537232,15.032676,1252532.5,102833.836,0.014782043,0.0859729,3377599.2
14.9215975,12.020369,-2.2554483,-2.6335886,15.401577,3022508.0,166103.86,0.10482653,0.07182027,4884497.5
12.881797,11.169791,-3.434462,-2.6389682,15.275848,393091.16,70954.3,0.03224275,0.07143494,4307414.5
14.028173,11.168079,-4.5701623,-1.8299321,13.948523,1236967.6,70832.94,0.010356279,0.16042446,1142263.8
15.24052,12.4843855,-3.0019753,-2.0249395,15.713636,4157895.0,264179.88,0.04968882,0.13200182,6673375.5
12.876549,10.868178,-3.9198518,-1.3303267,14.324729,391033.6,52479.523,0.019844037,0.2643909,1663990.1
14.580908,11.755516,-2.8213878,-1.4942751,14.68079,2149848.2,127454.67,0.05952328,0.22441122,2375669.8
14.318896,11.118797,-3.4392776,-3.9308813,14.787797,1654312.9,67426.766,0.032087855,0.01962637,2643982.8
13.89242,10.937047,-3.4218488,-3.65092,14.907561,1079944.1,56221.08,0.032652013,0.025967231,2980379.8
14.506352,11.483125,-3.107335,-3.6175952,15.452115,1995394.6,97063.89,0.04471997,0.026847161,5137695.0
13.004969,11.080512,-2.8697014,-3.331358,14.941767,444617.06,64894.105,0.05671586,0.035744533,3084088.5
14.955017,12.029793,-4.551853,-2.905869,15.778518,3125225.8,167676.66,0.01054764,0.054701235,7120708.0
12.433153,11.830298,-2.7012308,-1.7902575,15.346448,250986.17,137351.47,0.06712285,0.16691719,4622508.0
14.848359,12.466691,-1.5132446,-1.2402126,15.474052,2809056.2,259546.47,0.22019437,0.2893227,5251647.5
13.647457,11.871276,-3.2868593,-1.0940171,15.137002,845308.7,143096.7,0.037371036,0.33486858,3749008.5
14.536632,12.183392,-1.9292043,-3.5295277,16.52256,2056737.6,195514.84,0.14526373,0.029318761,14984998.0
14.252689,11.649516,-1.4834447,-3.6575239,15.217937,1548332.9,114635.875,0.22685489,0.02579631,4065053.5
14.171692,11.473438,-3.7129397,-1.4697782,14.662308,1427866.5,96128.23,0.024405671,0.22997649,2332165.5
13.3463745,10.59997,-2.436687,-3.7840717,14.28119,625542.5,40133.63,0.087450095,0.022729954,1593096.1
14.789075,11.814882,-2.4826283,-3.5604932,15.206613,2647363.8,135250.28,0.08352341,0.028424801,4019277.0
14.826629,12.048383,-3.911931,-2.245995,15.29477,2748672.8,170822.92,0.02000184,0.10582219,4389694.5
12.666911,12.234834,-3.1128328,-1.6746207,15.868109,317080.56,205835.73,0.044474788,0.18737923,7788110.0
